order_id,customer_id,order_date,delivery_date,customer_segment,region,country,city,ev_model,battery_capacity_kwh,range_km,charging_type,autopilot_package,purchase_channel,base_price_usd,incentives_usd,final_price_usd,warranty_years,service_plan,customer_age,satisfaction_score,issues_reported,returned,energy_consumption_kwh_per_100km,mileage_after_1_year_km,maintenance_cost_year1_usd
500000,2126,11/4/2023,22-Nov-23,personal,east,THAILAND,bangkok,EcoRide 5,75,422,ac,No,  Dealership  ,50830,0,49930,5,standard,61,7.6,NONE,No,,16640,288.33
500001,2459,15/12/2023,12-19-2023,PERSONAL,SOUTH,  Malaysia  ,  Penang  ,EcoRide 3,,585,dc fast,No,  Online  ,48450,0,48070,5,  Premium  ,,8.6,None,No,15.5,31560,578.76
500002,1860,07-24-2024,08-13-2024,Personal,EAST,  Singapore  ,Singapore,EcoRide 3,60,370,supercharger,No,Dealership,43590,1000,42730,5,  Standard  ,36,7,Other,No,18.9,20700,512.23
500003,2294,30/8/2022,09-18-2022,  Corporate  ,EAST,thailand,,VoltX S,90,514,  AC  ,Yes,Online,32070,2500,27600,5,EXTENDED,65,9.4,none,No,15.5,22090,348.91
500004,2130,2-Jan-22,11/1/2022,Fleet,  South  ,,SINGAPORE,EcoRide 5,60,370,  AC  ,Yes,ONLINE,45580,2500,42830,5,STANDARD,64,8,  Software  ,No,15.6,38740,106.71
500005,2095,13/8/2022,28/8/2022,Corporate,NORTH,  Thailand  ,Chiang Mai,VoltX Pro,75,447,AC,Yes,  Dealership  ,29820,2500,26630,6,  Standard  ,61,6.7,None,No,10.8,28450,610.12
500006,2724,11/3/2024,31-Mar-24,personal,north,Singapore,singapore,EcoRide 5,100,593,  Supercharger  ,Yes,dealership,48970,0,,5,premium,43,8.6,NONE,No,17.3,20000,428.78
500007,2044,12/8/2023,28/8/2023,CORPORATE,EAST,  Malaysia  ,  Shah Alam  ,VoltX Pro,,357,Home Charger,No,Online,38150,5000,33400,7,extended,39,7.8,software,No,17.4,24590,636.85
500008,2638,26/4/2022,16/5/2022,Personal,  East  ,malaysia,JOHOR BAHRU,VoltX Pro,70,440,AC,No,ONLINE,43880,1000,44150,5,  Standard  ,46,7.3,Charging,No,16.6,25860,227.29
500009,1121,7/6/2024,21-Jul-24,  Personal  ,  East  ,malaysia,  Johor Bahru  ,EcoRide 5,50,293,dc fast,Yes,DEALERSHIP,41420,0,39410,3,  Extended  ,44,5,none,No,18.4,27750,514.35
500010,1466,13/7/2022,26/7/2022,Fleet,east,malaysia,JOHOR BAHRU,UrbanEV,80,444,Home Charger,No,DEALERSHIP,48960,2500,45840,7,EXTENDED,67,7.5,  None  ,No,20,14740,493.65
500011,2238,20/5/2024,7-Jun-24,PERSONAL,South,thailand,CHIANG MAI,EcoRide 5,100,603,AC,Yes,  Dealership  ,39470,0,39670,6,  Extended  ,37,7.3,NONE,No,16.9,33410,458.04
500012,1330,31/3/2022,04-19-2022,Corporate,south,INDONESIA,surabaya,VoltX Pro,75,431,  Supercharger  ,Yes,  Dealership  ,46790,2500,45580,3,STANDARD,47,9.4,none,No,18.8,31970,816.09
500013,2482,5/2/2022,12/5/2022,  Personal  ,North,MALAYSIA,  Shah Alam  ,FamilyEV XL,90,504,ac,Yes,Online,46290,1000,44180,4,  Standard  ,55,8.8,Software,No,18.1,15500,
500014,1087,23/5/2022,13/6/2022,FLEET,  South  ,vietnam,HO CHI MINH CITY,EcoRide 3,80,425,dc fast,No,DEALERSHIP,45460,0,44660,5,  Standard  ,50,9.1,none,No,20.2,21900,153.83
500015,2396,20/9/2024,7/10/2024,personal,West,Singapore,SINGAPORE,EcoRide 3,50,319,  DC Fast  ,No,  Online  ,47750,1000,48060,3,  Standard  ,69,3.6,Software,No,18.6,22520,419.85
500016,2123,16-Apr-22,04-27-2022,FLEET,,Vietnam,HANOI,VoltX S,100,626,Supercharger,No,CORPORATE FLEET,36580,1000,37880,5,Extended,56,8.3,BATTERY,No,22.5,23120,177.31
500017,1871,5-Jun-24,17-Jun-24,personal,SOUTH,  Thailand  ,BANGKOK,EcoRide 3,100,656,  AC  ,Yes,  Dealership  ,36840,1000,37550,8,premium,45,5.9,  None  ,No,17.8,27430,783.07
500018,2687,4/3/2023,03-18-2023,PERSONAL,East,THAILAND,CHIANG MAI,UrbanEV,70,420,AC,Yes,dealership,55030,1000,55750,4,Premium,41,5.1,None,No,14.2,19680,549.26
500019,1130,13/11/2022,16/11/2022,,West,malaysia,Penang,VoltX Pro,70,,ac,No,ONLINE,34220,2500,32150,4,STANDARD,53,7.1,none,No,20.8,25020,
500020,2685,27/9/2023,8-Oct-23,personal,  South  ,  Malaysia  ,johor bahru,EcoRide 5,70,,dc fast,No,ONLINE,,0,60290,6,  Extended  ,53,8.1,none,No,18.9,26430,217.86
500021,2332,9/1/2022,26-Jan-22,CORPORATE,NORTH,MALAYSIA,Penang,EcoRide 5,70,367,home charger,No,Dealership,44040,2500,43440,3,premium,46,10,SOFTWARE,No,18.4,25470,534.56
500022,1769,13/2/2024,16-Feb-24,government,NORTH,thailand,BANGKOK,UrbanEV,75,427,Supercharger,Yes,online,,2500,36220,6,  Standard  ,43,9.9,none,No,12.4,25330,709.79
500023,1343,11/8/2022,25/8/2022,PERSONAL,EAST,malaysia,Penang,EcoRide 3,100,592,AC,No,dealership,51030,5000,45020,4,STANDARD,38,6.4,  Software  ,No,21.5,25880,618.31
500024,2515,7/7/2023,12/7/2023,  Personal  ,west,indonesia,Surabaya,VoltX Pro,75,461,home charger,Yes,dealership,41060,5000,36340,5,Extended,63,9.3,NONE,No,20,23510,610.44
500025,2437,17/12/2023,12-30-2023,fleet,east,malaysia,Johor Bahru,EcoRide 3,60,,  AC  ,No,ONLINE,47370,0,,4,Extended,47,6,  None  ,No,17.9,8570,786.84
500026,1805,04-21-2022,25-Apr-22,government,North,indonesia,  Surabaya  ,VoltX S,90,552,dc fast,Yes,Online,53700,0,52930,6,standard,65,10,NONE,No,10,14900,805.68
500027,1385,9/8/2022,26/9/2022,Corporate,North,Malaysia,SHAH ALAM,EcoRide 3,60,414,supercharger,No,DEALERSHIP,49990,2500,48340,5,Standard,26,3.6,SOFTWARE,No,16,12950,521.63
500028,2215,18/1/2023,29-Jan-23,  Personal  ,West,  Malaysia  ,Kuala Lumpur,VoltX S,,544,ac,No,online,47990,5000,42740,7,extended,56,7.1,NONE,No,22.7,14480,617.71
500029,1955,7/1/2022,24-Jan-22,Corporate,west,  Malaysia  ,,EcoRide 5,50,302,AC,Yes,dealership,49580,1000,48760,5,Extended,62,9.5,  Battery  ,No,18.4,15070,842.73
500030,1276,4-Apr-23,04-18-2023,Personal,East,singapore,Singapore,VoltX Pro,60,368,  AC  ,Yes,  Dealership  ,45280,2500,43320,7,EXTENDED,57,7.2,,No,13.4,29260,299.14
500031,2184,27/7/2022,30/7/2022,  Government  ,East,malaysia,Kuala Lumpur,FamilyEV XL,50,,supercharger,Yes,  Online  ,50680,5000,43910,5,premium,31,10,None,No,15.3,31340,595.6
500032,1459,18/6/2024,3/7/2024,GOVERNMENT,North,indonesia,Surabaya,VoltX S,50,307,DC FAST,Yes,  Dealership  ,37490,5000,33730,7,STANDARD,58,7.1,NONE,No,15.8,26500,295.58
500033,2337,22/1/2022,7-Feb-22,PERSONAL,West,MALAYSIA,penang,EcoRide 3,50,275,  DC Fast  ,Yes,dealership,,2500,55010,4,STANDARD,28,9.3,  None  ,No,20.4,15050,425.26
500034,1021,14/2/2023,24/2/2023,PERSONAL,West,Malaysia,Kuala Lumpur,EcoRide 3,70,444,supercharger,Yes,CORPORATE FLEET,43910,0,45190,5,extended,47,8.2,  Software  ,No,12.5,15540,767.62
500035,1252,06-13-2024,06-23-2024,PERSONAL,south,  Indonesia  ,jakarta,EcoRide 5,80,560,Supercharger,No,  Dealership  ,46240,0,42650,5,  Extended  ,44,9,None,No,20.2,17480,331.23
500036,1747,30-May-23,13-Jun-23,Personal,  East  ,  Malaysia  ,  Kuala Lumpur  ,UrbanEV,80,452,Supercharger,Yes,Dealership,,1000,42040,3,premium,46,3.25,NONE,No,19.4,16870,718.09
500037,1856,19-Mar-24,22/3/2024,CORPORATE,  North  ,VIETNAM,Ho Chi Minh City,FamilyEV XL,75,449,DC FAST,Yes,online,49240,0,47380,5,EXTENDED,,5.2,BATTERY,No,23.7,31240,378.54
500038,2584,23/5/2024,6/5/2024,PERSONAL,  North  ,VIETNAM,,UrbanEV,50,273,AC,No,Online,52380,5000,48570,6,Extended,67,3.3,  None  ,No,18.6,12500,719.87
500039,1474,14-Jan-22,24/1/2022,PERSONAL,North,malaysia,Kuala Lumpur,EcoRide 3,70,441,AC,Yes,  Online  ,38060,0,39260,5,EXTENDED,65,7.4,none,No,13.3,24200,792.67
500040,2082,28/8/2024,9/9/2024,  Personal  ,north,Malaysia,SHAH ALAM,UrbanEV,60,378,Supercharger,No,Dealership,44520,0,44890,4,Standard,61,3.85,  Charging  ,No,16.9,13080,318.71
500041,1510,4-Sep-24,25/9/2024,government,South,Malaysia,  Johor Bahru  ,FamilyEV XL,60,324,  Supercharger  ,No,online,46190,0,43550,4,EXTENDED,27,3.65,NONE,No,14,25470,627.59
500042,2705,10/10/2024,23/10/2024,Fleet,,Indonesia,Jakarta,FamilyEV XL,75,411,home charger,No,dealership,48050,2500,45560,4,STANDARD,46,4.8,MOTOR,No,18.2,19320,721.91
500043,2499,1/11/2024,10-Nov-24,PERSONAL,EAST,thailand,chiang mai,VoltX Pro,75 kWh,388,ac,Yes,ONLINE,"42,960",2500,"39,340",8,Standard,44,7,None,No,22.2,"14,150",413.48
500044,1699,03-28-2022,10/4/2022,Personal,south,Thailand,CHIANG MAI,UrbanEV,50,331,ac,No,DEALERSHIP,"41,980",2500,"39,620",5,standard,49,4.05,none,No,14.4,"18,090",613.74
500045,1975,27-Jun-24,16/7/2024,  Government  ,SOUTH,Indonesia,surabaya,VoltX Pro,50,283,  AC  ,Yes,Dealership,51200,5000,46190,5,PREMIUM,,,Motor,No,19.8,25500,260.92
500046,2806,5/2/2022,5/5/2022,  Corporate  ,  North  ,malaysia,  Kuala Lumpur  ,EcoRide 3,60,357,AC,No,  Dealership  ,48560,1000,48600,5,PREMIUM,66,7.4,  Software  ,No,15.1,10600,938.29
500047,1189,20/1/2024,30/1/2024,personal,  East  ,indonesia,  Surabaya  ,EcoRide 3,60,351,  DC Fast  ,Yes,CORPORATE FLEET,46510,0,46350,4,  Standard  ,53,7.3,None,No,12.3,17610,351.01
500048,1957,16/11/2023,11-24-2023,PERSONAL,south,thailand,Bangkok,EcoRide 3,60,384,home charger,No,dealership,53750,5000,50420,4,Extended,34,4.05,  None  ,No,21.8,20690,442.3
500049,1686,5-Nov-22,11-25-2022,personal,South,thailand,Bangkok,EcoRide 5,60,376,  DC Fast  ,Yes,  Online  ,35640,5000,,5,premium,63,6.4,None,No,17.7,12370,473.39
500050,1957,26-Nov-23,12/4/2023,  Personal  ,WEST,  Indonesia  ,jakarta,UrbanEV,80,499,dc fast,No,Dealership,50590,0,140900,6,EXTENDED,61,7.6,none,No,18.5,15330,516.34
500051,1562,15/10/2022,22/10/2022,  Fleet  ,east,Thailand,  Chiang Mai  ,VoltX S,50,,supercharger,No,  Dealership  ,,0,"47,530",7,extended,64,7.4,Software,Yes,19.6,32170 km,589.58
500052,2899,3/11/2022,18/11/2022,  Corporate  ,,Malaysia,JOHOR BAHRU,FamilyEV XL,,314,  AC  ,Yes,dealership,34820,5000,31110,7,STANDARD,44,3.05,none,No,11.9,12740,586.32
500053,2590,2/7/2024,23/7/2024,Personal,  South  ,SINGAPORE,  Singapore  ,VoltX S,60,382,SUPERCHARGER,Yes,DEALERSHIP,53160,1000,53580,7,STANDARD,62,7.7,NONE,No,,18250,278.01
500054,2267,24-Oct-23,3/11/2023,  Corporate  ,NORTH,SINGAPORE,SINGAPORE,EcoRide 3,70,438,dc fast,Yes,  Online  ,49130,1000,45450,4,  Standard  ,47,5,None,No,12.1,25390,250.25
500055,1831,3-Jul-23,14/7/2023,PERSONAL,East,malaysia,johor bahru,UrbanEV,60,329,,Yes,dealership,50060,5000,43860,3,  Premium  ,35,3.5,  None  ,No,15.4,21480,839.67
500056,2528,8-Nov-22,11-27-2022,Corporate,north,VIETNAM,hanoi,VoltX Pro,90 kWh,499,dc fast,Yes,ONLINE,,0,"42,240",4,  Extended  ,,8.5,none,No,20.4,18000 km,731.56
500057,2154,05-22-2024,27/5/2024,  Corporate  ,  South  ,MALAYSIA,Shah Alam,VoltX S,100,669,DC FAST,No,Dealership,50340,2500,49250,5,PREMIUM,53,8.6,none,No,18.3,27490,239.53
500058,2508,18/12/2024,8-Jan-25,  Personal  ,north,THAILAND,BANGKOK,EcoRide 3,100,678,AC,No,Online,39880,0,41140,5,STANDARD,60,8,Battery,No,15.1,7460,579.21
500059,2842,12-Jul-24,25/7/2024,Personal,  West  ,  Singapore  ,Singapore,VoltX S,75,448,AC,No,  Online  ,35580,0,36580,6,  Extended  ,49,8.3,None,No,17.1,26900,662.52
500060,1646,25-Jan-24,13/2/2024,  Fleet  ,North,malaysia,  Shah Alam  ,VoltX S,90,537,dc fast,Yes,DEALERSHIP,44910,2500,43550,5,Extended,63,8.9,None,No,16.6,15350,912.68
500061,1020,2/4/2022,25/2/2022,Personal,west,  Vietnam  ,hanoi,FamilyEV XL,70,424,ac,No,dealership,49730,0,51440,5,  Extended  ,58,4.1,  Motor  ,No,17.9,4110,405.03
500062,1840,21/3/2023,25/3/2023,personal,,INDONESIA,  Surabaya  ,VoltX S,75,467,AC,No,CORPORATE FLEET,52100,2500,50160,5,PREMIUM,56,9.8,BATTERY,No,15.1,37090,704.32
500063,1166,3/4/2022,13-Apr-22,  Personal  ,south,Singapore,singapore,EcoRide 3,100,542,  DC Fast  ,Yes,Online,46050,0,47140,3,standard,65,4.8,None,No,16.6,22260,645.34
500064,2297,12-19-2022,9-Jan-23,government,East,Malaysia,Johor Bahru,FamilyEV XL,70,,dc fast,No,  Dealership  ,45510,0,45940,6,STANDARD,47,9.2,Other,No,17.5,27380,362.32
500065,1387,21-Jun-24,30/6/2024,personal,East,Malaysia,JOHOR BAHRU,EcoRide 3,75,,Supercharger,Yes,dealership,52100,0,53160,7,STANDARD,45,2.35,charging,No,18.3,29530,431.1
500066,1600,11-May-24,30/5/2024,corporate,WEST,,KUALA LUMPUR,EcoRide 5,60,360,  Home Charger  ,No,  Online  ,42660,5000,37180,5,Standard,43,,  None  ,No,17.7,15530,349.74
500067,1315,8-Jun-22,16-Jun-22,  Personal  ,SOUTH,MALAYSIA,Kuala Lumpur,EcoRide 5,60,339,SUPERCHARGER,No,Online,41070,1000,,6,STANDARD,49,9.1,BATTERY,No,12.1,20180,572.13
500068,1013,08-14-2024,9/4/2024,CORPORATE,WEST,Singapore,SINGAPORE,EcoRide 5,70,402,DC FAST,No,Online,56330,1000,54670,5,  Standard  ,47,8.9,None,No,13.2,21750,190.92
500069,1241,01-24-2022,1/2/2022,  Fleet  ,south,vietnam,HO CHI MINH CITY,VoltX S,75,455,SUPERCHARGER,No,Corporate Fleet,43060,1000,41780,4,standard,43,6.5,  None  ,No,18.9,17080,456.4
500070,1776,8/2/2023,12/2/2023,  Corporate  ,west,  Thailand  ,Bangkok,UrbanEV,80 kWh,460,DC FAST,No,Dealership,"51,420",2500,"49,740",3,extended,29,7.9,NONE,No,16.2,"30,320",428.5
500071,2369,15-Mar-24,23/3/2024,  Personal  ,SOUTH,INDONESIA,JAKARTA,EcoRide 3,70,389,AC,No,online,54520,0,56170,4,Extended,43,7.1,NONE,No,,31320,100
500072,1564,31/5/2023,6/7/2023,  Fleet  ,SOUTH,thailand,Bangkok,EcoRide 5,70,461,ac,Yes,  Online  ,46470,5000,40860,5,Standard,59,9.3,none,No,16.2,21090,561.7
500073,1897,1/2/2024,23/1/2024,FLEET,West,Singapore,  Singapore  ,UrbanEV,90 kWh,501,,Yes,  Online  ,"46,850",7500,"41,880",3,STANDARD,36,7.9,  Charging  ,No,16.2,"25,490",635.48
500074,2363,16/6/2023,06-22-2023,  Personal  ,WEST,indonesia,  Surabaya  ,EcoRide 5,50,254,  Supercharger  ,No,DEALERSHIP,57580,1000,56360,6,extended,63,7,  None  ,No,11.7,27980,210.14
500075,1091,08-13-2024,9/1/2024,  Personal  ,East,Singapore,SINGAPORE,EcoRide 5,70,436,Home Charger,No,CORPORATE FLEET,35840,1000,34860,8,  Standard  ,49,8.6,MOTOR,No,22.2,23970,500.53
500076,2390,1-Jun-22,14/6/2022,  Personal  ,  North  ,indonesia,  Surabaya  ,UrbanEV,80,471,dc fast,Yes,DEALERSHIP,35730,5000,31020,3,Standard,,4.45,CHARGING,No,16.7,17970,224.79
500077,1955,4/8/2024,10/8/2024,  Personal  ,south,  Malaysia  ,johor bahru,EcoRide 5,60,359,Home Charger,No,  Online  ,50710,1000,49080,4,extended,36,7.7,  Software  ,No,17,4620,524.43
500078,2478,31/8/2023,15-Sep-23,  Corporate  ,west,malaysia,kuala lumpur,VoltX S,75,455,AC,Yes,Dealership,42140,5000,36640,6,Standard,51,9,NONE,No,17.2,22660,733.84
500079,2451,24-Feb-23,15/3/2023,  Personal  ,WEST,INDONESIA,  Surabaya  ,VoltX S,50,325,DC FAST,No,Corporate Fleet,,0,50730,6,standard,28,10,software,No,19.9,27570,398.45
500080,1508,15-May-24,26-May-24,PERSONAL,  West  ,thailand,Bangkok,FamilyEV XL,75,506,home charger,Yes,dealership,44610,1000,42440,5,STANDARD,43,4.9,NONE,No,,15390,441.21
500081,1775,8/1/2023,7-Aug-23,  Corporate  ,NORTH,indonesia,  Jakarta  ,VoltX S,60,366,ac,Yes,  Corporate Fleet  ,,7500,42510,5,Standard,69,9.8,battery,No,16.8,23200,922.74
500082,2966,12/1/2022,12-17-2022,  Personal  ,  South  ,VIETNAM,  Ho Chi Minh City  ,VoltX Pro,70,387,AC,Yes,online,38830,1000,37750,7,Premium,48,10,NONE,No,14.4,25120,351.01
500083,1034,07-20-2024,10/8/2024,  Personal  ,east,malaysia,Johor Bahru,FamilyEV XL,90,,DC FAST,Yes,dealership,49290,1000,47880,5,,66,,Charging,No,20.7,25160,312.89
500084,1205,22/10/2022,27/10/2022,PERSONAL,WEST,singapore,Singapore,EcoRide 5,80,,supercharger,Yes,Dealership,41490,2500,38340,3,Premium,52,7.5,NONE,No,17.2,22870,498.95
500085,2104,25/1/2024,10/2/2024,GOVERNMENT,North,malaysia,  Johor Bahru  ,VoltX Pro,50,320,ac,Yes,DEALERSHIP,50040,5000,46070,8,Standard,57,2.85,Software,No,18.8,15000,983.31
500086,2955,7/5/2022,15-Jul-22,  Corporate  ,WEST,Thailand,Bangkok,EcoRide 3,80,,dc fast,Yes,  Dealership  ,61550,0,59800,4,  Premium  ,59,4.05,charging,No,13.7,30440,550.68
500087,2585,29/9/2023,2-Oct-23,CORPORATE,East,Indonesia,JAKARTA,UrbanEV,100,578,  AC  ,Yes,Online,39370,5000,34960,3,premium,40,7.4,battery,No,18.9,21690,368.42
500088,2895,14-Jun-23,26/6/2023,Personal,north,  Malaysia  ,  Shah Alam  ,EcoRide 3,80,451,DC FAST,Yes,  Online  ,42520,2500,40170,5,standard,36,5.9,NONE,No,12.7,18240,619.17
500089,2411,21/1/2022,10-Feb-22,Corporate,South,thailand,bangkok,VoltX Pro,80,476,  Home Charger  ,No,CORPORATE FLEET,44110,7500,36890,4,standard,40,7,None,No,15.8,10510,649.01
500090,2025,29/6/2024,17-Jul-24,Personal,South,THAILAND,Chiang Mai,VoltX S,80,432,AC,No,online,47260,2500,43530,8,  Standard  ,35,3.95,none,No,17.4,24830,621.34
500091,2021,16/5/2024,26/5/2024,PERSONAL,EAST,  Malaysia  ,Johor Bahru,EcoRide 5,60,369,ac,Yes,CORPORATE FLEET,28960,2500,25900,5,standard,67,4.2,  None  ,No,22.2,39190,656.54
500092,2413,4-Mar-24,7/3/2024,Personal,north,indonesia,surabaya,FamilyEV XL,80,486,  DC Fast  ,Yes,Dealership,45230,5000,40620,6,standard,52,3.25,NONE,No,19,20350,687.2
500093,1565,10/4/2022,24-Apr-22,FLEET,North,  Thailand  ,  Chiang Mai  ,EcoRide 5,90,546,DC Fast,No,DEALERSHIP,"43,470",0,"42,930",4,extended,47,4.4,None,No,,18590 km,474.29
500094,2129,01-22-2024,1/2/2024,personal,WEST,vietnam,Ho Chi Minh City,VoltX S,80,503,AC,Yes,Corporate Fleet,43520,5000,36980,4,premium,41,7.6,  Software  ,No,18.4,21910,474.29
500095,2795,23/4/2023,5/11/2023,Personal,NORTH,Malaysia,  Johor Bahru  ,EcoRide 5,60,395,  DC Fast  ,No,DEALERSHIP,47060,0,46790,5,STANDARD,43,3.3,None,No,13.7,21470,668.21
500096,2845,28/7/2024,17-Aug-24,PERSONAL,  North  ,Malaysia,  Kuala Lumpur  ,UrbanEV,75,,Home Charger,Yes,dealership,47480,0,47290,7,extended,35,7.3,MOTOR,No,13.7,19430,100
500097,2500,10/6/2023,06-16-2023,PERSONAL,south,singapore,Singapore,UrbanEV,60,362,ac,Yes,ONLINE,,2500,45600,4,extended,28,4.9,  None  ,No,19.3,36530,100
500098,1702,30/11/2022,8-Dec-22,Corporate,east,Malaysia,  Penang  ,UrbanEV,100,585,  AC  ,Yes,  Dealership  ,37460,0,38600,5,  Standard  ,34,7.5,Software,No,14,22310,380.47
500099,1401,2/1/2022,16-Jan-22,Personal,west,  Vietnam  ,Ho Chi Minh City,EcoRide 3,100,622,DC Fast,Yes,  Dealership  ,43250,5000,38390,3,Extended,43,8.6,  None  ,No,12.4,12880,431.37
500100,1729,10/1/2023,21-Jan-23,  Corporate  ,south,  Malaysia  ,Shah Alam,VoltX S,90,540,  DC Fast  ,No,DEALERSHIP,42950,5000,38390,6,extended,60,7.3,Motor,No,14.1,13760,638.86
500101,2579,20/10/2022,11/6/2022,  Personal  ,,INDONESIA,  Jakarta  ,UrbanEV,,582,ac,Yes,dealership,48690,0,49750,7,  Extended  ,67,4.1,  None  ,No,,29970,403.95
500102,1161,16/4/2024,4/5/2024,  Corporate  ,EAST,Singapore,  Singapore  ,VoltX Pro,70,452,DC Fast,No,ONLINE,38240,0,38050,5,Standard,63,3.8,None,No,14.6,23990,734.41
500103,1201,1-Oct-24,10-15-2024,FLEET,  North  ,MALAYSIA,  Kuala Lumpur  ,UrbanEV,60,368,home charger,Yes,Dealership,46350,2500,44390,6,Standard,,5,NONE,No,20.8,19540,528.82
500104,2981,7-Jul-23,23-Jul-23,PERSONAL,north,malaysia,shah alam,FamilyEV XL,75,448,ac,No,Online,56260,5000,49840,3,Extended,46,8.1,None,No,18.3,18960,343.98
500105,1995,14/11/2022,29/11/2022,personal,South,THAILAND,Chiang Mai,EcoRide 3,70,412,DC Fast,Yes,online,,5000,20810,3,Standard,26,6.8,  None  ,No,17.6,26880,752.68
500106,1269,01-16-2023,01-20-2023,Fleet,South,THAILAND,bangkok,VoltX Pro,70,433,ac,Yes,online,43810,0,45520,4,  Extended  ,57,6,Software,No,18.2,16480,555.47
500107,2886,14/1/2022,19/1/2022,Corporate,EAST,Malaysia,Shah Alam,VoltX S,50,310,  DC Fast  ,No,  Online  ,31110,7500,24630,4,  Standard  ,,4.5,NONE,No,18.8,20950,240.31
500108,1815,05-19-2023,31/5/2023,  Personal  ,East,vietnam,Hanoi,VoltX S,80,471,DC Fast,Yes,  Dealership  ,45000,1000,44840,6,STANDARD,51,8.4,Software,No,18.9,27100,652.96
500109,2294,19-Aug-22,08-30-2022,Personal,South,MALAYSIA,SHAH ALAM,FamilyEV XL,70,428,DC FAST,No,  Online  ,50850,1000,48960,5,STANDARD,43,7.1,software,No,14.5,16800,652.76
500110,1455,10/5/2022,20/5/2022,  Corporate  ,north,SINGAPORE,SINGAPORE,UrbanEV,70,398,  DC Fast  ,Yes,ONLINE,41420,0,39900,3,Standard,28,7.8,motor,No,20.8,30900,244.6
500111,2485,17-Apr-24,29/4/2024,Fleet,North,SINGAPORE,SINGAPORE,VoltX Pro,90,556,AC,No,  Online  ,"51,480",1000,,7,STANDARD,43,8.2,  None  ,No,18.9,10540 km,521.45
500112,2750,9/6/2024,30/6/2024,personal,east,MALAYSIA,Kuala Lumpur,FamilyEV XL,75,429,  Supercharger  ,Yes,  Dealership  ,54530,2500,52130,8,PREMIUM,49,5.5,None,No,15.8,22270,620.95
500113,2275,28/1/2022,2/2/2022,PERSONAL,South,VIETNAM,  Ho Chi Minh City  ,VoltX Pro,70,,dc fast,No,dealership,47810,2500,45840,5,STANDARD,30,6.3,None,Yes,19.3,22530,166.99
500114,2016,7/3/2022,14/3/2022,Personal,East,MALAYSIA,  Johor Bahru  ,UrbanEV,100,587,AC,No,dealership,41400,5000,37980,5,  Standard  ,37,6.4,NONE,No,13,7130,711.1
500115,2725,18/9/2022,23/9/2022,Fleet,North,MALAYSIA,SHAH ALAM,UrbanEV,75,,Home Charger,No,  Dealership  ,48750,2500,45050,3,EXTENDED,46,8.7,NONE,Yes,19.6,16800,362.31
500116,1295,5/4/2023,04-23-2023,  Personal  ,  East  ,malaysia,penang,EcoRide 5,80,481,AC,Yes,DEALERSHIP,56770,1000,55200,5,STANDARD,28,10,  None  ,No,17.9,26180,326.97
500117,2748,28-Oct-22,16/11/2022,government,  West  ,Thailand,  Chiang Mai  ,EcoRide 5,100,610,  Supercharger  ,No,  Online  ,35680,2500,34810,5,STANDARD,26,8.9,None,No,10.6,16950,443.18
500118,1719,7/7/2024,24/7/2024,Personal,SOUTH,  Singapore  ,,UrbanEV,90,490,dc fast,No,  Corporate Fleet  ,,0,51170,8,extended,,8.2,  Battery  ,No,23,20150,639.85
500119,2772,10-14-2022,10-19-2022,  Personal  ,  South  ,  Thailand  ,Bangkok,EcoRide 3,100,,dc fast,No,  Online  ,35980,2500,33700,6,  Standard  ,54,6.5,NONE,No,,19150,699.43
500120,1337,30/10/2024,13/11/2024,FLEET,West,Malaysia,PENANG,FamilyEV XL,50,,AC,No,  Online  ,34380,1000,31460,6,standard,28,,none,No,18.7,28820,833.02
500121,1878,09-22-2023,3-Oct-23,Corporate,SOUTH,  Malaysia  ,kuala lumpur,EcoRide 5,50,335,AC,Yes,Dealership,36370,0,36020,4,,67,3.75,none,No,21.2,24400,321.35
500122,2076,27/9/2022,11-Oct-22,corporate,East,indonesia,  Jakarta  ,UrbanEV,80,482,  AC  ,Yes,DEALERSHIP,44720,1000,45690,5,Standard,53,6.5,None,No,10,18850,573.38
500123,1791,15/8/2023,1-Sep-23,PERSONAL,  North  ,Malaysia,JOHOR BAHRU,VoltX Pro,80,473,supercharger,No,  Dealership  ,53840,5000,49390,4,Premium,69,,Battery,No,17.7,16980,636.39
500124,2945,04-23-2024,04-27-2024,CORPORATE,  East  ,indonesia,SURABAYA,FamilyEV XL,100,580,supercharger,No,  Online  ,30920,2500,29740,7,standard,,10,SOFTWARE,No,19.7,28060,596.95
500125,1216,11/5/2024,05-31-2024,fleet,  North  ,MALAYSIA,shah alam,EcoRide 5,90,563,SUPERCHARGER,Yes,Dealership,51930,5000,,4,PREMIUM,37,9.1,MOTOR,No,20.3,23010,304.09
500126,1763,13/5/2022,27/5/2022,PERSONAL,West,  Indonesia  ,  Jakarta  ,EcoRide 3,90,559,HOME CHARGER,Yes,dealership,43930,1000,43460,5,Extended,63,10,software,No,20.7,29050,551.33
500127,1187,29-Aug-24,4/9/2024,personal,  East  ,  Malaysia  ,  Johor Bahru  ,FamilyEV XL,60,328,HOME CHARGER,No,online,37280,7500,28150,3,STANDARD,56,6.9,,Yes,19.8,26320,
500128,1379,28-May-23,15-Jun-23,PERSONAL,west,,Bangkok,FamilyEV XL,70,404,DC FAST,Yes,  Online  ,49140,1000,50210,5,  Standard  ,,7.3,  None  ,No,16,3000,374.37
500129,1492,9/11/2022,27/11/2022,PERSONAL,East,Malaysia,Penang,VoltX S,70,440,supercharger,Yes,  Dealership  ,41680,5000,38310,5,  Premium  ,61,6.7,MOTOR,No,18.4,29510,596.67
500130,2064,30-Jul-23,8/2/2023,CORPORATE,East,MALAYSIA,kuala lumpur,VoltX Pro,70,402,AC,No,online,60810,1000,59060,5,Extended,52,6.7,  Software  ,No,23,22870,
500131,2180,4/6/2024,8/6/2024,  Personal  ,  South  ,malaysia,  Johor Bahru  ,EcoRide 3,75,425,supercharger,No,  Online  ,48490,0,50020,4,standard,51,5,SOFTWARE,No,20.8,23720,229.47
500132,1014,18/11/2023,23/11/2023,  Government  ,West,  Malaysia  ,Kuala Lumpur,EcoRide 3,60,,SUPERCHARGER,No,online,45390,5000,41450,5,STANDARD,49,3.15,software,No,15,7960,626.68
500133,2836,14/6/2022,3-Jul-22,PERSONAL,  West  ,  Malaysia  ,johor bahru,EcoRide 3,100,603,,Yes,online,49540,5000,45190,5,premium,54,7.2,  None  ,No,20.2,18590,522.89
500134,1064,1/11/2022,4/11/2022,Fleet,SOUTH,  Singapore  ,SINGAPORE,VoltX Pro,70,407,DC FAST,Yes,online,,5000,"49,610",8,Standard,30,4.95,Charging,No,21.1,22410 km,121.8
500135,2880,5/6/2022,13/6/2022,  Personal  ,  West  ,THAILAND,chiang mai,EcoRide 3,75,503,Home Charger,No,ONLINE,55090,1000,53990,3,STANDARD,54,4.3,NONE,No,14.4,13020,440.03
500136,2862,9/12/2023,29/9/2023,PERSONAL,  East  ,INDONESIA,,VoltX S,75,446,AC,No,Online,51500,2500,50740,7,Premium,33,3.25,None,No,16.9,31290,524.73
500137,1520,14-Aug-24,30/8/2024,PERSONAL,  East  ,Thailand,Bangkok,EcoRide 5,50,275,DC FAST,Yes,corporate fleet,54640,0,54770,5,  Standard  ,30,3.95,NONE,No,16.1,27230,356.16
500138,2367,11-30-2022,12-17-2022,PERSONAL,  South  ,THAILAND,chiang mai,VoltX Pro,75,401,  AC  ,No,online,53420,0,53890,4,STANDARD,53,5.5,NONE,No,19.8,19190,562.49
500139,2152,26/8/2024,11-Sep-24,FLEET,north,  Singapore  ,SINGAPORE,EcoRide 3,80,513,dc fast,No,DEALERSHIP,51370,5000,48030,6,  Extended  ,47,,none,No,15.8,34700,442.47
500140,1647,26-May-23,2-Jun-23,  Personal  ,North,SINGAPORE,Singapore,UrbanEV,90,500,,Yes,  Corporate Fleet  ,42240,2500,40900,5,  Premium  ,30,,  None  ,No,15.1,24590,705.08
500141,2495,9/11/2024,17-Nov-24,CORPORATE,NORTH,SINGAPORE,singapore,EcoRide 5,75,451,AC,Yes,  Dealership  ,53800,7500,45060,4,  Standard  ,46,8.2,none,No,20.3,31610,554.22
500142,2086,9-Oct-22,28-Oct-22,personal,east,Indonesia,  Jakarta  ,FamilyEV XL,80,452,ac,Yes,online,42000,1000,40420,5,premium,26,,  None  ,No,13.4,16290,880.77
500143,2162,7/3/2024,03-20-2024,personal,  South  ,malaysia,penang,VoltX Pro,80,477,  Home Charger  ,No,online,46840,7500,38520,5,Premium,55,4.55,None,No,17.6,25350,211.62
500144,2522,21/10/2024,8-Nov-24,PERSONAL,  South  ,Malaysia,kuala lumpur,UrbanEV,50,307,DC FAST,Yes,  Dealership  ,42370,2500,40320,6,Standard,30,6.2,Battery,No,14.8,31400,563.97
500145,1592,29/4/2022,13/5/2022,corporate,WEST,  Thailand  ,  Bangkok  ,FamilyEV XL,100,545,  DC Fast  ,No,  Corporate Fleet  ,49720,2500,46740,6,  Standard  ,66,8.2,Software,No,20.3,30290,
500146,1391,24-Nov-24,11/12/2024,  Corporate  ,south,malaysia,johor bahru,UrbanEV,50,291,DC Fast,No,online,53960,1000,52580,5,,29,7.9,None,No,15.2,29060,584.12
500147,2698,17/7/2022,07-23-2022,personal,  South  ,indonesia,SURABAYA,EcoRide 3,75,430,AC,No,  Online  ,42150,5000,36920,5,STANDARD,44,10,BATTERY,No,,30710,761.72
500148,1418,30/4/2023,20-May-23,Personal,NORTH,INDONESIA,  Surabaya  ,VoltX Pro,50,281,  Home Charger  ,Yes,Dealership,35120,5000,30490,3,  Standard  ,36,3.65,  None  ,No,10,32690,213.45
500149,1288,12-18-2024,23-Dec-24,,North,Malaysia,shah alam,EcoRide 3,50,292,SUPERCHARGER,No,Dealership,,1000,50810,5,EXTENDED,62,8.2,  None  ,No,17,5850,621.59
500150,1378,16/4/2024,26/4/2024,government,  West  ,MALAYSIA,  Penang  ,FamilyEV XL,,575,DC Fast,No,DEALERSHIP,52250,2500,50720,4,EXTENDED,62,8.4,none,No,16.5,19020,567.39
500151,2796,5/10/2024,10/10/2024,  Fleet  ,  East  ,SINGAPORE,SINGAPORE,VoltX S,90,571,DC Fast,No,dealership,55950,1000,53860,3,extended,32,6.4,None,No,17.2,9800,318.06
500152,2513,22/11/2023,12/2/2023,  Personal  ,  West  ,Thailand,  Bangkok  ,UrbanEV,70,400,DC FAST,No,online,51260,2500,47280,5,Extended,67,2.85,Battery,No,20.9,9900,737.75
500153,1230,1/11/2024,11-21-2024,fleet,NORTH,Malaysia,penang,VoltX S,75,464,AC,No,Dealership,51420,7500,43270,3,STANDARD,57,7.7,none,No,18.8,18350,512.13
500154,2017,5/5/2023,17-May-23,Personal,east,thailand,Bangkok,FamilyEV XL,100,617,AC,No,Dealership,39980,1000,37960,5,Extended,63,4.5,none,No,18.2,19000,351.44
500155,1040,3/10/2022,10-22-2022,Government,  South  ,Thailand,chiang mai,EcoRide 3,75,405,dc fast,Yes,dealership,50160,2500,47720,5,STANDARD,64,6,none,No,14.8,31530,585.73
500156,2051,11-24-2023,4/12/2023,PERSONAL,north,Malaysia,JOHOR BAHRU,EcoRide 5,75,435,Home Charger,No,dealership,60030,1000,,6,STANDARD,,7.9,  Charging  ,No,23.4,13660,691.17
500157,1134,08-30-2022,12/9/2022,Fleet,North,Malaysia,KUALA LUMPUR,UrbanEV,50,298,AC,No,  Dealership  ,41130,2500,37330,4,Standard,,3.5,  None  ,No,11.5,23250,563.51
500158,1200,6/5/2022,13-May-22,PERSONAL,North,Indonesia,jakarta,EcoRide 5,90,550,  DC Fast  ,No,ONLINE,,5000,30150,5,extended,43,5.1,other,No,13.4,33180,
500159,2863,5-Aug-22,20/8/2022,CORPORATE,SOUTH,Malaysia,  Kuala Lumpur  ,VoltX Pro,50,295,AC,Yes,DEALERSHIP,45980,1000,45160,6,Standard,32,4.15,OTHER,No,14.7,20930,341.16
500160,1779,28-Nov-24,12/5/2024,CORPORATE,NORTH,INDONESIA,jakarta,UrbanEV,80,513,AC,Yes,Dealership,51560,0,52460,8,EXTENDED,54,8.6,,No,17.6,35660,337.26
500161,1929,10/5/2023,05-25-2023,fleet,west,singapore,Singapore,VoltX S,60,363,  DC Fast  ,No,Dealership,46520,5000,,7,extended,55,9,CHARGING,No,17.1,8870,
500162,2056,3-Mar-23,11-Mar-23,fleet,  South  ,  Thailand  ,  Chiang Mai  ,EcoRide 5,60,371,ac,Yes,Online,57490,2500,54900,5,  Standard  ,53,4.6,None,No,14.7,16060,688.64
500163,2071,7/7/2024,14/7/2024,CORPORATE,North,INDONESIA,  Jakarta  ,FamilyEV XL,100,576,  Home Charger  ,No,  Dealership  ,38980,1000,37340,6,  Standard  ,30,7.9,none,Yes,17.5,32800,449.69
500164,1502,05-31-2022,11/6/2022,  Personal  ,NORTH,  Indonesia  ,  Surabaya  ,VoltX Pro,60,371,DC FAST,No,DEALERSHIP,34390,0,34240,5,  Standard  ,26,4.3,Other,No,20.5,17260,966.98
500165,1406,19/1/2023,6/2/2023,,East,  Malaysia  ,Shah Alam,UrbanEV,100,677,AC,No,dealership,55000,0,56760,5,Premium,47,4.15,NONE,No,17.2,20320,452.34
500166,2597,4/11/2022,8/11/2022,personal,NORTH,MALAYSIA,  Kuala Lumpur  ,FamilyEV XL,70,435,  DC Fast  ,Yes,dealership,35140,1000,36640,5,,68,4.1,  None  ,No,13.2,33700,485.02
500167,2751,01-16-2024,01-19-2024,Government,  West  ,  Indonesia  ,JAKARTA,VoltX Pro,50,322,Supercharger,Yes,online,47220,2500,44270,5,  Standard  ,,5.8,none,No,16.7,26650,420.88
500168,1804,10-Jun-24,20-Jun-24,Personal,  West  ,SINGAPORE,singapore,VoltX S,80 kWh,471,  AC  ,No,  Online  ,"54,810",1000,"53,300",4,Premium,62,6.9,software,No,14.5,10490 km,476.54
500169,1098,10/1/2023,31/1/2023,  Corporate  ,North,,JOHOR BAHRU,FamilyEV XL,80,510,dc fast,No,DEALERSHIP,46510,2500,44440,6,Standard,63,,None,No,12.8,26320,492.28
500170,1683,28/10/2024,10/11/2024,FLEET,South,VIETNAM,Ho Chi Minh City,UrbanEV,60,384,  Supercharger  ,No,Corporate Fleet,"40,110",0,"40,230",7,Extended,33,8.4,NONE,No,17.1,"17,050",616.11
500171,2895,9/5/2022,23/5/2022,  Personal  ,  North  ,  Malaysia  ,KUALA LUMPUR,VoltX Pro,90,549,  AC  ,No,Online,53910,0,54590,4,  Extended  ,31,,charging,No,14.3,18550,461.1
500172,1725,11/10/2024,25/10/2024,Personal,EAST,  Malaysia  ,  Johor Bahru  ,EcoRide 3,70,418,  Home Charger  ,No,ONLINE,46200,0,46080,6,STANDARD,68,9,None,No,16,21350,621.3
500173,2570,10-31-2023,11/9/2023,Personal,South,Malaysia,PENANG,UrbanEV,100,540,AC,Yes,CORPORATE FLEET,"43,450",2500,"40,770",5,  Standard  ,39,8.3,  None  ,No,18.3,"17,950",180.62
500174,1960,1-Jun-23,16/6/2023,personal,  South  ,THAILAND,bangkok,UrbanEV,70,,ac,No,dealership,56500,1000,55940,5,extended,39,8.7,None,No,18,25430,375.19
500175,2762,27/3/2022,4/6/2022,PERSONAL,  North  ,THAILAND,Chiang Mai,UrbanEV,,374,DC FAST,Yes,DEALERSHIP,"42,370",7500,"35,110",5,standard,45,10,  None  ,No,20.6,"15,900",435.93
500176,1612,7/11/2022,11-18-2022,personal,EAST,malaysia,Shah Alam,UrbanEV,100,569,AC,Yes,ONLINE,40800,1000,39320,7,standard,38,8.6,NONE,No,11.8,24130,449.01
500177,2966,3/3/2023,12-Mar-23,  Corporate  ,south,MALAYSIA,KUALA LUMPUR,EcoRide 3,100,549,Supercharger,No,dealership,38680,1000,37800,5,Extended,35,7.9,none,No,16.4,27300,133.32
500178,2485,04-24-2022,11/5/2022,GOVERNMENT,NORTH,malaysia,  Kuala Lumpur  ,FamilyEV XL,60 kWh,362,dc fast,No,Dealership,"53,510",1000,"52,640",6,  Standard  ,35,4.35,software,No,20,21540 km,679
500179,1642,30-Oct-22,3-Nov-22,  Personal  ,East,  Thailand  ,chiang mai,FamilyEV XL,50,305,ac,No,Dealership,47990,1000,44230,5,Premium,44,9.2,software,No,12,22480,206.22
500180,2792,14-Jan-24,01-28-2024,  Personal  ,east,,,FamilyEV XL,90,491,home charger,Yes,Online,41590,5000,36530,6,Standard,37,10,  None  ,No,16.5,22630,373.66
500181,2028,11/8/2023,14-Aug-23,personal,West,  Vietnam  ,HO CHI MINH CITY,VoltX S,70,421,SUPERCHARGER,Yes,DEALERSHIP,34930,5000,30830,6,STANDARD,69,6.4,charging,No,17.6,22900,494.39
500182,2241,13/9/2024,23/9/2024,  Fleet  ,north,MALAYSIA,Shah Alam,EcoRide 3,80,489,DC FAST,Yes,ONLINE,54860,0,54420,6,  Extended  ,54,,  None  ,No,13.7,21280,908.42
500183,1502,11/12/2022,12-18-2022,CORPORATE,  West  ,VIETNAM,Hanoi,EcoRide 3,60,,DC Fast,No,ONLINE,41690,2500,38450,8,  Premium  ,64,8.3,none,No,15,20940,489.41
500184,1766,24-Mar-24,10/4/2024,Personal,EAST,MALAYSIA,  Kuala Lumpur  ,VoltX Pro,50,290,ac,Yes,  Dealership  ,32270,2500,29030,4,extended,63,5.8,CHARGING,No,13.4,21150,589.68
500185,1397,11/3/2024,03-14-2024,  Personal  ,  North  ,,JAKARTA,EcoRide 5,80,547,,No,online,45610,7500,38440,5,standard,44,7.6,,Yes,17.8,23300,203.19
500186,1870,21-Oct-24,24/10/2024,CORPORATE,  East  ,Malaysia,johor bahru,FamilyEV XL,70,422,Supercharger,No,Online,52230,1000,50240,5,PREMIUM,69,10,  Software  ,No,10,18970,332.99
500187,1794,12/12/2024,24/12/2024,FLEET,SOUTH,Malaysia,SHAH ALAM,EcoRide 5,60,331,AC,No,  Online  ,50040,0,50280,5,Standard,67,8,none,No,14.7,20970,360.85
500188,1392,12-28-2024,9-Jan-25,personal,west,Indonesia,  Jakarta  ,VoltX Pro,100,587,  DC Fast  ,No,Dealership,"45,570",2500,"43,230",6,standard,62,4,none,No,14.8,28940 km,393.27
500189,1206,12-27-2022,13-Jan-23,Fleet,  North  ,INDONESIA,Surabaya,EcoRide 3,90,,DC FAST,No,Online,41910,1000,39580,3,,32,7.4,  Battery  ,No,19.7,36050,703.38
500190,2038,10/6/2024,10-25-2024,personal,  East  ,  Singapore  ,SINGAPORE,VoltX Pro,60,356,  AC  ,No,  Dealership  ,41080,5000,37030,6,STANDARD,61,10,none,No,12.3,39230,390.28
500191,2881,5-Dec-23,12-13-2023,  Personal  ,South,  Thailand  ,  Chiang Mai  ,UrbanEV,90,557,  Supercharger  ,No,Dealership,53930,5000,50180,6,  Extended  ,,8.6,  None  ,No,20.9,22940,
500192,2577,29/7/2023,3/8/2023,Corporate,WEST,THAILAND,CHIANG MAI,VoltX Pro,50,305,AC,Yes,DEALERSHIP,31330,0,31580,3,Premium,57,7.3,None,No,19.2,14780,345.87
500193,1891,19-Nov-23,4/12/2023,CORPORATE,South,  Indonesia  ,SURABAYA,VoltX Pro,50,277,AC,No,Dealership,38360,5000,33400,5,Standard,,10,  None  ,No,20.1,20300,444.09
500194,2484,20/2/2024,9/3/2024,personal,west,MALAYSIA,  Johor Bahru  ,UrbanEV,70,385,  AC  ,No,  Dealership  ,,5000,"38,830",4,extended,68,8.3,Charging,No,15.7,"23,020",100
500195,2714,8/8/2023,18-Aug-23,Corporate,West,singapore,singapore,EcoRide 5,90,555,DC FAST,Yes,online,31040,5000,25580,6,Standard,63,7.4,charging,No,15.7,29580,485.82
500196,2598,8/12/2023,08-29-2023,PERSONAL,south,  Singapore  ,SINGAPORE,UrbanEV,60,375,AC,No,Online,"43,470",5000,140900,3,Premium,32,4.9,  Battery  ,No,14.6,"16,980",497.24
500197,1863,4/5/2023,23-May-23,Corporate,West,MALAYSIA,Johor Bahru,VoltX S,50,290,home charger,No,  Dealership  ,36410,2500,34650,4,EXTENDED,42,8.2,NONE,No,18.7,21130,461.19
500198,1742,28/8/2024,09-16-2024,PERSONAL,West,  Indonesia  ,JAKARTA,VoltX Pro,60,299,SUPERCHARGER,Yes,CORPORATE FLEET,48320,0,48890,4,,63,7.3,None,No,15.9,14920,893.08
500199,2264,9/5/2023,24-May-23,  Corporate  ,  South  ,  Malaysia  ,,VoltX Pro,70,388,  AC  ,No,Online,40990,5000,34020,3,standard,38,7.5,Software,No,14.6,33660,486.96
500200,1563,19/1/2022,2/7/2022,Corporate,South,MALAYSIA,  Penang  ,EcoRide 5,90,576,  Supercharger  ,Yes,dealership,42200,1000,39720,5,  Extended  ,42,7.4,None,No,15.9,25800,100
500201,2020,1/2/2023,9/2/2023,  Personal  ,  East  ,Thailand,  Bangkok  ,EcoRide 3,60,342,SUPERCHARGER,Yes,  Corporate Fleet  ,40500,0,39670,7,  Extended  ,45,5.3,NONE,No,,19520,256.1
500202,1095,09-27-2024,16/10/2024,,SOUTH,thailand,,UrbanEV,,469,ac,No,Dealership,49730,1000,48270,5,Standard,47,10,Charging,No,13.2,22450,491.38
500203,2923,30/4/2024,18/5/2024,CORPORATE,  North  ,malaysia,Kuala Lumpur,EcoRide 3,60,373,AC,No,online,44520,2500,42450,4,standard,28,7,  None  ,No,14.1,12550,484.09
500204,2757,1-Apr-24,17/4/2024,CORPORATE,  North  ,MALAYSIA,Penang,VoltX S,75,441,ac,No,DEALERSHIP,51620,1000,50080,5,Extended,34,9,Battery,No,21,25180,337.42
500205,1484,03-31-2023,15/4/2023,PERSONAL,south,Vietnam,  Hanoi  ,UrbanEV,75,492,AC,Yes,  Online  ,53460,5000,48880,5,STANDARD,67,3.85,  None  ,No,14.3,24700,
500206,2430,12-26-2023,3/1/2024,corporate,SOUTH,  Malaysia  ,  Kuala Lumpur  ,VoltX S,100,585,Supercharger,No,dealership,42990,2500,42090,5,Premium,35,3.9,Software,No,21.3,9600,777.14
500207,1230,24/12/2024,29-Dec-24,  Corporate  ,north,  Thailand  ,Chiang Mai,VoltX S,70,396,dc fast,Yes,  Online  ,40120,1000,38540,5,STANDARD,44,7.8,  None  ,No,15.4,16890,
500208,1748,12/12/2023,28-Dec-23,Personal,  West  ,  Thailand  ,chiang mai,VoltX S,70,453,home charger,No,dealership,42070,0,41150,6,  Extended  ,43,8.2,charging,No,12.9,19910,725.04
500209,2678,23-May-22,8-Jun-22,,East,,SINGAPORE,FamilyEV XL,70,421,supercharger,No,Corporate Fleet,63630,1000,61500,5,standard,25,7.2,None,No,21.1,19980,374.36
500210,2194,5/7/2024,07-22-2024,  Personal  ,north,vietnam,Hanoi,UrbanEV,80,445,  AC  ,No,corporate fleet,"40,680",0,"39,650",6,EXTENDED,55,5,,No,22.2,"18,450",640.04
500211,1540,7-Apr-24,17/4/2024,Personal,east,thailand,BANGKOK,UrbanEV,90 kWh,557,supercharger,Yes,  Dealership  ,"43,780",1000,"43,330",5,Premium,26,10,,No,15.3,22890 km,100
500212,2059,28-Aug-23,09-14-2023,  Personal  ,EAST,  Singapore  ,singapore,FamilyEV XL,80 kWh,471,AC,No,online,"46,500",0,"47,260",3,  Extended  ,65,8.4,battery,No,20.3,31760 km,
500213,1524,1/11/2022,11-16-2022,  Fleet  ,west,THAILAND,Chiang Mai,EcoRide 5,100,554,ac,No,online,,5000,44460,7,  Extended  ,29,4.3,charging,No,,25350,389.72
500214,2183,1/6/2024,25/1/2024,FLEET,NORTH,  Thailand  ,  Chiang Mai  ,FamilyEV XL,60,362,dc fast,Yes,dealership,45720,2500,42170,4,  Extended  ,58,6.3,NONE,No,17.5,30250,449.74
500215,2862,18-Oct-22,23/10/2022,Personal,north,thailand,BANGKOK,VoltX Pro,50,297,  AC  ,Yes,dealership,57420,2500,54540,5,Extended,28,6.3,NONE,No,17.9,24550,523.07
500216,2722,4/12/2022,20/4/2022,government,  West  ,INDONESIA,SURABAYA,EcoRide 3,90,,AC,No,  Online  ,46650,1000,45270,7,Standard,51,7,Motor,No,17.1,19770,465.76
500217,2266,16-May-24,05-23-2024,personal,  West  ,Malaysia,JOHOR BAHRU,EcoRide 3,75,418,  Supercharger  ,No,  Online  ,43960,0,45680,4,premium,,10,none,No,17.3,20760,274.49
500218,2109,25/8/2024,13/9/2024,PERSONAL,  East  ,MALAYSIA,PENANG,VoltX S,75,506,HOME CHARGER,Yes,CORPORATE FLEET,"51,690",2500,"49,490",3,extended,27,3.6,software,No,17,"27,620",351.12
500219,2819,08-31-2024,4-Sep-24,PERSONAL,West,MALAYSIA,JOHOR BAHRU,UrbanEV,,603,  AC  ,Yes,Dealership,38790,2500,36400,5,STANDARD,50,10,None,No,15.3,25780,603.65
500220,1577,21/4/2024,8/5/2024,fleet,NORTH,MALAYSIA,  Kuala Lumpur  ,UrbanEV,75,490,AC,No,online,48770,0,49050,4,STANDARD,65,6.9,BATTERY,No,14.9,31330,570.92
500221,1681,08-19-2024,26-Aug-24,CORPORATE,EAST,malaysia,KUALA LUMPUR,VoltX S,100,612,DC Fast,Yes,ONLINE,42400,0,41970,5,Standard,25,6.6,none,No,13.6,22050,818.56
500222,1556,30-Jul-24,7-Aug-24,fleet,north,  Indonesia  ,Surabaya,VoltX Pro,60,390,supercharger,No,Dealership,54000,5000,49400,6,standard,40,7.2,Software,No,11.3,12230,562.48
500223,2597,23-Oct-24,31/10/2024,Corporate,North,THAILAND,CHIANG MAI,EcoRide 3,60,,AC,Yes,dealership,54540,1000,53060,5,  Premium  ,59,7.2,NONE,Yes,16.7,20640,797.6
500224,2976,03-26-2022,15-Apr-22,personal,west,THAILAND,chiang mai,FamilyEV XL,70,394,HOME CHARGER,No,Dealership,43780,0,45210,5,  Extended  ,43,6.9,NONE,No,14.5,11550,210.47
500225,2012,24/11/2022,14-Dec-22,  Personal  ,North,  Thailand  ,CHIANG MAI,EcoRide 5,50,312,Supercharger,No,  Corporate Fleet  ,38910,0,38040,6,  Standard  ,40,10,None,No,12.1,21060,618.14
500226,1645,26/3/2024,4/1/2024,Personal,south,  Indonesia  ,SURABAYA,VoltX Pro,70,393,DC Fast,No,Dealership,31960,5000,27150,6,Standard,57,7.9,  Battery  ,Yes,14.5,13780,651.51
500227,1795,30-Mar-23,18/4/2023,PERSONAL,West,Singapore,Singapore,UrbanEV,60,382,  Home Charger  ,No,CORPORATE FLEET,46580,5000,42250,6,Standard,55,7.7,,No,15.4,21350,596.97
500228,2051,21/9/2023,7/10/2023,Personal,NORTH,  Indonesia  ,surabaya,VoltX S,80,487,  Home Charger  ,Yes,  Dealership  ,30070,1000,28990,8,  Standard  ,,8,None,No,15.4,23030,259.87
500229,2643,27/10/2023,12-Nov-23,  Fleet  ,WEST,  Malaysia  ,  Kuala Lumpur  ,EcoRide 3,70,421,AC,Yes,DEALERSHIP,44400,0,44530,5,STANDARD,68,9.4,BATTERY,No,21.2,21150,563.49
500230,2579,1/12/2022,27/1/2022,  Personal  ,WEST,vietnam,Ho Chi Minh City,VoltX S,90,524,  AC  ,Yes,dealership,41070,1000,39870,3,Premium,44,8,NONE,No,15.2,20070,
500231,2363,10-31-2022,9-Nov-22,Corporate,East,thailand,bangkok,UrbanEV,60,379,SUPERCHARGER,No,ONLINE,48910,1000,47000,5,STANDARD,30,8.5,  Charging  ,No,21.3,19310,615.69
500232,2821,1/9/2024,15/9/2024,Personal,  North  ,Malaysia,shah alam,VoltX S,60,356,Home Charger,No,online,44900,1000,45630,6,STANDARD,59,4.75,  Software  ,No,14.7,29930,482.62
500233,2981,02-22-2024,10-Mar-24,PERSONAL,SOUTH,  Thailand  ,chiang mai,FamilyEV XL,80,419,supercharger,No,  Dealership  ,"41,040",1000,"39,680",4,standard,63,6.4,NONE,No,18.4,23970 km,386.21
500234,2354,12/2/2022,5-Mar-22,fleet,SOUTH,singapore,  Singapore  ,EcoRide 3,80,425,DC Fast,Yes,Online,50940,0,49630,6,  Premium  ,,6.7,NONE,No,14,11360,956.33
500235,2663,8/1/2024,08-14-2024,PERSONAL,South,  Malaysia  ,  Johor Bahru  ,VoltX S,80,439,supercharger,Yes,  Dealership  ,37360,5000,31640,5,,56,8.2,Software,No,22.1,22930,351.33
500236,2529,12/9/2022,26-Dec-22,CORPORATE,South,Thailand,chiang mai,EcoRide 3,50,316,AC,Yes,  Dealership  ,48940,2500,47770,7,Standard,37,6.9,none,No,20.7,32620,555.88
500237,2371,05-13-2023,05-27-2023,Fleet,West,malaysia,SHAH ALAM,VoltX S,90,,Home Charger,Yes,DEALERSHIP,59440,5000,56720,6,,38,7.7,  Charging  ,No,19.2,18770,610.37
500238,2496,30/12/2022,4/1/2023,  Personal  ,NORTH,Malaysia,  Kuala Lumpur  ,VoltX S,60,368,DC Fast,No,online,51760,2500,49630,6,  Premium  ,65,3.15,none,No,22.9,19310,441.34
500239,2254,9-Jun-24,28-Jun-24,,  East  ,  Vietnam  ,hanoi,EcoRide 3,80,490,HOME CHARGER,Yes,Dealership,"42,160",7500,"35,450",7,  Standard  ,32,6.7,none,No,19.6,"26,420",727.83
500240,1189,3/3/2023,8/3/2023,PERSONAL,North,Thailand,BANGKOK,FamilyEV XL,50,329,dc fast,Yes,DEALERSHIP,37870,7500,,7,  Extended  ,,9.7,None,No,18.3,16010,672.64
500241,2248,1/10/2024,22-Oct-24,personal,EAST,  Indonesia  ,surabaya,VoltX S,75,460,home charger,Yes,Online,51540,1000,49580,5,STANDARD,69,,  Other  ,No,12.9,200000,162.66
500242,2408,21/1/2022,01-27-2022,FLEET,  West  ,THAILAND,CHIANG MAI,FamilyEV XL,90,563,  AC  ,No,Corporate Fleet,,1000,35820,7,extended,38,7.3,software,No,10,11050,623.79
500243,2400,11/2/2023,16-Feb-23,Personal,  South  ,  Malaysia  ,JOHOR BAHRU,VoltX Pro,100,,SUPERCHARGER,No,Dealership,45040,5000,41870,3,Standard,35,6.8,  None  ,No,13.1,26760,854.58
500244,2306,11-Sep-23,09-29-2023,  Corporate  ,NORTH,Singapore,Singapore,EcoRide 5,100,582,Home Charger,No,Corporate Fleet,50070,5000,45910,6,PREMIUM,59,6.7,  Other  ,No,11.9,28090,
500245,2981,11/10/2024,25/10/2024,CORPORATE,East,thailand,Bangkok,VoltX Pro,,442,DC Fast,Yes,online,37940,5000,,5,premium,60,3.2,  None  ,No,14.6,17900,224.52
500246,1632,12/2/2022,12/12/2022,Government,East,vietnam,Hanoi,EcoRide 5,75,512,  Supercharger  ,No,Online,"37,550",2500,"35,410",5,  Standard  ,27,,Software,No,20.3,"13,920",439.57
500247,1627,3-Feb-23,22/2/2023,Personal,EAST,MALAYSIA,Johor Bahru,VoltX Pro,60,334,AC,No,dealership,35770,1000,36630,6,Standard,49,6.9,BATTERY,Yes,13.8,28090,493.57
500248,1972,3/3/2024,12-Mar-24,  Personal  ,SOUTH,  Indonesia  ,Jakarta,EcoRide 5,50,306,DC FAST,Yes,dealership,56160,1000,55310,5,  Standard  ,37,7.8,CHARGING,No,15.6,21120,506.29
500249,2768,16/12/2023,29-Dec-23,corporate,  South  ,vietnam,ho chi minh city,VoltX S,50,270,HOME CHARGER,Yes,Online,56890,1000,54970,5,premium,40,9,none,No,17.2,7950,709.44
500250,2282,20/2/2022,12-Mar-22,Personal,,Thailand,  Chiang Mai  ,EcoRide 3,75,,ac,Yes,corporate fleet,56790,5000,52400,4,,52,7.9,NONE,No,17.3,24600,361.2
500251,2382,20-Nov-22,23/11/2022,personal,WEST,VIETNAM,HANOI,EcoRide 3,,568,Supercharger,No,Dealership,57720,7500,49320,7,,69,6.5,BATTERY,No,15.2,24040,606.2
500252,1709,28-Feb-24,4/3/2024,personal,  South  ,  Malaysia  ,kuala lumpur,UrbanEV,70,369,  Supercharger  ,Yes,DEALERSHIP,,0,39840,5,  Standard  ,51,7.2,NONE,No,20.6,31720,654.13
500253,2479,05-21-2022,27/5/2022,personal,WEST,vietnam,  Hanoi  ,EcoRide 5,75,477,  AC  ,No,DEALERSHIP,32310,2500,29340,4,  Extended  ,34,7.1,,No,17.1,27880,520.49
500254,2434,15/4/2023,30/4/2023,Personal,South,Thailand,BANGKOK,UrbanEV,60 kWh,409,AC,Yes,Online,,2500,"54,400",5,  Standard  ,42,7,Software,No,17.5,28270 km,375.19
500255,1648,26/2/2024,3/5/2024,corporate,  South  ,  Malaysia  ,Johor Bahru,FamilyEV XL,75,461,  DC Fast  ,No,  Corporate Fleet  ,51500,1000,49650,5,  Extended  ,32,7.4,Battery,No,24.4,15860,268.66
500256,1317,21/8/2024,9/6/2024,corporate,  North  ,Vietnam,HO CHI MINH CITY,FamilyEV XL,90,585,ac,Yes,dealership,50940,5000,46350,5,premium,31,4.65,NONE,No,22.2,12530,192.81
500257,2700,10/4/2024,11-Oct-24,Personal,  South  ,singapore,Singapore,UrbanEV,90,549,Home Charger,No,  Online  ,37720,2500,34870,4,  Extended  ,,9,none,No,17.1,25590,206.02
500258,2248,8/1/2023,01-26-2023,PERSONAL,EAST,Singapore,  Singapore  ,EcoRide 5,75,471,Supercharger,No,online,45680,1000,45500,5,standard,62,10,  None  ,No,,22130,178.08
500259,2842,9/5/2023,05-26-2023,personal,North,THAILAND,Bangkok,EcoRide 3,50,3000,DC Fast,No,DEALERSHIP,"46,110",1000,"45,150",8,Standard,33,3.35,SOFTWARE,No,14.2,"26,520",804.92
500260,2257,21/1/2024,7/2/2024,Corporate,south,Malaysia,PENANG,EcoRide 5,75,435,  AC  ,Yes,Online,44560,1000,43410,7,STANDARD,66,6.3,software,No,10.7,22880,463.76
500261,1683,10-18-2022,10-24-2022,  Personal  ,west,Singapore,  Singapore  ,FamilyEV XL,80,461,SUPERCHARGER,Yes,Corporate Fleet,39050,1000,37940,7,  Standard  ,,7.4,charging,No,19,32110,908.53
500262,1663,16-Apr-22,26/4/2022,  Corporate  ,  East  ,INDONESIA,JAKARTA,VoltX S,80,,dc fast,No,  Corporate Fleet  ,31690,0,33150,6,STANDARD,63,9.7,SOFTWARE,No,13.8,18980,573.69
500263,2998,11/1/2023,11-19-2023,  Personal  ,east,  Malaysia  ,kuala lumpur,UrbanEV,70,419,ac,Yes,Dealership,39730,0,40610,4,extended,53,2.4,SOFTWARE,No,18.7,22290,
500264,2850,2/1/2022,20/1/2022,fleet,west,malaysia,SHAH ALAM,UrbanEV,60,357,  DC Fast  ,No,  Dealership  ,,2500,21070,5,EXTENDED,61,8.2,NONE,No,23.4,17570,460.38
500265,2397,12/8/2023,18-Aug-23,  Personal  ,NORTH,malaysia,Johor Bahru,FamilyEV XL,60,356,  Home Charger  ,No,  Dealership  ,42110,2500,,6,Standard,66,7.5,  None  ,No,11.4,15880,625.19
500266,2695,6/10/2023,21-Oct-23,CORPORATE,EAST,SINGAPORE,Singapore,EcoRide 5,100,612,  AC  ,No,ONLINE,40700,2500,38300,4,extended,53,8.9,software,No,10.2,31270,562.2
500267,2631,31/3/2022,15/4/2022,Personal,WEST,Thailand,chiang mai,UrbanEV,50,276,dc fast,Yes,DEALERSHIP,36830,5000,29650,3,  Standard  ,52,4.3,  None  ,No,14.2,21210,412.69
500268,2495,12-16-2022,20/12/2022,  Fleet  ,East,indonesia,SURABAYA,EcoRide 3,60,356,,No,ONLINE,47810,5000,43240,5,  Premium  ,45,8.9,  Other  ,No,19.4,39260,677.7
500269,2256,28-Nov-24,3/12/2024,PERSONAL,SOUTH,Vietnam,Ho Chi Minh City,UrbanEV,70,3000,AC,No,dealership,42600,5000,36750,5,standard,57,4.35,CHARGING,No,20.8,12600,289.4
500270,2715,27/6/2024,7/7/2024,  Corporate  ,North,  Thailand  ,chiang mai,EcoRide 5,80,439,home charger,No,ONLINE,43100,1000,41370,3,standard,50,10,NONE,No,19.4,22680,534.29
500271,2136,8/6/2022,06-25-2022,  Corporate  ,West,Malaysia,johor bahru,FamilyEV XL,50,304,  DC Fast  ,Yes,online,54740,0,54040,5,  Standard  ,62,10,NONE,No,,23120,
500272,2853,08-16-2024,29/8/2024,Personal,South,VIETNAM,  Hanoi  ,EcoRide 3,90,508,ac,No,Online,42750,1000,43010,7,  Extended  ,39,9.2,None,Yes,17.1,30730,424.85
500273,2520,8/11/2022,11-19-2022,corporate,West,indonesia,surabaya,EcoRide 3,,490,  AC  ,No,  Dealership  ,48180,2500,46290,4,STANDARD,26,7.3,Software,Yes,17.4,15830,598.59
500274,1441,21/3/2023,30/3/2023,FLEET,EAST,THAILAND,  Bangkok  ,UrbanEV,70,480,  AC  ,No,Dealership,37420,5000,31970,5,  Standard  ,36,7.4,software,No,20.6,17830,473.92
500275,1563,25-Oct-22,9/11/2022,PERSONAL,East,Thailand,,EcoRide 5,50,298,AC,Yes,Online,46790,2500,43730,5,Standard,57,9.7,none,No,15.1,12100,539.16
500276,2291,9/8/2024,13/8/2024,personal,  West  ,vietnam,HANOI,UrbanEV,75,418,ac,No,dealership,44280,2500,41940,7,standard,,4.9,  Charging  ,No,17.1,32260,582.74
500277,2533,5/2/2022,02-15-2022,PERSONAL,East,THAILAND,  Chiang Mai  ,VoltX S,60,366,  AC  ,No,  Online  ,45650,2500,44750,6,,69,6.7,battery,No,13.5,9950,440.27
500278,2830,13-Jul-23,22-Jul-23,  Corporate  ,south,  Malaysia  ,Shah Alam,FamilyEV XL,70,433,ac,Yes,Dealership,36430,2500,33670,4,STANDARD,25,5,  None  ,No,18.1,22850,777.13
500279,2409,6/9/2024,23/6/2024,CORPORATE,EAST,thailand,Chiang Mai,VoltX S,50,,supercharger,No,Dealership,37090,7500,27730,4,EXTENDED,57,5.3,NONE,No,17.1,39480,
500280,2410,05-21-2022,11/6/2022,,,Malaysia,Johor Bahru,EcoRide 3,80,425,  Supercharger  ,No,  Online  ,42580,5000,37750,5,  Extended  ,28,9.8,None,No,24.8,29960,610.08
500281,2136,6/5/2024,14/6/2024,PERSONAL,South,Malaysia,PENANG,UrbanEV,50,281,  Home Charger  ,No,  Online  ,54310,5000,49580,3,Standard,52,5,none,No,12.6,30620,726.58
500282,2636,12-27-2023,1/8/2024,corporate,south,SINGAPORE,Singapore,VoltX S,75 kWh,449,DC Fast,No,  Corporate Fleet  ,"34,920",2500,"32,790",5,PREMIUM,38,4,  None  ,No,19.8,"34,000",617.7
500283,2648,15/11/2024,3/12/2024,  Corporate  ,North,Malaysia,SHAH ALAM,VoltX Pro,70,407,HOME CHARGER,Yes,DEALERSHIP,56760,1000,55720,5,  Standard  ,69,8.5,None,No,15.5,23210,309.5
500284,1951,5-Jun-23,10/6/2023,personal,West,Malaysia,Kuala Lumpur,VoltX S,50,322,AC,No,ONLINE,40050,0,40190,4,  Standard  ,36,10,  Motor  ,No,19.5,23170,
500285,2104,1/10/2022,01-22-2022,  Government  ,North,Malaysia,johor bahru,UrbanEV,90,559,ac,No,DEALERSHIP,45580,0,44600,5,STANDARD,30,10,None,No,19.2,21980,550.53
500286,1698,10-Sep-24,09-18-2024,personal,  East  ,Thailand,CHIANG MAI,UrbanEV,,423,ac,No,  Online  ,52020,0,53110,5,extended,44,9,None,No,16.1,21460,359.35
500287,1112,13/1/2023,2/2/2023,Personal,  South  ,Indonesia,  Jakarta  ,FamilyEV XL,,371,supercharger,Yes,Online,42510,7500,34490,3,PREMIUM,45,8,  None  ,No,13.9,17710,728.09
500288,1001,11-13-2023,12/3/2023,  Corporate  ,South,Vietnam,  Hanoi  ,VoltX S,80,500,  Home Charger  ,No,dealership,43290,0,43030,6,  Extended  ,40,3.7,  Software  ,No,13.8,31680,294.08
500289,1641,8/7/2023,14/8/2023,Personal,  East  ,  Malaysia  ,Penang,UrbanEV,100,679,DC FAST,No,Online,"55,130",0,"55,520",8,PREMIUM,36,7.6,  Software  ,Yes,17.3,18310 km,389.5
500290,1219,1-Jun-22,10/6/2022,Personal,North,THAILAND,chiang mai,UrbanEV,60,381,dc fast,No,DEALERSHIP,52680,1000,51890,4,PREMIUM,44,6.8,CHARGING,No,14.8,20020,415.93
500291,2589,12-21-2023,25/12/2023,Personal,  East  ,vietnam,ho chi minh city,FamilyEV XL,,574,  Supercharger  ,No,  Dealership  ,49900,1000,50480,4,STANDARD,,9,BATTERY,No,16.3,12730,244.86
500292,1854,8-Dec-24,21/12/2024,Corporate,WEST,,  Kuala Lumpur  ,FamilyEV XL,90,535,  AC  ,No,ONLINE,43980,5000,40290,8,  Standard  ,57,7.8,  None  ,No,13.3,27810,496.37
500293,2759,5/8/2024,05-23-2024,corporate,West,Thailand,Chiang Mai,FamilyEV XL,75,464,  DC Fast  ,No,Dealership,44470,0,43980,6,,26,6.8,  None  ,No,18.5,33150,367.29
500294,2248,02-19-2022,02-26-2022,personal,NORTH,,Jakarta,FamilyEV XL,50,328,DC Fast,No,online,37490,7500,31970,7,EXTENDED,58,9.7,  Battery  ,No,14.3,6380,545.28
500295,1384,26/10/2023,3/11/2023,PERSONAL,west,malaysia,Shah Alam,VoltX Pro,100,572,AC,Yes,  Dealership  ,43010,0,43960,5,  Standard  ,50,4.4,NONE,No,15.8,32830,845.31
500296,2426,06-15-2023,1/7/2023,personal,east,  Indonesia  ,  Jakarta  ,EcoRide 3,60 kWh,349,AC,Yes,Dealership,"45,470",7500,"38,100",5,EXTENDED,57,8.4,Software,No,20.9,"27,170",492.15
500297,2661,19/12/2024,1/2/2025,fleet,West,indonesia,Jakarta,UrbanEV,80,479,SUPERCHARGER,No,corporate fleet,44760,2500,41600,7,PREMIUM,,3.9,None,No,17.4,30890,596.39
500298,2153,5/6/2024,12-May-24,PERSONAL,  South  ,Malaysia,Johor Bahru,EcoRide 5,60 kWh,357,dc fast,Yes,Online,"47,070",2500,"44,510",5,Extended,54,8.7,charging,No,19.3,"24,610",496.13
500299,2076,26/5/2022,3-Jun-22,CORPORATE,,malaysia,KUALA LUMPUR,FamilyEV XL,70,442,AC,No,  Online  ,52780,1000,49860,6,  Extended  ,25,7.5,none,No,14.1,26200,436.88
500300,2707,3/7/2024,15/7/2024,personal,West,MALAYSIA,,EcoRide 3,70,427,DC Fast,No,dealership,34420,2500,32460,6,PREMIUM,32,,none,No,17.8,24330,646.1
500301,1729,19-Sep-24,9/10/2024,Personal,WEST,  Malaysia  ,shah alam,FamilyEV XL,75,408,  Home Charger  ,No,ONLINE,40570,2500,36750,6,  Extended  ,25,10,NONE,No,18.3,15010,312.23
500302,2695,30/8/2022,16/9/2022,  Personal  ,south,SINGAPORE,SINGAPORE,EcoRide 3,90,516,  DC Fast  ,No,Dealership,53010,0,53500,8,EXTENDED,34,6.8,software,No,14.1,21150,699.38
500303,2733,4-Aug-23,14/8/2023,Personal,south,,SINGAPORE,EcoRide 5,50,287,AC,No,online,62260,0,61780,5,Extended,56,7.6,None,No,,18570,345.23
500304,2439,18-Nov-23,29/11/2023,  Corporate  ,  South  ,MALAYSIA,Penang,VoltX S,50,256,DC Fast,Yes,DEALERSHIP,37480,7500,30110,4,  Standard  ,64,6.7,  None  ,No,15.7,29600,769.66
500305,1246,28-Apr-23,5-May-23,Personal,  South  ,  Vietnam  ,,VoltX Pro,80,510,DC Fast,No,Online,40620,1000,39000,3,Standard,26,5.2,None,No,17.8,20110,
500306,1835,4/11/2023,16/11/2023,PERSONAL,SOUTH,Malaysia,Johor Bahru,UrbanEV,75,454,  AC  ,Yes,  Dealership  ,35840,5000,30120,7,  Extended  ,55,10,  None  ,No,13,25420,335.03
500307,2462,23/9/2023,1/10/2023,  Personal  ,south,malaysia,shah alam,VoltX S,50,289,  AC  ,No,  Dealership  ,30740,2500,28970,4,standard,28,3.9,None,No,13.9,14380,520.36
500308,1202,23-Oct-23,11/10/2023,personal,west,malaysia,penang,EcoRide 5,90,572,DC FAST,No,Online,46920,1000,45290,3,  Extended  ,36,6.4,none,No,12.8,34900,
500309,2207,24/10/2023,29/10/2023,PERSONAL,North,SINGAPORE,,VoltX Pro,70,428,DC FAST,Yes,DEALERSHIP,49160,0,48260,7,  Standard  ,55,5.4,  Charging  ,No,13.5,23830,285.21
500310,1122,15-Mar-24,27-Mar-24,Personal,east,  Singapore  ,singapore,VoltX Pro,75,411,ac,Yes,  Online  ,42900,7500,,5,extended,65,8.3,software,No,,12520,594.82
500311,1400,23-Feb-23,8/3/2023,  Personal  ,North,  Malaysia  ,  Penang  ,VoltX Pro,60,375,SUPERCHARGER,No,ONLINE,42970,2500,41320,6,extended,47,8.5,None,No,18.5,29070,735.43
500312,1766,14/9/2024,27/9/2024,FLEET,  South  ,MALAYSIA,Penang,EcoRide 5,100,655,  Home Charger  ,No,online,44220,0,43100,5,PREMIUM,57,8.6,None,No,17.3,23760,382.46
500313,1293,12-Oct-23,31-Oct-23,personal,North,  Indonesia  ,Surabaya,FamilyEV XL,100,594,home charger,No,  Dealership  ,41020,2500,38530,5,standard,32,4.8,None,No,,27540,755.03
500314,1279,26/8/2024,1-Sep-24,Personal,South,vietnam,HO CHI MINH CITY,FamilyEV XL,75,448,SUPERCHARGER,No,DEALERSHIP,44690,0,46900,4,STANDARD,40,9.3,NONE,No,14.1,44040,417.4
500315,2860,13/8/2023,08-19-2023,GOVERNMENT,  West  ,malaysia,Shah Alam,FamilyEV XL,75,453,DC Fast,No,online,54710,5000,49020,5,EXTENDED,39,6.1,Software,No,16.9,30020,536.43
500316,1883,24/5/2023,12/6/2023,PERSONAL,West,,penang,VoltX S,90,496,Supercharger,Yes,CORPORATE FLEET,39210,0,38430,3,EXTENDED,65,6.4,None,Yes,20.8,29660,538.13
500317,2633,17/3/2023,03-28-2023,Personal,  North  ,  Thailand  ,Bangkok,UrbanEV,90,545,supercharger,Yes,  Online  ,43020,0,44110,5,extended,64,9.5,Charging,Yes,17.9,19510,
500318,1197,7/9/2024,30/7/2024,  Personal  ,  South  ,Thailand,Chiang Mai,VoltX Pro,50,282,supercharger,No,Corporate Fleet,44110,0,42920,5,premium,50,3.55,none,No,19.4,22750,676.87
500319,1981,9-Feb-24,16/2/2024,PERSONAL,south,  Malaysia  ,shah alam,VoltX Pro,,600,,No,ONLINE,41030,0,42120,4,STANDARD,38,5.8,none,No,15.5,19500,459.34
500320,2930,20-Sep-22,28/9/2022,CORPORATE,  West  ,VIETNAM,HANOI,VoltX S,80,485,  AC  ,No,DEALERSHIP,45480,2500,42600,5,  Standard  ,36,2.95,MOTOR,No,15.6,12830,987.07
500321,2534,29/9/2023,10/4/2023,,west,Thailand,chiang mai,FamilyEV XL,80 kWh,,  Home Charger  ,No,DEALERSHIP,"27,500",2500,"25,900",6,STANDARD,51,9.4,none,No,18.6,"19,000",488.67
500322,1751,4-Apr-23,7/4/2023,CORPORATE,EAST,SINGAPORE,SINGAPORE,VoltX Pro,90,560,Home Charger,Yes,  Dealership  ,49010,5000,44450,8,premium,55,9.4,none,No,14.2,29950,503.06
500323,1143,09-25-2024,13/10/2024,PERSONAL,East,THAILAND,  Bangkok  ,VoltX Pro,50,281,DC Fast,No,Corporate Fleet,38190,2500,36260,5,  Standard  ,28,8.2,none,No,16.6,24670,566.49
500324,1608,1-Dec-23,14/12/2023,Personal,WEST,vietnam,Hanoi,EcoRide 5,50,304,HOME CHARGER,No,  Dealership  ,"39,120",1000,"37,680",4,STANDARD,54,6.6,NONE,No,17.6,"13,830",415.86
500325,2224,29-Oct-22,13/11/2022,Corporate,  North  ,indonesia,Jakarta,EcoRide 3,50,319,supercharger,Yes,DEALERSHIP,43830,2500,40940,6,  Standard  ,28,3.95,none,No,15.8,21250,776.82
500326,2147,8/7/2023,20/7/2023,  Personal  ,  South  ,malaysia,johor bahru,VoltX S,90,498,dc fast,Yes,Dealership,35270,5000,29750,6,Extended,55,,Charging,No,14.5,16500,480.88
500327,1186,10-15-2022,10-20-2022,fleet,West,Malaysia,Shah Alam,VoltX S,80,536,DC FAST,Yes,Dealership,54320,1000,54650,8,EXTENDED,58,7.3,MOTOR,No,15,25260,629.49
500328,2349,13-Sep-23,24/9/2023,  Personal  ,east,Singapore,  Singapore  ,FamilyEV XL,50,281,DC Fast,No,  Online  ,39230,1000,38240,5,Standard,28,9,CHARGING,No,12.9,17210,100
500329,1463,10/2/2024,16/10/2024,corporate,  East  ,MALAYSIA,  Penang  ,VoltX S,,599,DC FAST,No,Corporate Fleet,63430,2500,62880,5,Standard,44,7.3,  None  ,No,17.8,18120,526.29
500330,2372,2/5/2022,21/2/2022,PERSONAL,east,Thailand,  Bangkok  ,FamilyEV XL,60,337,HOME CHARGER,No,dealership,49410,1000,48640,8,  Standard  ,42,8.8,Other,No,19.5,13000,432.75
500331,2794,01-14-2024,17/1/2024,corporate,South,indonesia,Surabaya,EcoRide 5,,359,DC FAST,Yes,ONLINE,41020,1000,39840,5,EXTENDED,32,8.5,SOFTWARE,No,15.5,33650,514.28
500332,1659,12-19-2022,8/1/2023,Personal,  East  ,THAILAND,,EcoRide 5,70,415,supercharger,Yes,DEALERSHIP,42860,5000,37640,3,  Standard  ,66,2.9,None,No,25.2,21630,268.42
500333,1763,14/3/2022,2/4/2022,  Corporate  ,EAST,Vietnam,ho chi minh city,UrbanEV,60,327,supercharger,No,DEALERSHIP,,5000,40340,5,  Standard  ,26,10,NONE,No,14.7,21210,463.45
500334,1954,10/10/2023,21/10/2023,Personal,  South  ,  Malaysia  ,JOHOR BAHRU,FamilyEV XL,75,471,AC,Yes,dealership,56890,2500,54610,3,  Extended  ,33,8.9,Battery,No,14.8,24340,536.73
500335,2955,12-29-2024,9-Jan-25,CORPORATE,  East  ,  Indonesia  ,,EcoRide 5,70,441,AC,Yes,dealership,51650,5000,46560,6,PREMIUM,40,2.8,Software,No,19.3,24850,428.66
500336,1402,3/1/2023,03-13-2023,Personal,West,  Indonesia  ,jakarta,FamilyEV XL,,375,Supercharger,Yes,  Online  ,51130,0,50520,5,standard,46,5.8,  None  ,No,18.9,17200,619.41
500337,2369,09-25-2024,16/10/2024,CORPORATE,NORTH,  Malaysia  ,  Kuala Lumpur  ,VoltX S,75,443,ac,Yes,DEALERSHIP,42860,2500,40300,4,  Standard  ,36,5,  None  ,No,19,23660,512.85
500338,2986,9/12/2023,26/12/2023,  Personal  ,  South  ,  Thailand  ,bangkok,UrbanEV,60,343,SUPERCHARGER,No,CORPORATE FLEET,41030,2500,38030,6,,29,4.15,Other,No,20.2,22640,
500339,2534,15-Jul-23,22/7/2023,personal,  South  ,MALAYSIA,  Kuala Lumpur  ,EcoRide 3,90,580,AC,No,ONLINE,49460,1000,48750,5,standard,63,8.8,NONE,No,14.2,29150,695.33
500340,1146,4/7/2024,24/4/2024,  Personal  ,  East  ,  Indonesia  ,surabaya,VoltX Pro,100,609,DC Fast,Yes,dealership,54330,0,55050,4,  Extended  ,39,8.6,none,No,18.1,27260,711.31
500341,2171,08-13-2024,17/8/2024,Personal,North,  Singapore  ,  Singapore  ,VoltX Pro,75,427,  AC  ,No,  Online  ,44030,2500,40900,4,  Standard  ,69,4.8,MOTOR,No,12.8,21930,423.57
500342,1863,1-Jun-23,06-16-2023,PERSONAL,EAST,MALAYSIA,KUALA LUMPUR,UrbanEV,50,304,AC,Yes,online,40210,5000,34750,6,premium,32,4.85,NONE,No,20.2,22170,420.59
500343,2734,4-Mar-23,22/3/2023,CORPORATE,  West  ,  Thailand  ,chiang mai,FamilyEV XL,90,480,AC,No,  Dealership  ,37770,2500,34370,5,EXTENDED,48,,Motor,No,20,20510,820.9
500344,2843,9/6/2022,06-26-2022,government,  South  ,thailand,  Bangkok  ,FamilyEV XL,100,604,HOME CHARGER,No,  Online  ,33290,0,34420,6,Standard,43,,  Software  ,No,20.1,22760,316.41
500345,1488,05-29-2022,10-Jun-22,  Personal  ,  West  ,  Malaysia  ,kuala lumpur,FamilyEV XL,75,470,dc fast,Yes,dealership,41870,0,40100,3,  Extended  ,61,5.9,none,No,16.8,21770,415.98
500346,1928,15/2/2024,2-Mar-24,CORPORATE,west,malaysia,penang,EcoRide 3,90,534,  Home Charger  ,Yes,  Dealership  ,43220,1000,41560,4,  Standard  ,42,6.4,none,No,20.1,23110,467.77
500347,2959,3/8/2022,20/3/2022,PERSONAL,North,SINGAPORE,SINGAPORE,VoltX Pro,50,314,HOME CHARGER,Yes,Online,44860,0,45570,6,EXTENDED,45,7.5,  None  ,No,17.5,11720,328.61
500348,2663,10-Oct-24,26/10/2024,Personal,NORTH,THAILAND,Bangkok,UrbanEV,75,474,home charger,No,DEALERSHIP,48790,5000,43160,5,Premium,63,5.4,  None  ,No,21.1,17520,522.56
500349,1550,01-16-2023,27/1/2023,Corporate,west,Indonesia,jakarta,FamilyEV XL,75,458,dc fast,No,  Corporate Fleet  ,41720,2500,38550,5,EXTENDED,38,6.8,software,Yes,16.1,32060,743.02
500350,1337,02-27-2022,15/3/2022,  Fleet  ,  West  ,vietnam,HO CHI MINH CITY,EcoRide 5,100,671,SUPERCHARGER,Yes,  Online  ,57570,2500,55740,7,  Premium  ,39,2.35,  None  ,No,16,17380,117.48
500351,1871,8-Dec-22,13/12/2022,government,North,Singapore,  Singapore  ,VoltX S,90,589,  AC  ,Yes,Dealership,37030,5000,29760,4,  Extended  ,27,8,SOFTWARE,No,18.3,21030,396.73
500352,1640,28/12/2023,15/1/2024,  Personal  ,  North  ,indonesia,JAKARTA,EcoRide 3,60,375,  AC  ,No,  Corporate Fleet  ,49780,0,49810,6,STANDARD,69,10,battery,Yes,13.2,23480,523.88
500353,2802,2/9/2024,13/2/2024,  Fleet  ,NORTH,Singapore,singapore,FamilyEV XL,75,461,HOME CHARGER,No,CORPORATE FLEET,36460,2500,33410,6,  Premium  ,35,8,NONE,No,16.3,20800,812.93
500354,2976,9/6/2023,09-18-2023,  Personal  ,  West  ,  Thailand  ,BANGKOK,VoltX Pro,60,354,ac,No,  Dealership  ,"39,050",0,"38,520",4,  Standard  ,27,4.05,  Other  ,No,,"18,040",201.25
500355,1472,20-Dec-22,12-25-2022,PERSONAL,north,malaysia,  Kuala Lumpur  ,VoltX S,75,431,home charger,No,ONLINE,46970,0,48040,5,Premium,54,7.5,Software,No,13,28440,673.8
500356,2969,04-26-2022,5/9/2022,  Personal  ,  East  ,MALAYSIA,PENANG,UrbanEV,80,506,supercharger,Yes,online,52310,0,52290,7,premium,30,9.5,  Motor  ,No,17.3,14740,467.34
500357,1150,24/10/2023,11/6/2023,Government,  West  ,thailand,Bangkok,FamilyEV XL,70,414,DC Fast,No,  Online  ,43040,7500,34390,5,PREMIUM,,7.9,none,No,18.5,7590,532.48
500358,2438,29/3/2023,13/4/2023,CORPORATE,NORTH,MALAYSIA,  Shah Alam  ,VoltX Pro,60,336,ac,No,  Dealership  ,45590,1000,140900,5,  Standard  ,55,3.2,SOFTWARE,No,19.5,31020,745.54
500359,2321,14-Oct-22,23/10/2022,CORPORATE,East,Thailand,BANGKOK,VoltX S,60,341,SUPERCHARGER,Yes,ONLINE,53840,0,,5,premium,46,8.3,  None  ,No,12.5,12970,473.66
500360,2634,10-13-2024,1/11/2024,PERSONAL,  South  ,indonesia,surabaya,EcoRide 5,100,3000,DC FAST,No,Dealership,36440,2500,32560,6,EXTENDED,45,10,MOTOR,No,20,27070,493.47
500361,1262,7/11/2022,11/11/2022,  Personal  ,west,  Malaysia  ,PENANG,EcoRide 3,50,335,supercharger,No,Dealership,50390,0,51600,7,Extended,62,5.9,  None  ,No,,19290,527
500362,2787,27/7/2022,10-Aug-22,Personal,SOUTH,Singapore,  Singapore  ,UrbanEV,80,507,DC FAST,No,  Online  ,40180,0,39080,6,extended,62,6.6,NONE,No,,32520,540.27
500363,1143,10-Sep-23,22/9/2023,PERSONAL,East,  Indonesia  ,Surabaya,VoltX Pro,50,301,ac,Yes,  Online  ,46700,5000,41690,6,standard,30,7.8,NONE,No,23.1,20260,282.26
500364,1345,22/3/2023,4/11/2023,PERSONAL,EAST,indonesia,jakarta,EcoRide 5,80,493,  AC  ,No,  Dealership  ,48780,0,46830,4,standard,53,3.75,,No,17.5,18210,532.38
500365,1623,1/11/2023,14/11/2023,  Corporate  ,North,  Malaysia  ,  Penang  ,EcoRide 3,80,497,ac,No,  Online  ,36770,5000,29870,6,Extended,35,8.6,None,No,,28210,586.82
500366,2016,25-Sep-23,10-13-2023,  Personal  ,  North  ,Malaysia,Johor Bahru,EcoRide 3,90,509,AC,No,Dealership,39770,2500,37060,3,standard,46,6.5,NONE,No,12.9,30680,177.28
500367,2595,24/2/2022,15/3/2022,,  South  ,  Thailand  ,Bangkok,EcoRide 5,90 kWh,498,  AC  ,No,CORPORATE FLEET,"49,660",0,"52,860",6,extended,63,7.2,Charging,No,13.2,33340 km,
500368,1880,30/6/2024,21/7/2024,personal,south,THAILAND,CHIANG MAI,VoltX Pro,90 kWh,578,AC,No,CORPORATE FLEET,"43,180",0,"42,620",4,STANDARD,30,8.1,None,No,14.2,"4,420",683.03
500369,1001,1/11/2024,21/11/2024,PERSONAL,West,MALAYSIA,kuala lumpur,EcoRide 3,,410,Supercharger,No,DEALERSHIP,40000,2500,,5,extended,54,8.1,  None  ,Yes,19.9,8140,550.6
500370,1896,19/10/2023,24/10/2023,Personal,West,  Malaysia  ,shah alam,UrbanEV,,599,  DC Fast  ,Yes,dealership,46360,1000,44870,6,standard,67,10,Charging,No,18.6,14380,231.09
500371,2327,6-Sep-24,24/9/2024,corporate,  South  ,Indonesia,  Surabaya  ,VoltX S,50,286,AC,No,dealership,37440,2500,35960,6,  Standard  ,49,4.6,None,No,20.2,14180,370.24
500372,1253,30/5/2023,6/7/2023,  Fleet  ,  East  ,  Thailand  ,,UrbanEV,70,426,,No,dealership,36720,5000,,7,  Extended  ,60,5.7,OTHER,No,13.8,18550,100
500373,2675,08-25-2022,8/9/2022,Corporate,  East  ,VIETNAM,Hanoi,FamilyEV XL,,472,DC Fast,Yes,DEALERSHIP,28280,5000,22030,4,EXTENDED,25,6.5,  None  ,No,11,22360,428.46
500374,1452,14-Dec-22,27/12/2022,PERSONAL,WEST,indonesia,  Surabaya  ,EcoRide 3,80,497,DC Fast,Yes,ONLINE,47520,2500,44770,4,Standard,46,6,  None  ,No,18.9,23340,317.3
500375,2060,19-Sep-23,6-Oct-23,PERSONAL,south,  Vietnam  ,Hanoi,VoltX S,100,508,DC Fast,No,ONLINE,45220,5000,38440,8,  Extended  ,33,10,  None  ,No,16.8,25880,486.41
500376,2183,22-Sep-23,9/10/2023,  Personal  ,SOUTH,  Malaysia  ,JOHOR BAHRU,EcoRide 5,60,387,DC FAST,Yes,Dealership,48780,0,47890,4,EXTENDED,69,6.4,other,No,14.6,17120,700.3
500377,2014,30-Dec-22,17/1/2023,  Corporate  ,SOUTH,indonesia,SURABAYA,VoltX S,75,472,ac,Yes,  Corporate Fleet  ,53550,0,53930,6,Premium,32,8.9,charging,No,20,21370,399.53
500378,1008,11-17-2022,11-29-2022,corporate,,malaysia,Shah Alam,VoltX S,70,448,  DC Fast  ,Yes,  Dealership  ,43310,5000,37660,8,  Standard  ,58,8.7,Charging,No,20.9,21560,582.22
500379,2256,13/10/2022,27/10/2022,PERSONAL,  South  ,THAILAND,bangkok,VoltX S,90,572,AC,No,  Dealership  ,44510,1000,43070,7,  Standard  ,40,5.8,None,No,22.2,22120,482.48
500380,2122,29/5/2022,06-13-2022,PERSONAL,South,SINGAPORE,Singapore,EcoRide 3,80,490,dc fast,Yes,dealership,47400,2500,45840,5,Standard,43,7.4,Other,No,13.9,18460,319.22
500381,2682,2/10/2023,02-16-2023,personal,North,MALAYSIA,Penang,FamilyEV XL,60,345,home charger,No,Dealership,41010,2500,38010,5,  Standard  ,32,7.6,motor,No,20.7,23490,781.83
500382,1815,9/4/2024,09-13-2024,FLEET,East,indonesia,  Jakarta  ,FamilyEV XL,50,309,DC Fast,Yes,Dealership,34800,1000,34310,5,PREMIUM,36,5.6,none,No,18.2,14740,665.49
500383,1207,1/4/2023,5-Apr-23,corporate,NORTH,  Indonesia  ,  Surabaya  ,VoltX Pro,80,489,  Supercharger  ,No,Corporate Fleet,36940,0,36340,5,  Premium  ,67,10,Software,Yes,15.1,34040,278.29
500384,2154,10/3/2024,27/3/2024,  Fleet  ,north,Malaysia,kuala lumpur,FamilyEV XL,60,381,  Supercharger  ,No,DEALERSHIP,44720,2500,43140,4,Premium,65,8.3,Other,No,,15850,589.69
500385,1403,9-Oct-24,10-19-2024,PERSONAL,south,thailand,Bangkok,EcoRide 3,50,312,AC,No,  Online  ,52000,5000,48310,6,,,10,  None  ,No,,24770,458.49
500386,1151,23-Feb-24,3/3/2024,PERSONAL,north,MALAYSIA,  Johor Bahru  ,VoltX Pro,,,HOME CHARGER,No,  Dealership  ,55970,0,54000,3,  Standard  ,66,10,none,No,15.1,19730,602.51
500387,1053,5/4/2023,22/4/2023,Personal,east,Singapore,  Singapore  ,EcoRide 5,90,556,  AC  ,No,ONLINE,43010,2500,39530,5,EXTENDED,57,8.2,charging,No,19.7,18560,231.78
500388,2143,1/8/2024,24/1/2024,PERSONAL,south,,SURABAYA,EcoRide 5,100,621,  Home Charger  ,No,Dealership,46170,1000,44930,5,  Extended  ,43,8.6,  None  ,No,15.2,11420,430.33
500389,2696,24/5/2023,3/6/2023,personal,South,  Malaysia  ,kuala lumpur,EcoRide 5,50,322,AC,Yes,DEALERSHIP,58100,1000,56420,5,PREMIUM,51,6.8,OTHER,No,18.2,18210,570.74
500390,2943,26-Apr-23,10/5/2023,corporate,EAST,VIETNAM,Hanoi,EcoRide 5,80,536,AC,No,DEALERSHIP,48620,0,49480,4,standard,48,5,None,No,15.5,20300,282.46
500391,1627,04-24-2022,9-May-22,CORPORATE,,malaysia,penang,EcoRide 5,70,437,  DC Fast  ,No,ONLINE,45960,0,46180,6,standard,52,7.9,none,No,,17950,551.79
500392,1586,01-19-2024,1/2/2024,Personal,North,thailand,Chiang Mai,UrbanEV,50,311,HOME CHARGER,Yes,  Online  ,46470,2500,43020,5,Premium,28,7.4,none,No,17.7,26720,433.02
500393,2648,12-27-2022,15-Jan-23,CORPORATE,  West  ,Thailand,Chiang Mai,EcoRide 3,70,414,AC,No,  Online  ,49070,2500,47990,6,PREMIUM,36,6.8,SOFTWARE,No,14.1,33700,508.78
500394,2991,7/12/2022,12-26-2022,personal,South,MALAYSIA,  Johor Bahru  ,VoltX Pro,70,410,supercharger,No,Dealership,,7500,30360,3,  Premium  ,47,8.1,  None  ,No,17.6,21500,
500395,2443,2/9/2024,15/2/2024,  Personal  ,SOUTH,malaysia,johor bahru,EcoRide 5,50,285,SUPERCHARGER,Yes,Online,50320,0,48990,3,  Standard  ,44,8.9,  None  ,No,15.4,25580,1041.3
500396,2445,31/1/2024,10/2/2024,PERSONAL,NORTH,indonesia,SURABAYA,UrbanEV,100,472,  AC  ,No,dealership,48070,7500,39960,4,PREMIUM,64,8.3,none,No,14.1,30670,515.59
500397,1103,08-26-2024,2/9/2024,  Personal  ,south,Indonesia,  Jakarta  ,FamilyEV XL,100,566,DC FAST,No,  Corporate Fleet  ,52620,2500,50950,4,Standard,52,8.7,battery,No,13.7,14510,462.36
500398,2875,25/3/2023,4/12/2023,PERSONAL,EAST,,KUALA LUMPUR,UrbanEV,75,445,,Yes,online,48460,0,49390,4,  Standard  ,25,7.7,other,No,13.7,34410,886.24
500399,1253,14-Apr-24,20/4/2024,  Personal  ,EAST,SINGAPORE,  Singapore  ,UrbanEV,100,588,AC,Yes,DEALERSHIP,52150,0,53550,6,  Extended  ,65,8.8,battery,No,15.2,12760,726.71
500400,2250,7/11/2022,24-Nov-22,Personal,east,malaysia,  Penang  ,EcoRide 3,50,309,Supercharger,No,  Dealership  ,38540,2500,38510,3,  Premium  ,35,8.7,SOFTWARE,No,18.7,21990,855.27
500401,2135,19/9/2022,10/3/2022,GOVERNMENT,North,Malaysia,johor bahru,EcoRide 5,100,568,  Home Charger  ,No,Dealership,40820,5000,36240,3,STANDARD,68,9.8,none,No,12.9,26720,547.65
500402,1509,10/2/2023,17-Feb-23,,South,  Singapore  ,SINGAPORE,UrbanEV,60,342,SUPERCHARGER,Yes,CORPORATE FLEET,46070,2500,44850,3,Extended,55,9.2,None,Yes,17.3,32820,663.28
500403,2496,23/5/2022,6/10/2022,  Personal  ,  West  ,MALAYSIA,Johor Bahru,UrbanEV,90,464,home charger,No,DEALERSHIP,39740,2500,39910,6,extended,65,4.1,None,No,18.1,21930,509.67
500404,1098,8/12/2022,24-Dec-22,Personal,West,Indonesia,  Jakarta  ,EcoRide 5,70,433,ac,No,DEALERSHIP,50990,0,50980,5,  Extended  ,62,4.3,  Software  ,No,20,22720,511.3
500405,1152,1/9/2022,13/9/2022,FLEET,  North  ,  Thailand  ,bangkok,EcoRide 3,90,508,AC,No,  Dealership  ,35090,0,34310,5,standard,33,6.3,Charging,No,15.4,33410,522.1
500406,2884,5/5/2023,14/5/2023,PERSONAL,SOUTH,Vietnam,HANOI,UrbanEV,80,457,HOME CHARGER,No,online,43880,0,44130,6,STANDARD,30,9.9,  Battery  ,No,17.5,11470,583.28
500407,1913,12/1/2022,27/1/2022,CORPORATE,  North  ,Thailand,  Chiang Mai  ,VoltX Pro,70 kWh,436,  Home Charger  ,No,  Online  ,"41,030",0,"42,620",5,Premium,,7.6,OTHER,No,13.5,"14,960",514.88
500408,2919,15-Jul-23,22-Jul-23,PERSONAL,North,  Vietnam  ,Ho Chi Minh City,VoltX S,80,,  AC  ,No,ONLINE,39800,5000,36610,3,  Extended  ,27,7.8,charging,No,13.1,13430,777.72
500409,1877,11/2/2022,16-Feb-22,  Personal  ,  South  ,Thailand,chiang mai,FamilyEV XL,60,369,DC FAST,No,ONLINE,35400,5000,30550,6,extended,56,7.3,None,No,18.1,14410,615.11
500410,1337,11/9/2023,26-Nov-23,fleet,  North  ,Thailand,  Chiang Mai  ,VoltX S,60,331,Supercharger,No,  Dealership  ,45290,0,45120,5,STANDARD,59,3.35,NONE,No,23.2,15530,540.29
500411,2729,17-Aug-23,23/8/2023,personal,EAST,Vietnam,Ho Chi Minh City,VoltX S,90,539,AC,No,CORPORATE FLEET,44420,5000,38150,5,standard,40,6.8,  Motor  ,No,19,30630,532.26
500412,1821,14/5/2022,31/5/2022,PERSONAL,east,  Thailand  ,bangkok,EcoRide 3,60,345,AC,No,  Dealership  ,58330,0,58410,6,STANDARD,26,6.4,  Motor  ,No,13.4,32640,414.97
500413,2186,26-Dec-24,11/1/2025,Personal,North,  Malaysia  ,kuala lumpur,UrbanEV,50,295,Supercharger,No,online,62420,0,61240,4,Standard,60,7.6,none,No,13.6,24660,283.06
500414,2743,27/10/2024,11-17-2024,fleet,NORTH,thailand,,VoltX S,70 kWh,462,Home Charger,Yes,Online,"37,520",0,"36,550",3,  Standard  ,65,9.3,Software,No,18.8,"28,860",700.17
500415,1956,8/5/2024,20/8/2024,Personal,West,VIETNAM,ho chi minh city,VoltX S,,428,Supercharger,No,DEALERSHIP,31680,0,31920,7,standard,31,8,  None  ,No,19.2,27720,699.19
500416,2704,03-14-2022,26/3/2022,PERSONAL,  North  ,indonesia,Jakarta,FamilyEV XL,100,,SUPERCHARGER,Yes,online,36600,0,35320,5,,59,9,NONE,No,17.2,22010,278.6
500417,1160,3/2/2023,10/2/2023,  Government  ,east,  Thailand  ,CHIANG MAI,EcoRide 5,90,507,ac,Yes,Dealership,44570,1000,,5,Premium,54,8.7,  Charging  ,No,16.4,28490,282.93
500418,2603,1-Aug-23,9/8/2023,,South,thailand,chiang mai,UrbanEV,90,571,  Supercharger  ,No,  Dealership  ,52880,1000,52830,6,PREMIUM,69,7.3,Motor,No,18.6,27300,640
500419,1800,5/8/2024,05-14-2024,  Corporate  ,EAST,vietnam,hanoi,UrbanEV,60,386,AC,No,Dealership,41630,1000,39580,3,,53,9.9,None,No,13.9,26520,435.96
500420,1397,5/10/2022,14/5/2022,corporate,South,MALAYSIA,  Shah Alam  ,FamilyEV XL,60,370,Home Charger,No,Online,49050,2500,45960,4,EXTENDED,65,9.5,None,No,20.1,22630,302
500421,2300,19-Jul-24,8/6/2024,  Personal  ,North,thailand,CHIANG MAI,EcoRide 5,,441,  DC Fast  ,No,  Online  ,39410,1000,36960,4,standard,25,4.6,CHARGING,No,18.1,23310,179.1
500422,1815,23/9/2022,10-13-2022,personal,North,MALAYSIA,penang,UrbanEV,70,428,dc fast,Yes,online,"41,590",7500,,6,Standard,68,8.6,NONE,No,14.6,20810 km,
500423,2939,3-Mar-24,10-Mar-24,  Personal  ,north,THAILAND,  Chiang Mai  ,VoltX Pro,70,492,HOME CHARGER,No,DEALERSHIP,46170,5000,39680,5,standard,25,7.5,NONE,No,16.7,9680,526.12
500424,2527,10-Sep-22,16-Sep-22,  Fleet  ,south,  Thailand  ,  Chiang Mai  ,FamilyEV XL,90,540,AC,Yes,  Corporate Fleet  ,44920,5000,40620,6,extended,65,7.5,NONE,No,27.4,21550,443.48
500425,2919,1/4/2024,04-16-2024,,  East  ,  Malaysia  ,PENANG,EcoRide 3,80,477,home charger,No,Online,44750,2500,42540,3,  Standard  ,31,8,  None  ,No,16.1,22380,234.73
500426,2415,13/6/2022,4/7/2022,CORPORATE,SOUTH,  Malaysia  ,  Penang  ,EcoRide 5,90,533,  DC Fast  ,Yes,online,37430,2500,37090,5,Standard,27,5,software,No,18.7,15740,382.33
500427,2158,5/4/2022,9/4/2022,  Corporate  ,NORTH,THAILAND,chiang mai,FamilyEV XL,100,621,  AC  ,No,DEALERSHIP,53580,0,55250,5,  Standard  ,60,4.85,NONE,No,19.5,18650,611.02
500428,2218,12-Apr-24,04-27-2024,fleet,,  Malaysia  ,KUALA LUMPUR,VoltX S,75,447,ac,No,Online,53530,5000,47340,4,  Premium  ,63,5.8,None,No,17.6,26910,816.61
500429,1400,12/2/2022,15-Dec-22,Personal,east,malaysia,Penang,UrbanEV,70,428,Home Charger,No,Dealership,53650,0,55480,6,  Extended  ,55,8.4,MOTOR,No,15.8,28140,509.31
500430,1639,4/1/2024,7/4/2024,Personal,  West  ,Indonesia,  Surabaya  ,VoltX Pro,80,471,,Yes,online,"40,260",0,"39,730",5,  Standard  ,49,2.15,Other,No,14.8,10380 km,706.56
500431,2056,08-26-2022,9/12/2022,Corporate,east,MALAYSIA,Penang,VoltX Pro,100,559,AC,Yes,  Corporate Fleet  ,45840,0,45030,5,  Standard  ,48,3.65,none,No,16.5,17130,644.2
500432,1687,01-16-2023,22/1/2023,  Personal  ,SOUTH,SINGAPORE,singapore,EcoRide 3,80,554,  AC  ,Yes,Corporate Fleet,"41,330",1000,"39,820",3,Standard,25,7,NONE,No,,"27,570",383.84
500433,1459,17-Jun-24,28/6/2024,Personal,east,Vietnam,Ho Chi Minh City,FamilyEV XL,90,537,home charger,No,DEALERSHIP,38180,1000,,6,  Standard  ,62,8.8,NONE,No,20.8,13150,687.52
500434,1954,04-28-2023,7/5/2023,Corporate,  West  ,MALAYSIA,penang,VoltX Pro,60,437,AC,No,Online,46990,7500,41650,4,standard,55,6.4,none,No,21.8,21090,724.86
500435,2906,20/6/2024,11/7/2024,Personal,West,  Malaysia  ,penang,FamilyEV XL,80,494,DC Fast,Yes,  Online  ,"30,140",0,"27,320",6,Standard,61,5.7,none,No,22.4,"13,280",403.17
500436,1469,14-Nov-24,12/5/2024,Corporate,south,thailand,Chiang Mai,UrbanEV,90,562,  DC Fast  ,No,  Dealership  ,"50,930",5000,"47,780",6,EXTENDED,35,7.3,none,No,15.9,"15,770",503.54
500437,2398,27-Apr-23,5-May-23,fleet,NORTH,Indonesia,SURABAYA,UrbanEV,50,294,  Home Charger  ,No,Dealership,36860,1000,,4,Standard,27,8,  Motor  ,No,20.1,24470,386.96
500438,2045,7/5/2024,13/7/2024,  Personal  ,  South  ,Vietnam,  Ho Chi Minh City  ,VoltX Pro,60,346,DC FAST,Yes,Dealership,,2500,40480,4,PREMIUM,36,2.7,other,No,,26390,248.6
500439,1749,09-20-2024,10/7/2024,Corporate,,Vietnam,Hanoi,UrbanEV,60,,DC FAST,Yes,dealership,29120,2500,26020,6,STANDARD,44,9.7,CHARGING,No,13.8,29330,704.62
500440,2693,21-Aug-24,7-Sep-24,Personal,east,indonesia,Surabaya,FamilyEV XL,70,397,  Home Charger  ,Yes,Online,57650,2500,55060,4,premium,54,3.85,  Software  ,No,12.5,41580,820.56
500441,1037,06-21-2023,7/2/2023,  Personal  ,  East  ,,SHAH ALAM,UrbanEV,75,422,AC,Yes,Corporate Fleet,49610,1000,49460,6,EXTENDED,34,4,SOFTWARE,No,16,20670,487.71
500442,1229,1/11/2024,7/11/2024,  Personal  ,North,MALAYSIA,Penang,VoltX S,70,470,  AC  ,Yes,  Online  ,45600,2500,44060,5,premium,63,9.7,None,No,16.6,21030,393.11
500443,2388,8/5/2022,28/5/2022,PERSONAL,  East  ,MALAYSIA,  Penang  ,FamilyEV XL,50,316,AC,Yes,Online,40180,1000,38350,5,extended,39,6.9,None,No,14.3,30960,713.6
500444,1562,2-Apr-22,22/4/2022,personal,West,malaysia,Kuala Lumpur,EcoRide 5,90,594,Home Charger,Yes,  Online  ,37540,2500,35810,3,  Extended  ,45,10,BATTERY,No,20.7,29880,735.22
500445,1437,06-27-2023,4/7/2023,  Personal  ,south,Thailand,  Chiang Mai  ,UrbanEV,60,387,SUPERCHARGER,No,DEALERSHIP,"43,600",2500,"40,510",4,  Extended  ,42,4,Software,No,21.5,25810 km,326.77
500446,2799,25-Apr-24,8/5/2024,  Personal  ,east,Thailand,  Bangkok  ,UrbanEV,60,346,ac,No,Online,47120,1000,,4,  Standard  ,56,4.6,none,No,16.4,19300,528.04
500447,2306,15/9/2024,22/9/2024,  Personal  ,,MALAYSIA,  Penang  ,FamilyEV XL,100,538,Supercharger,No,Dealership,43390,1000,43700,3,  Standard  ,43,8.7,  None  ,No,21.6,27190,895.89
500448,1026,23-Mar-23,29/3/2023,Corporate,  West  ,indonesia,,EcoRide 3,80,465,dc fast,No,online,,0,49510,4,STANDARD,54,4.5,Other,No,18.3,17880,864.27
500449,1225,01-25-2023,8/2/2023,  Corporate  ,  West  ,  Malaysia  ,kuala lumpur,EcoRide 5,75,453,home charger,Yes,ONLINE,57990,5000,51370,5,  Standard  ,57,4.05,NONE,No,11.1,17380,315.18
500450,2300,11/3/2023,7/11/2023,  Personal  ,  East  ,singapore,Singapore,EcoRide 5,75,484,AC,Yes,DEALERSHIP,37490,5000,32620,5,Standard,46,3.65,NONE,No,10.9,23940,221.71
500451,1797,2/12/2022,27-Feb-22,personal,East,thailand,BANGKOK,EcoRide 5,80,478,  Supercharger  ,Yes,Online,46660,0,47080,4,  Standard  ,69,10,  None  ,No,18,36480,570.2
500452,2632,11/9/2022,23/9/2022,PERSONAL,  West  ,Singapore,SINGAPORE,VoltX Pro,,359,  DC Fast  ,No,  Online  ,57190,1000,56340,3,premium,53,4,None,No,16.5,20010,642.6
500453,1283,19/12/2024,30/12/2024,personal,south,SINGAPORE,  Singapore  ,VoltX S,75,437,  AC  ,No,DEALERSHIP,42820,1000,39300,5,premium,48,6.4,  None  ,No,14.2,22410,643.87
500454,1878,25-Oct-23,6/11/2023,  Corporate  ,  South  ,  Malaysia  ,  Shah Alam  ,VoltX S,60,374,Home Charger,Yes,DEALERSHIP,44030,1000,41680,6,Extended,28,10,  None  ,No,18.3,10970,609.04
500455,1959,12/4/2023,21/4/2023,corporate,west,  Singapore  ,Singapore,EcoRide 3,,288,  AC  ,No,ONLINE,48230,5000,41460,5,STANDARD,36,7.5,Battery,No,23.6,15660,556.72
500456,2504,14-Oct-22,20/10/2022,  Personal  ,  North  ,INDONESIA,  Jakarta  ,EcoRide 5,70,,,No,  Corporate Fleet  ,49730,2500,46600,7,standard,60,2.7,None,Yes,17.2,24550,415.11
500457,1452,7/10/2024,28/10/2024,  Personal  ,  South  ,  Vietnam  ,HO CHI MINH CITY,EcoRide 5,70,416,SUPERCHARGER,No,CORPORATE FLEET,52350,5000,47490,4,STANDARD,28,6.8,BATTERY,No,15.7,25350,373.36
500458,2019,02-17-2024,29/2/2024,PERSONAL,WEST,SINGAPORE,Singapore,UrbanEV,50,295,DC Fast,Yes,  Dealership  ,45760,5000,40240,4,EXTENDED,29,5.1,NONE,No,14.9,35580,660.82
500459,2852,11/12/2022,16-Dec-22,FLEET,  East  ,  Singapore  ,SINGAPORE,FamilyEV XL,60,345,AC,Yes,Online,39440,2500,36320,4,,43,6.8,  None  ,No,13.4,14670,358.94
500460,1815,10/4/2023,25-Oct-23,PERSONAL,SOUTH,thailand,chiang mai,VoltX Pro,100,606,Home Charger,No,Online,48930,2500,44690,3,STANDARD,65,10,CHARGING,No,19.4,22960,
500461,1658,17-Jan-23,21/1/2023,  Government  ,NORTH,  Vietnam  ,  Ho Chi Minh City  ,VoltX Pro,70,443,ac,Yes,dealership,38230,2500,34480,7,Extended,63,8.7,  Software  ,No,,18820,528.78
500462,2539,21/11/2023,12/3/2023,corporate,  South  ,  Malaysia  ,  Shah Alam  ,EcoRide 3,90,505,DC Fast,No,Dealership,47320,2500,43860,5,extended,55,8,BATTERY,No,,23990,557.12
500463,1546,15/12/2024,19/12/2024,  Personal  ,south,Singapore,singapore,VoltX S,60,359,supercharger,No,online,45540,5000,41420,5,standard,31,7.1,None,Yes,15.8,18250,884.74
500464,2215,4/2/2023,4/6/2023,  Fleet  ,NORTH,INDONESIA,surabaya,EcoRide 5,80 kWh,496,  Home Charger  ,No,DEALERSHIP,"45,370",5000,"40,800",4,PREMIUM,36,7.8,none,No,21.8,"9,860",506.7
500465,2072,9/9/2024,28/9/2024,CORPORATE,East,thailand,bangkok,FamilyEV XL,75,470,dc fast,Yes,Dealership,44420,0,45200,7,STANDARD,34,9.7,CHARGING,No,12.7,26490,234.72
500466,2535,24/3/2022,11-Apr-22,  Fleet  ,South,  Malaysia  ,Johor Bahru,EcoRide 3,100,675,  AC  ,Yes,dealership,52010,5000,47470,6,PREMIUM,,5.3,None,No,19.1,16810,743.87
500467,1016,29-May-22,16/6/2022,Personal,SOUTH,Thailand,chiang mai,VoltX Pro,100,623,Supercharger,Yes,Online,49330,2500,47650,5,EXTENDED,45,10,CHARGING,No,19.6,20360,490.14
500468,2195,9-Jul-22,25/7/2022,Personal,South,Malaysia,  Shah Alam  ,VoltX Pro,50,292,AC,No,online,49860,0,48490,7,Standard,37,6.7,None,No,14.8,22470,468.03
500469,2243,6/1/2024,6/10/2024,corporate,  West  ,SINGAPORE,  Singapore  ,VoltX Pro,75,433,AC,No,  Corporate Fleet  ,41750,5000,38090,7,Standard,47,7.6,Software,No,18.8,21820,267.33
500470,1157,20/9/2022,3-Oct-22,FLEET,  South  ,singapore,  Singapore  ,EcoRide 5,80,461,Home Charger,No,DEALERSHIP,33510,1000,33560,3,,30,7.8,battery,No,16.5,200000,601.92
500471,1476,2/4/2023,7/2/2023,Fleet,north,INDONESIA,  Surabaya  ,EcoRide 5,70,402,dc fast,No,ONLINE,42220,5000,36850,4,,55,7.7,none,No,19.4,10850,531.25
500472,2069,3-Feb-24,16/2/2024,Corporate,north,SINGAPORE,singapore,EcoRide 5,100,609,  AC  ,No,DEALERSHIP,48050,7500,41520,3,Premium,33,3.5,,No,14.1,20060,515.9
500473,2396,1/9/2023,7-Sep-23,CORPORATE,EAST,MALAYSIA,penang,UrbanEV,90,555,DC FAST,Yes,DEALERSHIP,45230,1000,45450,5,EXTENDED,48,4.65,BATTERY,No,17.8,38120,
500474,1517,24/2/2024,4-Mar-24,corporate,EAST,Malaysia,KUALA LUMPUR,VoltX S,60,380,  AC  ,Yes,ONLINE,41970,5000,36920,4,,40,4.85,charging,No,17.2,15470,711.76
500475,1098,11/4/2022,28/4/2022,personal,south,INDONESIA,  Jakarta  ,VoltX Pro,100,627,AC,Yes,DEALERSHIP,46550,5000,42090,6,EXTENDED,35,9.4,NONE,No,18.6,19380,564.13
500476,2915,30-Mar-24,19/4/2024,personal,  South  ,malaysia,SHAH ALAM,VoltX Pro,100,650,ac,Yes,DEALERSHIP,43130,2500,,5,  Standard  ,60,8.1,NONE,No,10,31420,607.71
500477,2768,30/3/2024,13-Apr-24,  Corporate  ,North,SINGAPORE,SINGAPORE,UrbanEV,,344,supercharger,No,online,45340,1000,45660,6,standard,25,7.1,None,Yes,14.8,26930,569.39
500478,2060,24/2/2023,03-15-2023,  Corporate  ,east,Malaysia,Kuala Lumpur,VoltX Pro,80 kWh,532,Supercharger,No,online,"31,080",0,"30,630",5,STANDARD,45,7.7,None,No,18.8,"24,960",834.39
500479,1279,4/5/2022,7/5/2022,Fleet,east,INDONESIA,  Jakarta  ,VoltX Pro,50,287,dc fast,Yes,online,50370,1000,49680,6,  Standard  ,68,3.95,  None  ,No,22.3,22850,318.66
500480,2372,26/2/2023,11-Mar-23,PERSONAL,North,singapore,  Singapore  ,EcoRide 5,,614,,No,DEALERSHIP,49290,0,49250,5,standard,60,6.5,motor,No,20.1,8680,282.86
500481,1496,12-22-2024,12-25-2024,corporate,  North  ,malaysia,JOHOR BAHRU,EcoRide 5,100,592,Supercharger,Yes,Dealership,59790,2500,56710,7,extended,61,8.3,none,No,18.2,10940,262.31
500482,1301,7/2/2024,24/2/2024,  Corporate  ,NORTH,malaysia,shah alam,VoltX S,75,449,DC FAST,Yes,Online,40020,5000,33320,6,  Standard  ,30,10,  Motor  ,No,14.5,15590,603.46
500483,1180,04-28-2023,10/5/2023,  Personal  ,  North  ,indonesia,  Jakarta  ,VoltX Pro,90,564,dc fast,No,dealership,41480,7500,34870,5,  Premium  ,38,7.7,CHARGING,No,17.9,19210,477.32
500484,1606,6/3/2023,12/6/2023,Personal,East,THAILAND,bangkok,EcoRide 3,70,380,  Home Charger  ,No,Online,46220,0,46180,5,STANDARD,53,8.7,  None  ,No,18.8,30450,278.75
500485,2122,4-Jun-22,8-Jun-22,  Personal  ,  North  ,thailand,  Bangkok  ,VoltX Pro,50,283,dc fast,Yes,dealership,44760,0,46590,7,STANDARD,25,7,NONE,Yes,22.3,22230,461.31
500486,1699,2/4/2022,14/4/2022,PERSONAL,south,  Indonesia  ,JAKARTA,VoltX Pro,90,567,dc fast,No,online,56060,5000,52280,5,Extended,32,9.3,  Charging  ,No,14.3,17550,931.48
500487,1992,8/9/2024,14-Sep-24,  Personal  ,north,  Vietnam  ,HO CHI MINH CITY,VoltX S,90,540,  Home Charger  ,No,Dealership,42140,1000,42340,6,extended,68,7,  None  ,No,15.9,20040,585.5
500488,2139,03-31-2023,14/4/2023,PERSONAL,West,  Malaysia  ,SHAH ALAM,EcoRide 3,80,472,DC Fast,Yes,dealership,,5000,39650,5,  Premium  ,43,7.4,  None  ,No,23,31620,794.99
500489,1190,21/8/2023,11-Sep-23,  Personal  ,  West  ,vietnam,ho chi minh city,VoltX Pro,,444,  DC Fast  ,No,DEALERSHIP,41060,5000,36810,6,Extended,47,8.8,  Motor  ,Yes,16.4,22890,239.34
500490,1252,25-May-23,6/7/2023,  Fleet  ,  North  ,  Malaysia  ,Johor Bahru,FamilyEV XL,60,354,  DC Fast  ,Yes,  Dealership  ,55670,2500,53330,7,STANDARD,63,3.25,none,No,18.5,26670,558.4
500491,1980,21-Jan-23,31-Jan-23,Fleet,  South  ,MALAYSIA,  Johor Bahru  ,FamilyEV XL,70,439,  AC  ,Yes,ONLINE,48410,0,49230,5,Premium,65,8.6,  None  ,No,13.8,18610,602.54
500492,1927,9-Feb-23,1/3/2023,  Corporate  ,  North  ,indonesia,jakarta,EcoRide 3,50,289,supercharger,Yes,  Corporate Fleet  ,56000,0,55550,5,  Premium  ,35,4.8,  None  ,No,16,8510,638.4
500493,2184,3-Sep-22,16/9/2022,  Personal  ,  South  ,Malaysia,  Johor Bahru  ,FamilyEV XL,60,393,SUPERCHARGER,Yes,DEALERSHIP,65410,1000,61970,5,PREMIUM,51,8.2,CHARGING,No,18,26580,449.38
500494,2279,1/12/2024,25/1/2024,PERSONAL,  North  ,Malaysia,SHAH ALAM,EcoRide 5,100,643,AC,Yes,DEALERSHIP,39660,0,40370,3,  Premium  ,64,4.65,None,No,15.9,24260,697.33
500495,2346,23/10/2023,7/11/2023,CORPORATE,east,  Malaysia  ,PENANG,EcoRide 5,70,410,ac,Yes,dealership,52550,2500,50780,6,STANDARD,60,6.1,none,No,17.5,28770,598.37
500496,1127,10/12/2023,17/10/2023,PERSONAL,east,thailand,chiang mai,EcoRide 3,75,,Home Charger,No,  Online  ,43200,1000,40880,4,premium,66,8.7,none,No,17.8,22590,517.62
500497,1017,19/6/2024,3-Jul-24,GOVERNMENT,west,SINGAPORE,singapore,VoltX Pro,75,367,  DC Fast  ,No,  Online  ,40190,2500,38200,5,  Premium  ,44,7.3,  Charging  ,No,17.2,38940,414.32
500498,2816,6/3/2022,11/3/2022,corporate,NORTH,thailand,bangkok,EcoRide 3,60,334,  AC  ,Yes,  Dealership  ,"34,740",5000,"30,240",5,  Extended  ,66,8.6,Software,No,14.8,"15,410",202.93
500499,2758,2-Nov-24,14/11/2024,personal,West,  Indonesia  ,  Surabaya  ,FamilyEV XL,50,277,AC,Yes,  Corporate Fleet  ,59900,1000,59980,4,extended,32,5,none,No,19.5,14390,116.66
500500,1565,8/1/2022,08-20-2022,government,WEST,Thailand,  Chiang Mai  ,EcoRide 3,70,380,dc fast,Yes,online,52010,2500,49400,6,EXTENDED,,1.75,  Battery  ,No,17.5,20720,365.37
500501,1569,30/8/2022,3-Sep-22,Personal,NORTH,Malaysia,johor bahru,FamilyEV XL,75,449,AC,No,Dealership,43420,5000,36900,4,  Standard  ,50,7.1,none,No,15,19930,469.13
500502,2346,5/8/2023,27/5/2023,PERSONAL,south,VIETNAM,Hanoi,EcoRide 5,75,459,AC,Yes,dealership,49350,1000,47870,6,extended,,4.6,  None  ,No,14.6,20630,364.83
500503,2895,12/4/2022,22/12/2022,,north,  Malaysia  ,SHAH ALAM,EcoRide 3,,336,Supercharger,No,Corporate Fleet,32340,0,31850,4,PREMIUM,27,6.2,other,Yes,13.9,21310,568.89
500504,1685,22-Jun-22,06-26-2022,PERSONAL,south,  Malaysia  ,kuala lumpur,UrbanEV,60,362,  Supercharger  ,Yes,online,44340,2500,41720,4,  Standard  ,28,7.3,NONE,No,20.6,19750,664.59
500505,2815,3-Nov-23,11/11/2023,corporate,South,  Malaysia  ,  Shah Alam  ,FamilyEV XL,80,415,AC,No,Online,39670,2500,37290,5,extended,68,9.3,Other,No,14.9,18180,249.88
500506,1625,06-13-2022,25/6/2022,PERSONAL,EAST,Thailand,chiang mai,UrbanEV,,570,AC,Yes,ONLINE,55120,2500,52380,4,  Extended  ,53,9.2,Software,No,14.3,15070,609.83
500507,2311,10-Apr-23,22-Apr-23,PERSONAL,  South  ,MALAYSIA,penang,EcoRide 5,90,562,DC Fast,Yes,dealership,,1000,54990,5,Standard,52,9.2,none,No,14,25890,494.66
500508,2966,09-21-2024,1-Oct-24,Fleet,  West  ,malaysia,PENANG,VoltX Pro,100 kWh,597,AC,No,Corporate Fleet,"51,230",0,"50,130",3,EXTENDED,,8.8,software,No,11,30340 km,155.33
500509,1853,12/5/2023,05-15-2023,fleet,  North  ,MALAYSIA,JOHOR BAHRU,FamilyEV XL,70,444,  DC Fast  ,No,  Dealership  ,51630,1000,50990,5,extended,67,6,None,No,23.6,45060,681.69
500510,2686,12/1/2023,12-16-2023,PERSONAL,West,  Malaysia  ,PENANG,VoltX Pro,75,435,ac,No,Corporate Fleet,40450,0,39690,5,standard,52,9.2,None,No,17.3,24580,312.89
500511,1961,30/1/2023,2/10/2023,PERSONAL,North,  Thailand  ,Chiang Mai,EcoRide 5,90,581,AC,Yes,  Dealership  ,50020,2500,47320,5,,42,7,  Battery  ,No,14.3,29900,1014.04
500512,2662,12/4/2023,16/12/2023,  Corporate  ,west,INDONESIA,  Surabaya  ,VoltX Pro,90,549,dc fast,Yes,Dealership,35340,2500,31010,6,Premium,38,8.7,Charging,No,16,23520,733.53
500513,1154,4-Nov-22,21/11/2022,personal,South,  Indonesia  ,  Jakarta  ,FamilyEV XL,80,489,  Home Charger  ,No,Online,34400,2500,32840,6,Standard,67,6.6,NONE,No,13.2,26940,471.51
500514,1489,2-Jul-22,9/7/2022,corporate,north,Malaysia,KUALA LUMPUR,VoltX S,90,545,AC,No,Online,44260,0,,5,  Extended  ,38,3.85,CHARGING,No,17.6,21500,499.67
500515,2409,21/9/2023,9-Oct-23,  Fleet  ,West,MALAYSIA,penang,FamilyEV XL,50,285,  AC  ,No,  Online  ,48710,0,49050,4,standard,53,7.9,Motor,No,,19980,221.73
500516,1784,25-May-23,6/9/2023,  Corporate  ,SOUTH,VIETNAM,  Ho Chi Minh City  ,FamilyEV XL,60,359,  AC  ,No,Online,,5000,43370,5,extended,27,8.5,  None  ,No,20.3,20340,851.36
500517,2127,30/6/2023,20/7/2023,corporate,  East  ,  Malaysia  ,  Kuala Lumpur  ,UrbanEV,70,428,dc fast,Yes,online,,2500,33140,6,  Standard  ,,3.35,  Charging  ,No,14.9,35280,330.16
500518,2952,16-Sep-23,29/9/2023,Personal,East,  Indonesia  ,  Surabaya  ,VoltX S,50,272,SUPERCHARGER,Yes,Online,,5000,28170,5,  Standard  ,,9,  None  ,No,18.1,34480,
500519,2416,17/8/2023,28/8/2023,fleet,SOUTH,Malaysia,Penang,VoltX S,60,362,  DC Fast  ,No,DEALERSHIP,41840,1000,,3,Standard,64,6,NONE,No,17.1,16140,371.58
500520,2834,14/1/2024,1/2/2024,corporate,south,vietnam,hanoi,VoltX S,50,,supercharger,No,dealership,38870,2500,36950,5,  Standard  ,29,10,Other,No,14.4,25500,592.22
500521,1245,8/7/2023,12/7/2023,Personal,east,malaysia,,FamilyEV XL,75,463,  AC  ,No,  Online  ,49280,2500,45780,8,STANDARD,53,6.9,NONE,No,18.1,20170,495.82
500522,2199,21-Jan-22,25/1/2022,Government,North,Singapore,Singapore,EcoRide 5,75 kWh,491,  Home Charger  ,No,Dealership,"37,910",7500,"30,550",5,Extended,65,5.1,BATTERY,No,16.8,34550 km,374.75
500523,2062,8-Jul-23,07-22-2023,personal,  East  ,thailand,bangkok,VoltX S,80,,ac,No,  Dealership  ,58610,7500,50870,5,standard,29,7.9,  None  ,No,20,13690,592.87
500524,2500,2/1/2023,11/2/2023,  Personal  ,  West  ,Thailand,  Bangkok  ,EcoRide 3,50,282,AC,No,DEALERSHIP,47540,7500,40230,4,Standard,69,7.4,NONE,No,18.2,29970,800.78
500525,2705,17/9/2023,28/9/2023,  Personal  ,north,Malaysia,  Shah Alam  ,VoltX Pro,100,632,AC,No,  Dealership  ,43970,5000,38070,5,STANDARD,67,3.3,Battery,No,15.6,22700,509.77
500526,1758,15/4/2022,29-Apr-22,,,Thailand,bangkok,EcoRide 5,90,499,AC,No,Dealership,36970,2500,34940,4,standard,67,10,  None  ,Yes,19.7,9010,100
500527,1537,7/11/2022,22/7/2022,PERSONAL,East,THAILAND,bangkok,EcoRide 3,75,444,DC FAST,Yes,corporate fleet,35750,0,35470,4,  Standard  ,68,9.1,  None  ,No,17.9,35450,575.13
500528,2890,17-Jan-22,29/1/2022,CORPORATE,south,  Malaysia  ,shah alam,FamilyEV XL,60,353,DC FAST,No,online,42750,2500,40110,6,Standard,37,4.35,motor,No,15.4,9880,204.67
500529,2841,28/1/2023,1/2/2023,CORPORATE,south,Malaysia,JOHOR BAHRU,FamilyEV XL,80,458,SUPERCHARGER,No,  Online  ,40950,0,43290,4,premium,50,6.6,  Other  ,No,19.8,14860,226.11
500530,1920,1/3/2023,19/3/2023,Personal,north,Singapore,singapore,EcoRide 3,90,626,AC,Yes,  Online  ,32880,0,31120,7,EXTENDED,33,7.2,none,No,19.6,13300,205.33
500531,1407,5/9/2022,18/5/2022,Personal,East,  Malaysia  ,  Johor Bahru  ,UrbanEV,70,418,,No,dealership,54600,2500,52640,5,Extended,28,7.1,  None  ,No,14.3,31110,
500532,1524,07-26-2023,30/7/2023,Corporate,North,thailand,CHIANG MAI,UrbanEV,50 kWh,,ac,Yes,ONLINE,"37,260",5000,"32,700",5,Extended,63,5.3,,No,14.8,"17,730",
500533,1827,29/1/2022,2/1/2022,personal,South,MALAYSIA,  Kuala Lumpur  ,EcoRide 3,100,614,  DC Fast  ,No,dealership,,2500,45600,5,  Premium  ,55,8.4,CHARGING,No,17.4,13860,697.45
500534,2529,30/10/2024,20/11/2024,Corporate,WEST,Singapore,  Singapore  ,UrbanEV,75,,AC,No,online,48100,1000,47690,5,extended,29,8.5,none,No,15.9,26290,662.18
500535,1902,30-Aug-22,5/9/2022,PERSONAL,South,  Malaysia  ,Penang,VoltX Pro,100,584,  AC  ,No,  Dealership  ,33670,2500,31360,7,standard,31,8.2,None,No,16,14240,327.41
500536,2848,20/8/2022,24/8/2022,  Personal  ,south,SINGAPORE,SINGAPORE,VoltX Pro,,539,DC Fast,No,  Dealership  ,42310,5000,37720,3,premium,52,8.3,CHARGING,No,14.6,25260,595.82
500537,1035,28/2/2024,15/3/2024,CORPORATE,West,Malaysia,SHAH ALAM,FamilyEV XL,,352,  Supercharger  ,Yes,ONLINE,35130,2500,35320,7,Standard,64,6.3,none,No,17.5,24550,735.63
500538,1684,16-Dec-23,20/12/2023,PERSONAL,East,  Malaysia  ,  Penang  ,UrbanEV,50,,SUPERCHARGER,Yes,Dealership,47850,2500,45180,5,PREMIUM,38,6.7,none,No,17.7,23770,383.53
500539,1019,29/1/2024,02-15-2024,PERSONAL,west,,johor bahru,VoltX S,100,623,AC,No,  Dealership  ,45440,2500,42760,6,standard,48,3.75,,No,12.7,8370,746.42
500540,1320,3/12/2024,26/3/2024,Personal,South,vietnam,ho chi minh city,EcoRide 3,60,369,  AC  ,Yes,  Dealership  ,44460,5000,38390,3,Standard,66,10,charging,No,15.8,30140,533.77
500541,2799,15/2/2024,02-22-2024,Personal,  West  ,MALAYSIA,penang,VoltX Pro,80,502,  AC  ,No,ONLINE,39260,1000,37440,6,Premium,62,9.7,NONE,Yes,15.3,32260,362.15
500542,1511,27-Dec-23,5/1/2024,  Personal  ,NORTH,  Thailand  ,Bangkok,UrbanEV,75,496,dc fast,Yes,DEALERSHIP,53270,0,53490,4,STANDARD,29,8.8,none,Yes,17.8,28640,
500543,1399,19/7/2022,31/7/2022,Corporate,NORTH,MALAYSIA,,UrbanEV,75,436,  DC Fast  ,No,  Online  ,42360,1000,41730,8,  Standard  ,58,10,charging,No,18.7,27320,354.74
500544,1653,2/8/2024,18/8/2024,personal,NORTH,Malaysia,PENANG,VoltX Pro,80 kWh,516,AC,Yes,  Dealership  ,"34,660",1000,"33,550",6,  Standard  ,52,4.4,Charging,No,19.2,20800 km,777.19
500545,1971,20/3/2022,5/4/2022,PERSONAL,South,  Singapore  ,Singapore,VoltX Pro,60,393,dc fast,No,Online,38390,1000,38040,5,  Extended  ,32,4.5,none,No,15.9,34090,269.55
500546,2906,13/8/2024,20-Aug-24,  Fleet  ,  West  ,SINGAPORE,Singapore,VoltX S,100,652,DC FAST,No,  Corporate Fleet  ,30950,2500,28050,7,STANDARD,45,10,none,No,18.6,12300,761.88
500547,1470,5/5/2024,25-May-24,Personal,south,  Vietnam  ,Ho Chi Minh City,UrbanEV,50,265,DC Fast,Yes,online,40420,1000,41910,4,extended,48,,NONE,No,12.5,6120,543.61
500548,2166,12-Apr-23,28/4/2023,personal,EAST,vietnam,Ho Chi Minh City,UrbanEV,60,403,ac,No,ONLINE,38640,0,38790,8,extended,48,5,NONE,No,21,30730,642.46
500549,2115,4-Aug-23,8-Aug-23,corporate,East,Indonesia,  Surabaya  ,EcoRide 5,50,287,DC Fast,No,  Corporate Fleet  ,49860,0,50530,6,standard,37,8,None,No,14.9,9730,421.3
500550,2377,07-28-2024,11-Aug-24,  Corporate  ,EAST,  Thailand  ,Chiang Mai,FamilyEV XL,90,474,AC,No,dealership,49010,5000,44170,3,Extended,39,7,  None  ,No,13,29690,578.36
500551,1833,25-Mar-23,2-Apr-23,Fleet,  South  ,Singapore,singapore,VoltX S,80,537,HOME CHARGER,Yes,Dealership,46490,2500,43390,5,premium,49,7.9,BATTERY,No,14.9,12070,100
500552,2823,03-28-2022,3/4/2022,fleet,EAST,  Malaysia  ,  Kuala Lumpur  ,VoltX Pro,70,434,  Supercharger  ,No,  Online  ,51630,1000,50120,6,PREMIUM,69,8.4,NONE,No,21.3,26490,543.7
500553,1726,11/4/2022,26-Apr-22,PERSONAL,  South  ,vietnam,ho chi minh city,VoltX Pro,50,311,AC,Yes,DEALERSHIP,36750,1000,34600,5,STANDARD,52,6.6,NONE,No,18.9,16820,237.34
500554,2982,28-Oct-24,11/3/2024,  Fleet  ,NORTH,,Chiang Mai,EcoRide 3,75,440,AC,Yes,Corporate Fleet,47230,1000,44510,5,extended,63,3.45,none,No,22.4,24750,649.61
500555,1853,24/4/2024,10-May-24,personal,  West  ,,CHIANG MAI,FamilyEV XL,90,547,  AC  ,No,Dealership,34930,2500,33380,4,Premium,32,7.4,OTHER,No,17.9,31880,393.04
500556,1050,28/3/2022,04-15-2022,Personal,  North  ,Malaysia,Penang,VoltX Pro,75,446,  DC Fast  ,Yes,DEALERSHIP,41660,2500,38550,4,  Premium  ,55,6.4,NONE,No,21.1,16140,391.15
500557,2688,12/2/2022,18/2/2022,personal,North,Malaysia,SHAH ALAM,UrbanEV,90,518,HOME CHARGER,No,  Corporate Fleet  ,47390,5000,42330,7,Standard,31,7.1,battery,No,15.9,33600,
500558,2721,2/12/2023,02-15-2023,personal,  West  ,Vietnam,HO CHI MINH CITY,VoltX Pro,75,451,AC,No,Dealership,41280,2500,40310,4,Standard,63,9.1,NONE,No,13.1,22120,536.81
500559,1574,26/10/2023,10-Nov-23,  Personal  ,south,,Penang,UrbanEV,60,363,  Home Charger  ,No,Online,56430,5000,52600,8,STANDARD,41,9.2,SOFTWARE,No,18.1,22820,330.59
500560,2213,6/11/2024,12/11/2024,GOVERNMENT,east,  Singapore  ,SINGAPORE,UrbanEV,100,547,DC FAST,Yes,  Online  ,42560,0,42710,4,  Standard  ,59,5.9,  None  ,No,17.2,30300,489.45
500561,2148,28-May-22,17/6/2022,PERSONAL,SOUTH,  Malaysia  ,shah alam,VoltX S,60,361,  Home Charger  ,No,  Online  ,50610,5000,45400,5,  Standard  ,46,8.5,  None  ,No,18.5,31190,434.62
500562,1149,4/10/2022,12/10/2022,  Personal  ,  South  ,indonesia,surabaya,VoltX Pro,60,317,Supercharger,No,DEALERSHIP,43150,2500,40500,3,extended,31,7.9,Battery,No,,21540,295.08
500563,1313,20-Aug-22,08-25-2022,PERSONAL,SOUTH,malaysia,,VoltX S,100,677,supercharger,No,  Corporate Fleet  ,45920,0,48120,7,standard,34,9.6,none,No,18.2,11270,422.28
500564,1569,1-Jan-23,01-16-2023,PERSONAL,south,INDONESIA,surabaya,FamilyEV XL,90 kWh,536,dc fast,No,DEALERSHIP,,1000,"41,610",4,PREMIUM,52,7.6,  None  ,No,16.7,"22,350",381.89
500565,2365,3/12/2023,30/3/2023,corporate,SOUTH,Malaysia,Penang,UrbanEV,90,501,Supercharger,Yes,Corporate Fleet,46240,2500,46730,5,STANDARD,63,3.05,  None  ,No,16.9,11470,694.07
500566,1304,3/2/2023,10-Feb-23,Personal,  East  ,indonesia,  Jakarta  ,FamilyEV XL,100,621,AC,No,Dealership,57090,0,55790,6,STANDARD,67,3.65,  None  ,No,18.4,21380,727.36
500567,2715,05-14-2023,20/5/2023,Personal,East,Thailand,  Bangkok  ,VoltX Pro,75,428,Home Charger,No,Corporate Fleet,55800,5000,50850,6,  Standard  ,53,6.2,software,No,12.6,19540,236.15
500568,1681,06-24-2023,4-Jul-23,PERSONAL,WEST,,Shah Alam,FamilyEV XL,50,299,,No,  Corporate Fleet  ,41590,5000,37760,6,,59,4.6,None,No,14.9,11900,538.7
500569,1837,17-Jul-23,7/8/2023,CORPORATE,NORTH,thailand,  Bangkok  ,FamilyEV XL,90,556,,No,dealership,43400,1000,43480,7,EXTENDED,46,7.9,none,No,23.3,15810,443.97
500570,2806,03-18-2023,3/4/2023,Personal,East,Malaysia,  Penang  ,VoltX Pro,75,419,HOME CHARGER,Yes,dealership,45360,0,45990,7,extended,33,8.8,NONE,No,15.6,30940,324.17
500571,2077,2/12/2024,21-Feb-24,Personal,  East  ,malaysia,johor bahru,VoltX S,50,339,  Home Charger  ,Yes,DEALERSHIP,49490,7500,41380,6,Standard,60,8.3,  None  ,No,19,19730,529.15
500572,2002,16-Dec-22,1-Jan-23,personal,WEST,indonesia,Jakarta,VoltX S,100 kWh,682,supercharger,No,  Dealership  ,"57,980",1000,"55,670",5,STANDARD,32,6.1,  None  ,No,15.8,18790 km,593.81
500573,1443,4-Jun-23,12/6/2023,Personal,north,  Singapore  ,Singapore,UrbanEV,60,347,  AC  ,No,Dealership,54000,0,53820,5,extended,54,6,  None  ,No,16.4,25760,100
500574,1612,18/5/2022,1/6/2022,Personal,east,malaysia,Penang,UrbanEV,90,500,Home Charger,Yes,dealership,43130,1000,,3,  Standard  ,54,8.3,  None  ,No,10.5,33470,700.95
500575,1992,09-18-2024,6-Oct-24,fleet,WEST,  Malaysia  ,PENANG,VoltX Pro,70,405,,No,online,47820,7500,42020,6,STANDARD,55,5,  Charging  ,No,18.9,17910,642.18
500576,1263,3/1/2023,22-Jan-23,  Fleet  ,north,MALAYSIA,JOHOR BAHRU,VoltX Pro,60,349,DC FAST,No,  Dealership  ,46580,5000,41690,4,STANDARD,46,9.9,none,No,,30190,494.74
500577,2076,12-26-2022,10-Jan-23,  Corporate  ,West,INDONESIA,  Surabaya  ,EcoRide 5,80,516,home charger,Yes,  Online  ,40760,1000,39660,6,Extended,68,3.8,charging,No,10.9,21990,324.43
500578,2595,7/9/2024,07-25-2024,Personal,North,MALAYSIA,  Penang  ,EcoRide 5,50,290,AC,No,  Online  ,52090,1000,51300,5,  Extended  ,55,8.3,CHARGING,No,12.8,35520,597.89
500579,2003,25-Nov-22,4-Dec-22,personal,  East  ,VIETNAM,Hanoi,EcoRide 3,70,387,AC,Yes,Dealership,27400,1000,26620,8,Standard,64,4.7,none,No,17.3,29470,369.02
500580,2643,19/8/2024,4-Sep-24,  Personal  ,  West  ,Vietnam,Ho Chi Minh City,UrbanEV,60,362,dc fast,No,DEALERSHIP,52040,0,53230,4,  Standard  ,52,7.8,NONE,No,14.9,19450,753.99
500581,1004,8/4/2023,04-25-2023,GOVERNMENT,  East  ,Malaysia,shah alam,FamilyEV XL,90,486,ac,No,Dealership,47880,2500,45010,6,standard,29,6,none,No,14.6,23940,679.58
500582,2126,3/8/2024,17/8/2024,FLEET,South,MALAYSIA,Shah Alam,EcoRide 3,70,450,supercharger,Yes,ONLINE,32350,0,32230,5,STANDARD,41,3.8,none,No,15.7,16390,503.91
500583,2219,20/8/2024,8/9/2024,  Corporate  ,North,indonesia,SURABAYA,EcoRide 3,75,468,ac,No,  Dealership  ,37710,2500,,7,EXTENDED,35,4.15,BATTERY,No,10,23140,338.95
500584,1773,15/4/2024,26-Apr-24,,WEST,MALAYSIA,  Penang  ,VoltX S,50,288,AC,No,Corporate Fleet,30540,2500,27410,4,  Premium  ,46,7.7,  Battery  ,No,12.2,16210,
500585,1876,18-Jun-22,7/5/2022,personal,south,Malaysia,SHAH ALAM,FamilyEV XL,80,464,DC Fast,Yes,dealership,56880,0,55960,3,standard,49,5.4,None,No,18.9,17170,658.44
500586,1991,5/8/2022,08-19-2022,PERSONAL,  North  ,MALAYSIA,PENANG,VoltX S,75,,,No,  Dealership  ,38060,7500,31960,5,Extended,37,5.9,  None  ,No,18.5,30190,433.15
500587,1883,13/1/2023,17/1/2023,FLEET,East,THAILAND,chiang mai,EcoRide 5,70,389,  AC  ,No,ONLINE,51370,1000,50350,5,EXTENDED,,3.8,CHARGING,No,18.7,23600,582.28
500588,2373,29-Apr-22,5/6/2022,  Corporate  ,SOUTH,  Indonesia  ,surabaya,EcoRide 3,60,341,  AC  ,No,ONLINE,51620,0,52510,5,Standard,69,7.2,none,No,18.8,24540,404
500589,1046,9-Jul-22,07-24-2022,  Government  ,  North  ,MALAYSIA,shah alam,EcoRide 5,50,295,dc fast,Yes,DEALERSHIP,44160,5000,39850,8,STANDARD,,5,Other,No,18.3,18520,151.6
500590,1866,6/2/2024,16/2/2024,Personal,NORTH,Malaysia,Johor Bahru,FamilyEV XL,90,,SUPERCHARGER,Yes,ONLINE,40350,0,38970,3,Standard,35,10,None,No,21.3,19830,167.41
500591,1822,5/1/2023,21-Jan-23,personal,NORTH,  Vietnam  ,  Hanoi  ,FamilyEV XL,80,465,home charger,Yes,Online,48590,0,47940,5,Standard,29,3.35,None,No,18.8,19510,531.21
500592,1935,29/5/2022,15/6/2022,CORPORATE,East,Indonesia,JAKARTA,UrbanEV,60,334,AC,No,corporate fleet,46510,1000,45570,4,  Extended  ,38,5,charging,No,17.1,17880,804.64
500593,2843,14/10/2023,10-27-2023,fleet,,,bangkok,VoltX Pro,80,526,dc fast,No,  Dealership  ,51550,0,51310,3,Standard,46,10,none,No,21.6,17610,306.57
500594,1655,9/2/2024,2/12/2024,PERSONAL,East,indonesia,SURABAYA,VoltX S,90,525,AC,No,Online,36790,7500,29530,8,EXTENDED,27,8.4,software,No,18.6,15940,339.05
500595,1268,9/1/2023,14/1/2023,personal,  West  ,SINGAPORE,  Singapore  ,UrbanEV,100,562,dc fast,No,Online,52160,0,52350,5,extended,59,6.6,NONE,No,18.7,12330,560.07
500596,1369,02-20-2024,3/10/2024,personal,WEST,Indonesia,Jakarta,UrbanEV,50,313,home charger,No,Online,"54,430",0,"55,220",7,STANDARD,56,8.2,Charging,No,15.5,"21,470",507.38
500597,1635,9/6/2022,06-30-2022,PERSONAL,east,  Malaysia  ,johor bahru,VoltX S,70,402,dc fast,No,Online,43200,5000,38160,6,  Standard  ,62,2.4,  Motor  ,No,17.1,15340,557.13
500598,2129,12-17-2022,2/1/2023,PERSONAL,north,Malaysia,Shah Alam,VoltX S,80,445,  DC Fast  ,Yes,dealership,38310,0,38380,6,EXTENDED,64,7.1,None,No,13.6,33620,603.57
500599,2693,10-Jun-24,20/6/2024,Fleet,East,Thailand,bangkok,FamilyEV XL,50,318,AC,Yes,online,"41,620",5000,"35,180",5,premium,48,8.4,NONE,No,12.5,12640 km,496.36
500600,2682,7/6/2023,22-Jun-23,Personal,  South  ,Singapore,  Singapore  ,FamilyEV XL,80,470,Home Charger,Yes,dealership,40520,1000,38920,7,EXTENDED,52,4.3,BATTERY,No,11.8,19170,527.36
500601,1656,6-Jun-23,6/11/2023,personal,east,VIETNAM,  Ho Chi Minh City  ,EcoRide 3,60,380,dc fast,Yes,  Dealership  ,"43,730",0,"43,180",5,standard,45,7.3,OTHER,No,,27140 km,274.64
500602,1119,22-Feb-24,29/2/2024,PERSONAL,EAST,MALAYSIA,Shah Alam,EcoRide 5,80,480,DC Fast,No,dealership,39830,0,39390,5,  Standard  ,,8.1,battery,No,21.1,7010,416.35
500603,1830,30/9/2022,11-Oct-22,CORPORATE,South,  Vietnam  ,hanoi,FamilyEV XL,100,605,DC FAST,Yes,DEALERSHIP,48200,1000,46830,4,Premium,52,6.5,other,No,18.3,27420,752.42
500604,2810,24/7/2024,1/8/2024,FLEET,  West  ,vietnam,ho chi minh city,UrbanEV,60,374,AC,Yes,  Online  ,49460,1000,49060,5,Extended,63,10,,No,19.6,16230,594.27
500605,2627,2/7/2022,6/7/2022,PERSONAL,north,malaysia,johor bahru,EcoRide 3,60,345,  Supercharger  ,Yes,DEALERSHIP,42490,0,44260,8,standard,60,5,Motor,No,14.4,14430,555.81
500606,2081,3/5/2023,18/5/2023,CORPORATE,EAST,INDONESIA,  Jakarta  ,EcoRide 3,50,284,AC,Yes,Dealership,31320,2500,27470,5,Extended,34,,NONE,No,17.9,26090,325.52
500607,2974,25-Apr-24,2-May-24,corporate,north,SINGAPORE,SINGAPORE,UrbanEV,75,486,  Supercharger  ,Yes,DEALERSHIP,48100,1000,46900,6,Standard,61,7.6,  None  ,No,23.1,26890,339.14
500608,2369,4/5/2022,05-14-2022,  Personal  ,WEST,vietnam,Hanoi,FamilyEV XL,90,561,dc fast,Yes,Online,34670,1000,32800,4,Standard,64,3.4,  None  ,No,19.4,14260,285.13
500609,1740,9/11/2024,14-Sep-24,PERSONAL,north,  Singapore  ,singapore,UrbanEV,80,478,AC,Yes,  Online  ,46750,1000,44410,8,standard,49,9.3,  Battery  ,No,15.9,19650,132.97
500610,2497,29/2/2024,14/3/2024,corporate,north,THAILAND,  Chiang Mai  ,VoltX Pro,70,442,ac,Yes,  Online  ,45500,2500,42470,3,Extended,69,,None,No,11.9,30460,446.18
500611,1116,02-18-2023,3/3/2023,CORPORATE,SOUTH,singapore,singapore,FamilyEV XL,60,373,  Supercharger  ,No,dealership,42700,0,41650,7,standard,41,6.5,Motor,No,13.1,18890,422.09
500612,2853,17-Nov-23,26/11/2023,  Government  ,South,  Malaysia  ,kuala lumpur,EcoRide 5,75,478,ac,Yes,  Dealership  ,49510,0,49740,7,Standard,28,9.6,MOTOR,No,19,14970,
500613,1790,23-Apr-22,10-May-22,corporate,north,malaysia,shah alam,UrbanEV,60,333,ac,No,dealership,47540,5000,42380,3,Extended,34,7.3,software,No,17.7,21130,707.16
500614,2150,6-Jun-24,19/6/2024,Fleet,East,  Singapore  ,SINGAPORE,FamilyEV XL,75,448,AC,No,Dealership,47710,1000,46410,5,Extended,49,3.35,  None  ,No,22.4,21350,374.71
500615,2416,2-May-22,05-20-2022,Personal,SOUTH,INDONESIA,JAKARTA,VoltX S,75,484,SUPERCHARGER,No,online,50750,0,51060,6,Standard,56,9.4,none,No,17.2,20190,749.82
500616,2931,2/8/2022,13/2/2022,PERSONAL,  North  ,Thailand,chiang mai,VoltX Pro,70,467,home charger,No,  Dealership  ,42110,0,40680,5,Standard,32,6.8,none,No,12.5,25140,602.91
500617,2012,12-May-23,28-May-23,personal,  South  ,THAILAND,  Bangkok  ,EcoRide 5,75,434,  Supercharger  ,Yes,  Dealership  ,42010,1000,40000,3,  Standard  ,66,8.2,SOFTWARE,Yes,16.3,17490,784.39
500618,2664,02-19-2024,24/2/2024,personal,West,  Malaysia  ,penang,FamilyEV XL,70,424,dc fast,Yes,online,52540,5000,47900,6,EXTENDED,,9.9,NONE,No,17.1,26410,272.14
500619,2081,31-Jul-24,3/8/2024,Fleet,East,SINGAPORE,SINGAPORE,VoltX S,50,300,DC Fast,No,  Dealership  ,49490,0,48470,5,standard,36,9.8,  Battery  ,No,,19410,734.58
500620,1633,05-29-2022,15-Jun-22,Fleet,east,Malaysia,  Johor Bahru  ,FamilyEV XL,60,330,AC,No,dealership,41710,1000,38670,4,STANDARD,45,8.5,None,No,17,11920,365.06
500621,1512,18-Oct-24,21-Oct-24,Corporate,East,  Indonesia  ,  Jakarta  ,VoltX S,70,412,AC,No,  Online  ,"30,970",1000,"31,570",3,standard,69,6.2,Software,No,18.1,"33,120",340.92
500622,2774,23/10/2023,11-Nov-23,personal,south,  Vietnam  ,HANOI,EcoRide 5,90,483,Supercharger,No,Dealership,47740,7500,40580,5,Premium,51,,None,No,10.9,11210,488.19
500623,1801,10-29-2022,2/11/2022,Fleet,North,Singapore,,VoltX Pro,100,593,Supercharger,Yes,  Corporate Fleet  ,48400,0,49420,3,  Premium  ,54,10,Software,Yes,15,27800,330.29
500624,2119,26-Aug-22,9/3/2022,PERSONAL,south,MALAYSIA,johor bahru,VoltX S,60,335,supercharger,No,ONLINE,36510,2500,33280,6,STANDARD,34,9.4,NONE,No,20.8,20870,585.85
500625,2661,9/10/2023,10-19-2023,Personal,west,malaysia,Penang,EcoRide 3,100,607,  DC Fast  ,No,  Dealership  ,39060,0,37680,6,,45,3.85,none,No,21.8,22140,668.22
500626,2141,10-25-2023,12/11/2023,CORPORATE,  West  ,Thailand,BANGKOK,EcoRide 5,90,529,Home Charger,No,Online,42150,2500,39940,5,standard,25,6.1,MOTOR,No,13.2,15900,598.78
500627,1559,24/8/2022,14/9/2022,Fleet,  South  ,  Thailand  ,BANGKOK,EcoRide 5,80,470,  Home Charger  ,Yes,CORPORATE FLEET,48170,2500,44570,5,Standard,33,5.2,none,No,13.2,18600,488.74
500628,2624,22/7/2022,25/7/2022,government,north,  Indonesia  ,  Surabaya  ,UrbanEV,90,596,ac,No,ONLINE,62390,0,63410,6,extended,27,4.9,OTHER,No,19.3,27570,735.9
500629,1487,09-13-2022,18-Sep-22,  Personal  ,North,MALAYSIA,  Penang  ,VoltX Pro,50,301,ac,Yes,online,52820,1000,52060,8,PREMIUM,66,4.95,  None  ,No,23.1,14240,585.68
500630,2260,21/8/2023,26/8/2023,Personal,  South  ,INDONESIA,  Surabaya  ,EcoRide 3,80,540,DC Fast,No,DEALERSHIP,34440,1000,33640,5,Premium,,7.9,none,No,17.7,18480,470.96
500631,2908,24/10/2023,31/10/2023,Personal,  East  ,THAILAND,chiang mai,EcoRide 3,,494,AC,No,ONLINE,41950,1000,41160,8,PREMIUM,30,7.4,None,No,17.3,29400,474.48
500632,1896,23/8/2022,6/9/2022,PERSONAL,north,malaysia,KUALA LUMPUR,UrbanEV,75 kWh,474,  Home Charger  ,No,Online,"44,340",1000,140900,5,PREMIUM,31,9.7,OTHER,No,14.9,17900 km,323.15
500633,2295,06-18-2023,2/7/2023,  Corporate  ,  West  ,  Singapore  ,SINGAPORE,VoltX S,90,509,AC,No,ONLINE,48520,0,49170,5,  Standard  ,67,5.8,other,No,20,22200,307.19
500634,2212,9/5/2024,24-May-24,  Fleet  ,South,malaysia,johor bahru,VoltX S,75,429,  DC Fast  ,Yes,online,39310,0,39110,4,  Premium  ,40,10,,No,16.1,22770,409.01
500635,1703,9-Feb-24,02-20-2024,  Corporate  ,  West  ,  Singapore  ,SINGAPORE,EcoRide 3,90,541,DC FAST,Yes,Online,49090,0,49230,5,standard,60,9.1,NONE,No,21.7,15910,289.45
500636,2470,06-25-2023,4-Jul-23,PERSONAL,WEST,  Indonesia  ,  Surabaya  ,VoltX Pro,80,519,DC Fast,Yes,DEALERSHIP,41410,2500,38040,5,PREMIUM,28,6.1,software,No,18.1,24970,269.98
500637,1580,8/1/2022,7/8/2022,CORPORATE,  West  ,SINGAPORE,  Singapore  ,VoltX S,75,439,AC,No,CORPORATE FLEET,,1000,47560,6,STANDARD,42,9.2,CHARGING,No,17.8,21490,316.6
500638,1789,4/8/2023,29-Apr-23,personal,East,Indonesia,  Surabaya  ,EcoRide 5,100,543,Home Charger,No,  Dealership  ,45530,0,46780,8,STANDARD,56,7,Battery,No,14.5,16390,714.95
500639,1860,12/3/2023,2-Apr-23,Corporate,EAST,  Thailand  ,  Chiang Mai  ,FamilyEV XL,60,370,ac,No,dealership,,2500,56860,8,  Standard  ,56,3,Charging,No,,26430,338.29
500640,1246,10/10/2022,18/10/2022,Personal,  East  ,MALAYSIA,Penang,UrbanEV,90,542,supercharger,No,DEALERSHIP,,2500,50110,4,,42,9.2,  None  ,No,15.1,23020,664.97
500641,2986,29/3/2022,13-Apr-22,personal,EAST,Thailand,Bangkok,VoltX Pro,90,3000,  Supercharger  ,No,online,54200,5000,48310,5,Extended,63,6.3,battery,No,16.7,21510,371.94
500642,2099,12/3/2024,16/12/2024,Personal,east,SINGAPORE,singapore,VoltX S,75,439,AC,No,online,37600,5000,,4,,67,6,software,No,20.3,19830,537.88
500643,1153,6-Apr-23,21/4/2023,  Corporate  ,  West  ,malaysia,kuala lumpur,FamilyEV XL,90,509,Home Charger,No,  Dealership  ,"41,280",2500,"38,580",4,  Standard  ,,8.7,none,No,19.5,"11,740",337.22
500644,2679,5/10/2022,20-Oct-22,PERSONAL,east,Malaysia,  Johor Bahru  ,EcoRide 3,80,510,DC Fast,Yes,  Online  ,47290,0,47520,4,  Standard  ,52,7.8,software,No,15.6,20930,539.23
500645,2458,25/2/2023,14-Mar-23,personal,WEST,singapore,Singapore,UrbanEV,75,451,DC Fast,No,  Dealership  ,36370,2500,33930,5,Standard,63,4.75,  Motor  ,No,10.7,6450,955.52
500646,1996,27-Nov-23,12/12/2023,  Corporate  ,West,MALAYSIA,johor bahru,VoltX S,75,457,  DC Fast  ,Yes,Dealership,52320,2500,50000,7,STANDARD,26,7.5,Charging,No,14.8,27170,360.44
500647,2109,30/5/2023,12/6/2023,personal,North,Malaysia,PENANG,EcoRide 3,70,403,  DC Fast  ,No,DEALERSHIP,45910,5000,40800,5,STANDARD,61,,none,No,17.5,13920,441.26
500648,1696,4-Dec-23,25/12/2023,  Personal  ,North,Singapore,  Singapore  ,VoltX S,100,653,AC,No,  Dealership  ,52700,1000,52980,7,standard,61,4.9,None,No,17.7,25780,
500649,2308,19/1/2022,29/1/2022,Personal,SOUTH,  Malaysia  ,shah alam,UrbanEV,100,609,supercharger,Yes,DEALERSHIP,,2500,44370,8,STANDARD,26,8.8,  None  ,No,22.5,12180,719.9
500650,2997,23/1/2022,2/2/2022,Personal,East,Vietnam,,EcoRide 5,70,360,  DC Fast  ,Yes,corporate fleet,45310,2500,43340,5,premium,43,8,None,No,21.3,12930,751.81
500651,2243,02-17-2023,1/3/2023,Corporate,west,Malaysia,SHAH ALAM,EcoRide 5,80,495,AC,Yes,  Dealership  ,44140,1000,42470,6,premium,29,9.8,OTHER,No,19.4,16810,313.59
500652,2092,19-Nov-24,7/12/2024,corporate,  South  ,INDONESIA,  Jakarta  ,FamilyEV XL,60,354,supercharger,Yes,  Online  ,39620,2500,36160,3,  Standard  ,68,9.1,NONE,No,15.1,35050,468.57
500653,2070,04-18-2022,9-May-22,Personal,east,Singapore,singapore,EcoRide 3,90,534,  Supercharger  ,No,dealership,39200,0,41340,5,PREMIUM,37,8.5,  Software  ,No,17.8,18950,584.14
500654,2008,05-16-2022,29/5/2022,government,east,THAILAND,  Bangkok  ,EcoRide 5,50 kWh,,DC FAST,Yes,dealership,"51,220",2500,"47,770",5,  Standard  ,46,6.9,none,No,18.5,"33,730",513.43
500655,1093,28/12/2022,12-Jan-23,  Personal  ,  North  ,  Malaysia  ,  Penang  ,UrbanEV,90,543,ac,Yes,DEALERSHIP,49680,2500,45360,4,EXTENDED,31,3.7,  None  ,No,21,25240,314.97
500656,2773,9-May-22,05-20-2022,PERSONAL,  East  ,  Vietnam  ,Ho Chi Minh City,EcoRide 3,50,,DC Fast,No,dealership,53640,0,54600,5,extended,26,8.8,  None  ,No,14,20190,306.68
500657,1957,05-30-2023,20/6/2023,Personal,  West  ,singapore,  Singapore  ,VoltX S,100 kWh,604,ac,No,  Online  ,"41,180",5000,"35,690",5,STANDARD,38,7.9,None,No,19.7,"23,210",253.65
500658,2011,25-Mar-23,12-Apr-23,Personal,NORTH,  Indonesia  ,Jakarta,VoltX Pro,80,,DC FAST,Yes,corporate fleet,52860,5000,49130,6,standard,49,10,None,No,,24340,704.89
500659,1452,05-23-2024,1-Jun-24,  Personal  ,east,malaysia,johor bahru,VoltX S,60,316,home charger,No,Dealership,43760,0,41510,7,premium,50,10,  Battery  ,No,15.5,25110,632.7
500660,2227,18-Apr-23,9/5/2023,Corporate,East,MALAYSIA,  Shah Alam  ,UrbanEV,60,343,  AC  ,No,Dealership,49060,0,50910,6,standard,29,7.6,SOFTWARE,No,20.9,31280,833.67
500661,1911,30-Oct-24,13/11/2024,Corporate,North,THAILAND,bangkok,FamilyEV XL,60,352,  AC  ,Yes,online,54040,2500,52480,5,Standard,44,8.1,NONE,No,11.3,22610,298.39
500662,1217,29/10/2022,15-Nov-22,PERSONAL,NORTH,Malaysia,KUALA LUMPUR,EcoRide 3,70,461,SUPERCHARGER,No,dealership,59500,1000,58290,4,  Premium  ,36,6.8,NONE,No,23.5,26290,559.92
500663,1473,19/8/2022,4/9/2022,FLEET,WEST,singapore,,VoltX S,80,465,AC,No,DEALERSHIP,52510,1000,49780,5,standard,60,7.8,Software,No,20.9,35700,527.22
500664,1431,11/7/2024,07-24-2024,corporate,South,  Malaysia  ,  Shah Alam  ,EcoRide 3,50,333,,Yes,ONLINE,46420,5000,40090,4,Standard,55,9.4,  Charging  ,No,16.4,11020,574.27
500665,1340,12-25-2024,1/6/2025,corporate,North,thailand,chiang mai,EcoRide 5,60,332,  DC Fast  ,No,DEALERSHIP,48930,7500,40740,4,  Premium  ,41,7.2,none,No,15.7,21190,621.92
500666,1550,25/7/2024,8/7/2024,corporate,  North  ,Vietnam,  Hanoi  ,VoltX Pro,80,455,SUPERCHARGER,No,dealership,53740,1000,53450,3,Premium,40,7.4,none,No,16.9,27610,1139.44
500667,2635,22-Apr-22,30/4/2022,  Personal  ,EAST,Singapore,  Singapore  ,UrbanEV,90,581,Supercharger,No,Online,49970,0,49110,5,premium,34,6.2,NONE,No,14.7,12300,1131.65
500668,2312,2/11/2024,6/11/2024,corporate,EAST,  Indonesia  ,,VoltX S,50,288,supercharger,No,  Dealership  ,"42,210",2500,"37,660",5,Standard,59,7.2,none,No,16.3,15210 km,571.84
500669,2277,15/5/2023,28/5/2023,FLEET,  East  ,singapore,,VoltX Pro,100,644,DC Fast,No,dealership,49300,2500,47030,4,STANDARD,57,4.45,none,No,19.5,15420,822.97
500670,2757,20/7/2024,10-Aug-24,FLEET,,singapore,singapore,UrbanEV,70,3000,Home Charger,No,DEALERSHIP,"54,130",5000,"50,130",4,extended,62,7.6,NONE,No,14.9,"24,680",327.68
500671,1356,21/8/2023,29/8/2023,personal,West,vietnam,  Ho Chi Minh City  ,UrbanEV,75,428,AC,No,Online,57690,0,,6,EXTENDED,59,6.3,motor,No,,25680,480.12
500672,1022,22/8/2022,9/7/2022,  Personal  ,SOUTH,INDONESIA,Jakarta,FamilyEV XL,50,313,  AC  ,No,  Online  ,45430,2500,41900,6,  Extended  ,51,8.3,none,No,16.3,15820,340.53
500673,2785,25/8/2023,2/9/2023,  Personal  ,SOUTH,INDONESIA,Jakarta,EcoRide 5,100,568,AC,Yes,online,37180,1000,35260,5,premium,31,3.95,Software,No,20.3,25000,550.42
500674,1521,11/10/2022,29/11/2022,PERSONAL,South,  Malaysia  ,penang,FamilyEV XL,100,589,ac,Yes,  Online  ,32540,2500,27050,4,Premium,51,4.85,none,No,21.1,17460,605.16
500675,2781,20-Jul-23,1/8/2023,personal,SOUTH,  Singapore  ,  Singapore  ,FamilyEV XL,100,616,AC,Yes,  Online  ,50570,0,49020,3,EXTENDED,65,7.8,  Motor  ,No,14,30790,959.86
500676,2860,1/11/2024,4/11/2024,corporate,  West  ,MALAYSIA,KUALA LUMPUR,EcoRide 3,90,531,  DC Fast  ,Yes,  Dealership  ,34270,5000,28200,4,Standard,36,6.5,Software,No,10.7,25580,313.73
500677,2123,28/7/2022,2-Aug-22,personal,  West  ,singapore,SINGAPORE,EcoRide 3,50,289,dc fast,No,ONLINE,47240,2500,43850,6,STANDARD,,4.7,Charging,No,17.5,27140,765.23
500678,1801,3/11/2024,13-Nov-24,fleet,south,Singapore,Singapore,VoltX Pro,50,276,  AC  ,No,Online,"52,540",5000,"47,010",5,Standard,37,6.5,  Battery  ,No,,"33,120",417.32
500679,2203,9/11/2024,19/11/2024,personal,West,indonesia,surabaya,EcoRide 5,75,493,supercharger,No,Online,43860,1000,43450,6,  Standard  ,26,6,  Charging  ,No,13.3,26850,388.37
500680,2246,10/8/2023,08-27-2023,Government,WEST,indonesia,SURABAYA,UrbanEV,60,399,Supercharger,No,ONLINE,"34,530",2500,"32,540",5,STANDARD,27,6.4,none,No,22,18010 km,452.9
500681,2929,10/11/2024,20/10/2024,Personal,west,SINGAPORE,singapore,EcoRide 5,90,552,,No,  Dealership  ,36180,7500,28170,6,EXTENDED,35,7.1,none,No,15.9,22870,896.14
500682,1761,29/12/2024,11/1/2025,Personal,north,Malaysia,Kuala Lumpur,EcoRide 5,100,,AC,No,dealership,38560,5000,33580,5,Extended,29,2.6,MOTOR,No,18.9,12820,107.79
500683,2682,29/11/2023,8/12/2023,  Fleet  ,  East  ,  Indonesia  ,Jakarta,VoltX Pro,,445,ac,No,  Online  ,44130,5000,37770,3,extended,26,5.4,SOFTWARE,No,14.8,14280,590.45
500684,1441,12/5/2022,18/5/2022,corporate,  South  ,MALAYSIA,  Shah Alam  ,EcoRide 3,50,,AC,Yes,online,53430,0,52860,3,,52,,,No,12.5,26170,
500685,2631,9/11/2024,11-23-2024,  Government  ,WEST,thailand,CHIANG MAI,EcoRide 5,90,577,supercharger,Yes,Dealership,45080,1000,42790,6,Standard,37,7.7,charging,No,20.5,33720,306.57
500686,1768,20/6/2023,28-Jun-23,Personal,NORTH,  Malaysia  ,  Shah Alam  ,EcoRide 5,70,405,AC,No,Online,60070,0,59330,5,Standard,59,3.9,NONE,No,14.2,29510,
500687,2015,10/10/2024,26/10/2024,personal,EAST,malaysia,Johor Bahru,EcoRide 5,50,321,AC,Yes,CORPORATE FLEET,52290,1000,53150,4,Extended,64,7.9,  None  ,No,,24390,
500688,2348,15-Aug-22,29/8/2022,Corporate,  South  ,vietnam,Ho Chi Minh City,VoltX S,70,437,  AC  ,No,dealership,47070,0,47220,6,Extended,37,4.4,  Battery  ,No,14.5,11480,892.57
500689,1515,1/4/2024,04-14-2024,  Personal  ,  South  ,  Malaysia  ,kuala lumpur,EcoRide 5,80,514,SUPERCHARGER,Yes,ONLINE,44500,2500,41410,4,  Extended  ,36,6.8,None,No,16.3,22950,242.22
500690,2039,20-May-24,10/6/2024,Fleet,East,  Singapore  ,SINGAPORE,EcoRide 5,70,375,ac,Yes,dealership,41520,5000,37000,5,STANDARD,42,8.8,NONE,No,16.5,14960,615.84
500691,1791,2/9/2023,02-16-2023,personal,west,  Malaysia  ,Kuala Lumpur,UrbanEV,50,292,supercharger,Yes,dealership,46050,2500,43160,8,STANDARD,42,8.2,None,No,16.9,24730,413.55
500692,1335,07-21-2022,8/6/2022,Personal,,vietnam,Ho Chi Minh City,FamilyEV XL,75,445,AC,No,ONLINE,48800,5000,45480,4,premium,41,6.6,Other,No,15.1,12730,472.08
500693,2782,7/2/2022,25/2/2022,personal,  West  ,INDONESIA,surabaya,VoltX S,50,,Supercharger,No,  Online  ,47250,0,47600,4,Standard,63,8.9,  Other  ,No,19.2,23140,442.22
500694,1257,07-30-2024,14/8/2024,Personal,south,malaysia,  Kuala Lumpur  ,EcoRide 5,50,338,home charger,No,  Dealership  ,41510,5000,,5,EXTENDED,,8.1,none,No,19.8,18380,722.02
500695,1496,7/7/2022,13-Jul-22,fleet,,malaysia,johor bahru,FamilyEV XL,80,467,DC FAST,Yes,CORPORATE FLEET,"37,780",0,"39,100",5,Standard,37,6.4,,No,20.7,"22,600",538.99
500696,1895,16-Dec-24,29/12/2024,Corporate,South,Thailand,chiang mai,EcoRide 5,100,619,supercharger,No,  Online  ,58040,1000,57660,3,standard,69,6.5,None,No,15.7,18290,218.82
500697,1159,29/7/2024,08-17-2024,PERSONAL,  North  ,  Malaysia  ,penang,VoltX Pro,60,,SUPERCHARGER,No,  Dealership  ,49440,1000,48910,5,STANDARD,62,8.7,,No,13.6,11040,
500698,2498,9/11/2024,18/11/2024,corporate,east,  Thailand  ,BANGKOK,VoltX Pro,50,294,  Supercharger  ,No,Online,47490,5000,43320,3,PREMIUM,43,9.5,Charging,No,17.6,29170,556.36
500699,1851,30/9/2022,10-16-2022,PERSONAL,  East  ,  Malaysia  ,Penang,FamilyEV XL,80,457,supercharger,Yes,DEALERSHIP,48540,7500,41770,4,Standard,48,8.4,NONE,No,18.1,19920,710.41
500700,2687,8/6/2023,19/8/2023,personal,East,  Malaysia  ,KUALA LUMPUR,VoltX S,75,512,AC,Yes,  Dealership  ,"52,710",1000,"52,220",6,Premium,43,4.65,  Charging  ,No,18.1,"18,970",569.69
500701,2931,31-May-23,6/11/2023,personal,EAST,THAILAND,chiang mai,UrbanEV,80,473,DC Fast,Yes,Dealership,41720,0,41560,6,Premium,,9.8,  Software  ,No,21.6,21030,198.39
500702,1689,10/6/2023,06-25-2023,Corporate,  East  ,malaysia,penang,VoltX S,80,508,  Home Charger  ,No,dealership,44090,2500,42500,6,  Extended  ,48,7.7,  None  ,No,17.3,17410,737.79
500703,2698,2-Dec-22,22-Dec-22,Corporate,North,  Indonesia  ,SURABAYA,VoltX S,70,420,ac,Yes,ONLINE,39730,2500,37060,3,STANDARD,54,8.2,NONE,No,23.3,17390,730.9
500704,1379,11-29-2023,12-Dec-23,fleet,North,malaysia,shah alam,VoltX Pro,60,349,home charger,Yes,dealership,44950,2500,43780,6,Premium,52,4.5,none,No,19.6,32060,607.23
500705,2568,14-Dec-24,12-31-2024,Corporate,east,,  Shah Alam  ,VoltX Pro,60,363,DC Fast,Yes,Online,40270,0,40770,5,extended,59,6.3,NONE,No,19.7,22580,560.7
500706,2952,15/5/2023,6/5/2023,FLEET,South,VIETNAM,HO CHI MINH CITY,UrbanEV,90,551,  DC Fast  ,No,Dealership,37960,5000,33150,5,  Standard  ,62,4.8,None,No,17.3,18940,577.52
500707,1956,18/6/2024,21-Jun-24,  Government  ,north,singapore,SINGAPORE,EcoRide 5,100,,SUPERCHARGER,No,DEALERSHIP,33660,0,34290,5,  Extended  ,41,10,none,No,16.1,10380,733.8
500708,1690,2/5/2024,11-Feb-24,corporate,South,THAILAND,bangkok,UrbanEV,75,427,Supercharger,No,dealership,56610,1000,55770,7,STANDARD,58,6.9,None,No,15.2,18410,775.04
500709,2450,06-20-2023,7/6/2023,Corporate,EAST,Malaysia,  Shah Alam  ,EcoRide 5,90,557,DC Fast,No,ONLINE,42660,0,43930,6,STANDARD,33,10,NONE,No,17.5,15200,609.44
500710,2636,11/6/2022,27/6/2022,Personal,South,  Thailand  ,CHIANG MAI,FamilyEV XL,100,605,  AC  ,Yes,DEALERSHIP,48410,5000,44360,5,Premium,37,9.2,Battery,No,19.6,19050,629.89
500711,2291,17-Aug-23,22-Aug-23,personal,East,,  Chiang Mai  ,FamilyEV XL,100,574,SUPERCHARGER,Yes,Dealership,45670,0,45740,6,extended,38,7.8,OTHER,No,16.4,32640,542.75
500712,2858,8/6/2022,27/6/2022,PERSONAL,east,Malaysia,penang,EcoRide 3,80,450,home charger,Yes,Corporate Fleet,48480,2500,42720,6,EXTENDED,50,2.45,CHARGING,No,15.9,32030,983.8
500713,2600,3/1/2022,6/3/2022,  Personal  ,  South  ,indonesia,jakarta,VoltX Pro,75,460,  DC Fast  ,Yes,online,30980,0,31840,3,Standard,45,3.95,Software,No,13.9,20170,100
500714,2440,3/7/2024,07-21-2024,,WEST,thailand,  Bangkok  ,EcoRide 3,100,,ac,No,Dealership,41710,1000,41130,5,  Premium  ,68,8.6,SOFTWARE,No,18.5,17190,370.71
500715,2191,30/7/2022,08-15-2022,PERSONAL,  East  ,Malaysia,  Penang  ,EcoRide 3,75,442,ac,No,online,53120,7500,48050,3,extended,44,8.5,NONE,No,13.8,26050,343.78
500716,2865,2/10/2023,25-Feb-23,FLEET,EAST,thailand,bangkok,VoltX Pro,60,363,home charger,No,  Online  ,58600,0,57300,5,Standard,35,6,NONE,No,18.2,29830,923.6
500717,2066,10-26-2023,12/11/2023,Personal,  East  ,thailand,chiang mai,EcoRide 3,60,402,AC,Yes,online,42450,5000,37230,6,EXTENDED,66,3.5,NONE,No,17.8,20100,459.42
500718,2579,06-26-2023,12/7/2023,  Personal  ,north,MALAYSIA,  Penang  ,VoltX S,60,360,dc fast,Yes,online,43260,5000,36710,7,Standard,59,9,NONE,No,16.6,36150,103.21
500719,1284,24/9/2024,15/10/2024,Personal,EAST,,SINGAPORE,EcoRide 5,50,294,  AC  ,Yes,  Online  ,52460,2500,49230,4,standard,55,8.9,Battery,No,20.6,18220,341.12
500720,1396,15/7/2024,07-23-2024,government,South,MALAYSIA,shah alam,UrbanEV,80,489,ac,No,Online,48090,0,49650,3,  Premium  ,42,9.4,none,No,21.8,19500,614.99
500721,1011,05-17-2024,05-29-2024,personal,West,Singapore,SINGAPORE,VoltX Pro,75,429,AC,Yes,  Online  ,45210,5000,38550,5,Premium,38,8.2,Software,No,10.7,20900,510.06
500722,2630,01-19-2022,5/2/2022,Personal,west,  Indonesia  ,jakarta,VoltX S,80,473,,Yes,  Dealership  ,44550,5000,38160,5,standard,29,8,None,No,12.5,19640,483.33
500723,2325,8/3/2023,03-16-2023,corporate,east,singapore,  Singapore  ,FamilyEV XL,100,,SUPERCHARGER,No,  Dealership  ,41010,7500,34090,6,extended,41,8.8,None,No,18.8,13950,544.77
500724,2921,10-Jan-24,22/1/2024,FLEET,south,Vietnam,Ho Chi Minh City,UrbanEV,75,469,  AC  ,No,Dealership,40760,5000,35950,5,  Premium  ,45,8.1,OTHER,No,22.1,27410,732.22
500725,2276,2/7/2022,11/7/2022,personal,,  Malaysia  ,PENANG,UrbanEV,75,430,AC,Yes,Dealership,45920,1000,44590,5,EXTENDED,38,5.7,  None  ,No,12.9,20000,688.53
500726,1498,23-Apr-22,5/12/2022,personal,,  Singapore  ,  Singapore  ,UrbanEV,90,540,dc fast,Yes,dealership,47220,2500,42150,4,Standard,27,5,none,No,18.3,37070,340.83
500727,1753,26/4/2023,16/5/2023,Personal,SOUTH,Indonesia,surabaya,EcoRide 3,75 kWh,396,HOME CHARGER,Yes,Dealership,"47,580",1000,"47,850",6,standard,55,9.4,None,No,11.8,"27,410",563.1
500728,1034,10/4/2024,04-29-2024,government,SOUTH,  Singapore  ,singapore,EcoRide 3,75,466,  Supercharger  ,No,ONLINE,40200,1000,38960,4,Standard,49,8.6,  None  ,No,11.4,24270,814.07
500729,1726,2/2/2024,13/2/2024,PERSONAL,EAST,SINGAPORE,Singapore,EcoRide 3,70,414,  AC  ,Yes,dealership,54330,2500,50810,3,premium,68,5.9,BATTERY,No,23.2,35530,547.1
500730,1848,21/4/2023,5/3/2023,  Personal  ,north,malaysia,PENANG,EcoRide 3,70,473,AC,No,DEALERSHIP,33650,5000,28970,5,Extended,41,9.3,  Battery  ,Yes,18.2,27030,385.68
500731,1089,2/2/2024,14/2/2024,Personal,  West  ,  Malaysia  ,Johor Bahru,VoltX S,90,553,DC Fast,No,Dealership,48710,2500,47470,5,STANDARD,50,7.3,  None  ,Yes,12.4,26790,274.67
500732,1775,28/8/2024,9/6/2024,Personal,north,MALAYSIA,  Shah Alam  ,EcoRide 3,,283,Home Charger,Yes,DEALERSHIP,41220,5000,35950,6,premium,,9.2,  Charging  ,No,16.4,17330,550.97
500733,1604,16/10/2024,3/11/2024,corporate,  West  ,VIETNAM,  Ho Chi Minh City  ,VoltX Pro,60,334,AC,Yes,Dealership,38940,0,38290,3,  Premium  ,43,8.8,software,No,14.7,20330,460.98
500734,2945,6/10/2022,06-30-2022,PERSONAL,West,Malaysia,SHAH ALAM,UrbanEV,100,626,AC,Yes,Dealership,42730,1000,41770,8,standard,51,3.75,None,No,15.7,28970,457.41
500735,1969,5-Feb-23,02-13-2023,  Personal  ,east,Indonesia,SURABAYA,VoltX S,100,672,SUPERCHARGER,Yes,dealership,33860,1000,33240,4,  Extended  ,31,4.8,  None  ,Yes,16.1,27680,546.16
500736,2625,17/7/2022,20/7/2022,personal,EAST,Thailand,Chiang Mai,FamilyEV XL,75,495,DC Fast,Yes,Dealership,47480,0,47960,5,Extended,50,3.1,software,No,17.6,17790,365.07
500737,2021,22/10/2023,25-Oct-23,Personal,  South  ,  Malaysia  ,KUALA LUMPUR,EcoRide 3,80,441,dc fast,No,  Online  ,56300,1000,55050,5,Extended,29,8.1,  Software  ,No,18.3,38360,758.46
500738,1417,6/12/2024,12-20-2024,Personal,EAST,  Singapore  ,SINGAPORE,FamilyEV XL,100,608,AC,No,Dealership,40490,5000,36720,7,Extended,26,5,none,No,14.9,20570,485.85
500739,1114,3/2/2023,7/2/2023,Corporate,south,  Indonesia  ,  Jakarta  ,UrbanEV,70,452,ac,Yes,dealership,61460,2500,,6,EXTENDED,40,8.7,None,No,14.8,30200,897.2
500740,1616,19/3/2022,25-Mar-22,Corporate,  South  ,indonesia,  Surabaya  ,VoltX S,60,328,AC,No,dealership,38970,1000,37800,4,  Premium  ,,9.4,None,Yes,18.2,23830,706.66
500741,2926,4/5/2022,23-May-22,CORPORATE,East,malaysia,johor bahru,UrbanEV,50 kWh,321,ac,Yes,Corporate Fleet,"42,040",1000,"40,860",5,Extended,35,8.1,None,No,15,25190 km,484.81
500742,2219,03-16-2022,22/3/2022,  Corporate  ,South,MALAYSIA,,FamilyEV XL,60,343,home charger,No,ONLINE,54520,2500,50480,5,Standard,63,4,none,No,15,19620,244.21
500743,1825,17-May-22,30/5/2022,Fleet,east,malaysia,Johor Bahru,VoltX S,75,444,  AC  ,No,Dealership,36620,1000,35980,6,standard,47,,OTHER,No,17.3,23420,632.59
500744,2524,25/8/2023,08-31-2023,Personal,South,MALAYSIA,Johor Bahru,EcoRide 5,,367,DC Fast,No,Dealership,43410,2500,,5,STANDARD,59,7.8,  Software  ,No,17.1,11160,594.59
500745,2649,16/4/2024,19/4/2024,Corporate,south,Thailand,Chiang Mai,VoltX S,75,482,DC FAST,Yes,DEALERSHIP,57030,1000,55840,5,Standard,30,9,  Software  ,No,15.7,29730,359.94
500746,2516,05-15-2023,05-24-2023,corporate,NORTH,Indonesia,SURABAYA,EcoRide 3,90,595,  AC  ,No,ONLINE,"36,750",1000,"36,260",6,Standard,61,6.4,NONE,No,20.2,"27,260",270.71
500747,2098,18/5/2022,7/6/2022,corporate,north,MALAYSIA,kuala lumpur,FamilyEV XL,70,411,HOME CHARGER,No,  Online  ,49130,2500,46440,5,PREMIUM,25,6.6,None,No,18.5,35040,497.36
500748,1412,19/2/2022,2/3/2022,PERSONAL,South,thailand,chiang mai,UrbanEV,70,407,  Supercharger  ,Yes,dealership,48570,2500,47480,8,PREMIUM,57,,NONE,No,23.1,22540,546.82
500749,2399,30/8/2024,4-Sep-24,personal,north,thailand,CHIANG MAI,UrbanEV,75,434,  Home Charger  ,No,ONLINE,,0,32010,7,Premium,42,9.2,NONE,No,16.3,15040,532.02
500750,2443,11/9/2022,21/9/2022,CORPORATE,north,  Malaysia  ,Kuala Lumpur,UrbanEV,80,505,ac,No,Dealership,40690,7500,33560,6,Premium,27,10,  None  ,No,19.1,32480,500.65
500751,1728,11/12/2023,1/1/2024,corporate,West,  Malaysia  ,Kuala Lumpur,VoltX Pro,70,448,AC,Yes,Online,61670,0,61000,7,STANDARD,43,3.8,None,No,21.4,20150,
500752,2300,07-17-2023,23-Jul-23,Government,  North  ,thailand,CHIANG MAI,VoltX Pro,80,509,AC,No,dealership,46570,0,44680,5,  Standard  ,34,7.6,  None  ,No,14.3,3000,372.89
500753,2020,27/1/2024,16-Feb-24,personal,east,INDONESIA,jakarta,EcoRide 3,75,458,ac,No,ONLINE,47690,2500,45990,5,Standard,44,9.2,Charging,No,15.9,25510,879.1
500754,1760,1-Jul-23,07-14-2023,Personal,  South  ,thailand,BANGKOK,EcoRide 5,90,553,DC FAST,Yes,Dealership,,2500,42280,4,standard,35,4.45,Battery,No,20.7,28560,166.66
500755,1675,10-Jul-24,07-26-2024,Personal,West,  Malaysia  ,PENANG,VoltX Pro,75 kWh,443,HOME CHARGER,Yes,  Dealership  ,"59,300",0,"59,030",7,premium,56,3.8,none,No,19,"30,540",354.29
500756,2417,4-Aug-23,24/8/2023,CORPORATE,South,MALAYSIA,johor bahru,VoltX S,90 kWh,535,AC,Yes,Online,"38,180",2500,"36,560",5,extended,64,,  Software  ,No,16.9,15690 km,261.31
500757,2892,18/2/2022,3/8/2022,Personal,South,malaysia,shah alam,FamilyEV XL,100,634,Home Charger,Yes,  Dealership  ,40250,0,39380,5,standard,44,7.1,software,No,12.9,25570,544.15
500758,1456,5/7/2024,10/7/2024,Personal,East,THAILAND,bangkok,EcoRide 3,70,427,dc fast,Yes,  Online  ,44220,7500,36260,7,standard,56,6.3,None,No,13.1,26060,579.8
500759,1919,5/12/2023,12-22-2023,GOVERNMENT,South,INDONESIA,  Surabaya  ,EcoRide 5,80,465,DC Fast,Yes,Dealership,"48,890",2500,"45,000",6,Standard,67,7.8,None,No,15.6,26320 km,850.68
500760,1191,09-18-2022,09-24-2022,personal,  East  ,malaysia,SHAH ALAM,VoltX S,75,483,  AC  ,Yes,Dealership,46080,0,,5,  Standard  ,61,5,charging,No,14.6,17800,542.8
500761,1738,12-22-2022,29-Dec-22,Corporate,  North  ,indonesia,Surabaya,UrbanEV,100,576,AC,No,online,"46,270",0,"45,470",3,  Standard  ,46,3.45,None,No,14.7,"24,490",669.36
500762,2712,30/9/2023,19-Oct-23,PERSONAL,west,  Thailand  ,Bangkok,VoltX Pro,70,424,home charger,Yes,ONLINE,41130,2500,,4,EXTENDED,28,5.8,charging,No,11.5,29830,282.32
500763,2122,13/1/2024,22/1/2024,  Corporate  ,  South  ,,BANGKOK,VoltX S,100,550,  AC  ,Yes,Dealership,49250,2500,,5,  Premium  ,37,6.5,  None  ,No,12.9,8840,
500764,2571,10/6/2024,24-Oct-24,FLEET,  South  ,VIETNAM,  Hanoi  ,EcoRide 5,90,506,SUPERCHARGER,Yes,Online,31750,5000,26980,5,Premium,30,,none,No,14.4,21900,761.66
500765,1977,19-Jul-24,4-Aug-24,Corporate,East,MALAYSIA,  Kuala Lumpur  ,EcoRide 3,75,451,DC Fast,Yes,ONLINE,"41,170",5000,"37,620",3,  Extended  ,53,4.3,NONE,No,17.4,29020 km,688.3
500766,2008,3-Oct-23,10-21-2023,  Corporate  ,SOUTH,VIETNAM,HO CHI MINH CITY,VoltX S,100,572,Home Charger,Yes,Dealership,39250,1000,37760,5,standard,26,4.95,Battery,No,16,33290,547.81
500767,1095,2-Mar-24,11-Mar-24,,West,malaysia,johor bahru,EcoRide 3,100,591,SUPERCHARGER,Yes,Online,37290,5000,32850,4,Premium,49,9.6,OTHER,No,17.2,32850,324.78
500768,2687,4-Sep-23,15-Sep-23,  Personal  ,South,MALAYSIA,  Johor Bahru  ,UrbanEV,90,584,ac,No,DEALERSHIP,32540,2500,29400,4,EXTENDED,56,8.4,none,No,17,28610,986.15
500769,1662,19/3/2024,25/3/2024,Personal,EAST,,  Jakarta  ,EcoRide 5,60,357,  DC Fast  ,Yes,  Dealership  ,46630,1000,47310,6,Extended,50,9,None,No,,35070,665.76
500770,2213,17/11/2023,30/11/2023,  Fleet  ,North,VIETNAM,Hanoi,EcoRide 5,90,572,AC,Yes,online,48010,2500,45630,5,Premium,50,6.9,NONE,No,20.2,28830,361.73
500771,2759,7-Jul-22,11/7/2022,CORPORATE,  West  ,singapore,SINGAPORE,VoltX Pro,60,341,DC FAST,No,ONLINE,48060,0,47850,5,Standard,62,9,Charging,No,19.2,5720,510.56
500772,1036,11-Sep-24,25-Sep-24,PERSONAL,east,Thailand,chiang mai,FamilyEV XL,70,435,  AC  ,No,dealership,51590,1000,49800,4,Standard,46,3.9,SOFTWARE,No,17.1,18850,208.28
500773,2803,2-Jul-23,16/7/2023,fleet,  North  ,  Thailand  ,,EcoRide 5,,420,dc fast,No,  Online  ,52810,5000,48720,7,Premium,34,9.3,  None  ,No,15.4,31990,524.36
500774,2392,26/12/2023,1/1/2024,PERSONAL,North,  Indonesia  ,Jakarta,VoltX S,100,,AC,No,online,30720,2500,28350,7,extended,47,8.6,other,No,21.1,18430,407.1
500775,2718,14-Jul-24,3/8/2024,corporate,south,MALAYSIA,JOHOR BAHRU,VoltX S,70,437,  Home Charger  ,Yes,Dealership,49420,5000,44620,5,Extended,28,7.3,BATTERY,No,14,31100,977.47
500776,2548,25-May-24,3-Jun-24,,,  Indonesia  ,  Jakarta  ,VoltX S,50,300,DC Fast,No,dealership,46280,0,45220,7,STANDARD,40,6.3,  None  ,Yes,19.9,27420,652.38
500777,1278,10/9/2023,13-Sep-23,personal,  South  ,SINGAPORE,SINGAPORE,UrbanEV,90,574,HOME CHARGER,No,ONLINE,46200,1000,44420,5,STANDARD,66,7.2,none,Yes,14.4,35180,100
500778,1216,18/2/2023,5-Mar-23,  Personal  ,SOUTH,  Singapore  ,SINGAPORE,EcoRide 5,,439,AC,Yes,  Dealership  ,44130,1000,41370,4,Standard,,8.3,  None  ,No,20.9,18970,868.13
500779,1866,21-Jun-24,29/6/2024,personal,NORTH,Singapore,singapore,EcoRide 5,70,411,DC FAST,No,dealership,41150,1000,,3,  Standard  ,37,6.8,charging,No,18.4,9150,580.74
500780,1872,12/6/2022,20/6/2022,Fleet,South,singapore,singapore,VoltX S,100,652,  AC  ,No,DEALERSHIP,48700,7500,40720,4,STANDARD,68,,NONE,No,19.7,20520,808.01
500781,2821,27/9/2022,11/10/2022,personal,EAST,VIETNAM,HANOI,VoltX Pro,60,370,dc fast,No,dealership,38140,1000,35800,5,standard,37,9.6,charging,Yes,17.6,12040,555.55
500782,2296,24/9/2023,4/10/2023,Personal,  West  ,singapore,Singapore,VoltX Pro,90,531,  Home Charger  ,No,Corporate Fleet,"52,720",2500,"50,150",5,  Extended  ,57,9.8,  Charging  ,No,18.3,18770 km,530.4
500783,2904,24/6/2024,15-Jul-24,personal,EAST,vietnam,HO CHI MINH CITY,EcoRide 5,60,363,HOME CHARGER,No,ONLINE,41520,2500,38670,5,Premium,38,,BATTERY,No,17.1,3000,333.07
500784,1061,24-Jul-22,31/7/2022,Personal,West,Malaysia,,EcoRide 5,75,453,  AC  ,Yes,ONLINE,30710,5000,24980,5,Premium,32,10,None,No,,22120,630.68
500785,1595,5-Aug-23,25/8/2023,PERSONAL,East,  Thailand  ,Chiang Mai,EcoRide 3,70,426,Home Charger,No,Online,45790,2500,42430,5,STANDARD,50,,  Other  ,No,20.3,25040,717.81
500786,2903,20/4/2024,04-27-2024,FLEET,NORTH,Indonesia,surabaya,EcoRide 5,90,535,Supercharger,Yes,online,"36,760",2500,"34,430",4,,,9.9,None,No,16.2,"25,440",149.37
500787,1728,08-19-2023,31/8/2023,  Personal  ,South,Thailand,bangkok,VoltX S,70 kWh,430,home charger,Yes,Online,"36,610",5000,"30,830",3,EXTENDED,25,6,Motor,No,17.3,28930 km,336.03
500788,2365,7/9/2022,10/9/2022,  Corporate  ,east,thailand,  Chiang Mai  ,FamilyEV XL,75,474,DC FAST,No,  Online  ,49790,0,51430,6,EXTENDED,40,4,None,No,12.2,24250,253.69
500789,1396,05-24-2024,5-Jun-24,Corporate,West,,BANGKOK,UrbanEV,80,,,Yes,DEALERSHIP,51540,7500,43860,6,standard,68,6.8,other,No,16.5,17470,856.99
500790,1698,07-15-2022,22-Jul-22,PERSONAL,west,  Indonesia  ,JAKARTA,EcoRide 5,75,462,  Home Charger  ,No,ONLINE,"44,240",5000,"40,160",5,Standard,53,9.1,charging,No,18.2,"30,770",724.15
500791,2042,21-Nov-23,12/5/2023,PERSONAL,north,  Indonesia  ,Jakarta,EcoRide 5,60,358,ac,Yes,  Dealership  ,30910,1000,28760,4,PREMIUM,,2.85,Motor,No,22.2,26990,428.11
500792,1176,12-29-2024,1/7/2025,corporate,north,  Malaysia  ,Kuala Lumpur,VoltX S,60,339,AC,Yes,online,48720,2500,46060,4,Standard,29,5.4,  None  ,No,16.8,21540,715.12
500793,2635,1/10/2023,12-Oct-23,  Government  ,  North  ,Indonesia,Jakarta,EcoRide 3,70,388,ac,No,Corporate Fleet,42760,5000,36810,8,  Standard  ,45,7,,No,16,21240,226.37
500794,1395,3/11/2023,17-Nov-23,  Personal  ,WEST,singapore,  Singapore  ,FamilyEV XL,60,343,  DC Fast  ,Yes,Dealership,54650,5000,50080,4,Standard,60,6.9,none,No,,17650,560.92
500795,1444,8/1/2024,4-Aug-24,personal,  West  ,Malaysia,  Kuala Lumpur  ,EcoRide 5,90,525,Supercharger,No,DEALERSHIP,58770,0,58710,3,standard,44,7.1,None,No,15.1,31060,686.82
500796,2256,18/7/2022,07-31-2022,personal,  West  ,indonesia,Jakarta,VoltX Pro,75,500,Supercharger,Yes,  Dealership  ,34470,2500,33950,5,  Extended  ,67,7,none,No,22.4,22270,391.86
500797,2938,7/5/2023,24-May-23,Fleet,SOUTH,  Singapore  ,singapore,VoltX Pro,70,455,Supercharger,Yes,DEALERSHIP,62310,0,61930,4,PREMIUM,32,9,Other,No,13.8,28180,498.32
500798,1075,06-14-2024,18-Jun-24,personal,EAST,INDONESIA,JAKARTA,VoltX Pro,75,432,  DC Fast  ,Yes,dealership,"34,090",0,"32,330",8,EXTENDED,50,7.9,Battery,No,,8020 km,600.61
500799,1264,22/5/2022,05-31-2022,Personal,  South  ,  Malaysia  ,Penang,UrbanEV,75,463,AC,Yes,online,41230,5000,36170,5,  Premium  ,65,5,none,No,21.3,23030,730.77
500800,1454,14/6/2022,28/6/2022,  Fleet  ,south,Malaysia,JOHOR BAHRU,UrbanEV,70,418,AC,Yes,  Dealership  ,52180,5000,47380,8,Premium,49,8.3,other,No,20.5,24000,194.88
500801,2819,10/11/2022,30-Nov-22,FLEET,  East  ,  Singapore  ,Singapore,FamilyEV XL,100,609,Supercharger,No,Dealership,39950,2500,36820,6,standard,66,4.65,Software,No,23.9,13830,
500802,1717,21-Jan-22,26-Jan-22,PERSONAL,north,Malaysia,  Johor Bahru  ,EcoRide 5,80,462,AC,No,Online,39310,2500,36060,6,  Standard  ,31,8.9,motor,No,20.2,16810,316.12
500803,1734,9/10/2024,09-19-2024,Personal,north,Indonesia,jakarta,EcoRide 5,100,690,ac,Yes,  Online  ,33050,2500,29350,6,STANDARD,46,6.7,Motor,No,17.7,27270,609.47
500804,2407,11/1/2022,14/11/2022,FLEET,west,malaysia,  Kuala Lumpur  ,EcoRide 5,60,405,DC FAST,Yes,  Online  ,35650,5000,31130,5,STANDARD,57,7.2,  Software  ,No,18.9,26240,438.53
500805,2587,6/1/2023,26/1/2023,PERSONAL,  West  ,SINGAPORE,  Singapore  ,UrbanEV,50,294,AC,No,Online,39300,1000,38890,3,EXTENDED,29,9.5,,No,14,24100,662.93
500806,1850,2-May-24,16/5/2024,,  South  ,  Malaysia  ,penang,FamilyEV XL,100,,  AC  ,No,ONLINE,50420,0,52850,5,  Standard  ,62,5.3,OTHER,No,16.7,31120,231.39
500807,2529,01-19-2023,27/1/2023,Corporate,East,malaysia,SHAH ALAM,EcoRide 5,50 kWh,319,,Yes,dealership,"56,750",5000,"51,580",4,Standard,36,8.7,None,No,14.1,"26,020",405.21
500808,2390,21/3/2023,28/3/2023,Personal,  South  ,indonesia,Surabaya,VoltX S,50,276,HOME CHARGER,No,ONLINE,39690,1000,140900,5,standard,68,7.7,  Battery  ,No,21.3,31840,900.73
500809,1143,1-Mar-23,4/3/2023,  Corporate  ,  East  ,MALAYSIA,  Kuala Lumpur  ,EcoRide 3,,380,AC,No,DEALERSHIP,42190,0,41950,5,  Extended  ,38,6.9,charging,No,12.6,15660,
500810,1884,10/6/2022,06-24-2022,CORPORATE,West,THAILAND,  Bangkok  ,VoltX Pro,80,484,  Home Charger  ,No,  Dealership  ,38040,2500,38250,4,extended,31,7.6,none,No,16.3,23680,716.38
500811,2092,21/9/2023,4/10/2023,PERSONAL,WEST,,HANOI,VoltX Pro,75,407,AC,No,DEALERSHIP,34300,2500,32420,3,Premium,52,10,BATTERY,No,13.9,22690,288.57
500812,2122,13-Jun-24,19/6/2024,  Personal  ,  East  ,Thailand,CHIANG MAI,VoltX S,70,416,home charger,Yes,Corporate Fleet,34320,1000,33320,4,STANDARD,40,2.7,  None  ,No,20,13510,202.57
500813,1395,5/5/2023,05-25-2023,FLEET,NORTH,indonesia,Jakarta,EcoRide 5,80,459,DC Fast,Yes,  Online  ,36070,5000,33170,7,  Extended  ,65,3.1,NONE,No,17.5,34430,781.05
500814,2048,13/10/2024,19/10/2024,  Corporate  ,  South  ,,  Shah Alam  ,FamilyEV XL,50,303,supercharger,Yes,dealership,44650,1000,43590,6,Standard,26,5.1,none,No,16.9,18800,661.18
500815,1947,11-23-2022,12/12/2022,corporate,South,malaysia,shah alam,FamilyEV XL,90,542,  Home Charger  ,No,online,40600,0,44140,6,STANDARD,55,7.3,Charging,No,,24740,416.5
500816,1890,21/8/2023,08-25-2023,CORPORATE,south,indonesia,JAKARTA,UrbanEV,60,328,  DC Fast  ,Yes,corporate fleet,42360,1000,43020,4,standard,60,7.1,NONE,No,21.3,18580,826.83
500817,2492,11/10/2024,15-Oct-24,Personal,  West  ,  Thailand  ,chiang mai,EcoRide 5,100,587,Home Charger,No,Online,47780,0,47760,4,standard,38,8.2,  Charging  ,No,14.2,29980,375.77
500818,2507,16-Oct-22,30/10/2022,FLEET,south,  Thailand  ,  Bangkok  ,FamilyEV XL,60,374,  DC Fast  ,No,  Dealership  ,44350,2500,42360,3,  Extended  ,52,7.3,BATTERY,No,15.8,20210,328.72
500819,2588,16/8/2023,24/8/2023,personal,North,thailand,CHIANG MAI,EcoRide 5,100,630,SUPERCHARGER,No,ONLINE,36850,1000,35980,5,Standard,56,4.35,battery,No,17,20170,503.09
500820,2174,27-Jul-23,8-Aug-23,Personal,  South  ,SINGAPORE,SINGAPORE,VoltX Pro,70,410,DC Fast,Yes,  Dealership  ,51700,5000,47450,5,  Standard  ,52,6.8,  Charging  ,No,18.6,22150,445.9
500821,2167,01-28-2022,02-15-2022,Personal,  West  ,malaysia,  Shah Alam  ,VoltX Pro,90,556,HOME CHARGER,Yes,ONLINE,30850,5000,25270,6,,36,10,None,No,16.1,22590,268.04
500822,1568,11-Aug-24,27-Aug-24,PERSONAL,NORTH,INDONESIA,jakarta,UrbanEV,75,458,supercharger,Yes,Dealership,39580,1000,40680,6,extended,37,8.9,none,No,21.3,18160,476.52
500823,2062,12/2/2022,02-21-2022,Corporate,EAST,THAILAND,Bangkok,VoltX Pro,80,478,AC,Yes,  Dealership  ,57060,0,56410,4,extended,46,8.8,NONE,No,17.2,16600,550.45
500824,1108,27/2/2023,03-20-2023,personal,  South  ,Singapore,  Singapore  ,EcoRide 5,90,557,DC FAST,Yes,corporate fleet,47380,1000,46630,8,Extended,66,8.9,  None  ,No,22,18230,665.99
500825,2716,26/6/2022,15/7/2022,PERSONAL,NORTH,INDONESIA,surabaya,VoltX S,80,450,HOME CHARGER,No,  Dealership  ,32410,2500,30280,6,EXTENDED,53,,none,No,14.2,20910,
500826,2065,06-13-2023,06-24-2023,Personal,SOUTH,  Malaysia  ,shah alam,UrbanEV,80,480,  Supercharger  ,No,Dealership,33920,0,33600,6,Extended,54,,none,No,18.6,23900,744.91
500827,2209,08-23-2024,7-Sep-24,  Corporate  ,EAST,malaysia,JOHOR BAHRU,VoltX S,75,402,HOME CHARGER,No,online,,5000,36330,4,STANDARD,39,3.85,  Battery  ,No,14.8,19160,288.13
500828,1934,17/7/2022,07-24-2022,CORPORATE,east,Indonesia,jakarta,EcoRide 5,75,448,  AC  ,No,  Dealership  ,41590,1000,40830,7,standard,64,7.3,None,No,16.5,14030,1044.56
500829,1397,2-Sep-23,9/9/2023,  Personal  ,WEST,  Indonesia  ,JAKARTA,UrbanEV,100,657,  DC Fast  ,No,online,"49,960",5000,"45,210",5,extended,28,7.5,  Charging  ,No,13,13540 km,510.17
500830,2246,04-21-2024,3/5/2024,Personal,South,  Singapore  ,singapore,VoltX S,75,440,  DC Fast  ,Yes,dealership,52920,2500,50090,4,extended,57,4.6,None,No,21.1,15610,566.38
500831,1633,2-May-24,14/5/2024,  Personal  ,  North  ,  Malaysia  ,KUALA LUMPUR,UrbanEV,70,457,  AC  ,Yes,Online,41390,5000,36100,6,premium,33,7.9,  Motor  ,No,21.1,24320,364.15
500832,2156,22/1/2022,01-31-2022,corporate,WEST,Malaysia,  Penang  ,EcoRide 5,60,353,DC Fast,Yes,  Dealership  ,44260,2500,41910,4,Premium,62,4.2,  None  ,No,20.7,28140,498.23
500833,2186,12-16-2024,2/1/2025,FLEET,South,THAILAND,  Chiang Mai  ,FamilyEV XL,50,278,DC Fast,No,dealership,37770,2500,,7,PREMIUM,40,5.5,charging,No,19.9,14270,495.01
500834,2238,25-Dec-24,3/1/2025,Personal,east,malaysia,Shah Alam,UrbanEV,75,470,  AC  ,No,ONLINE,43900,2500,42570,7,PREMIUM,50,5.4,  None  ,No,25.2,24980,636.13
500835,1732,21/4/2024,5/8/2024,,West,Indonesia,Surabaya,FamilyEV XL,60,371,AC,Yes,Dealership,37820,5000,,5,extended,67,3.3,  None  ,No,17.6,24590,681.59
500836,1234,4/8/2022,13/4/2022,personal,south,Vietnam,  Ho Chi Minh City  ,EcoRide 5,100,693,AC,Yes,  Online  ,45170,2500,42240,4,  Standard  ,51,10,  None  ,No,,34850,424.13
500837,2866,11/3/2023,1/4/2023,Corporate,east,Indonesia,SURABAYA,UrbanEV,75,421,SUPERCHARGER,Yes,  Online  ,40610,5000,,5,  Standard  ,35,10,  None  ,No,17,38270,738.45
500838,1657,29/9/2023,11/10/2023,Personal,north,MALAYSIA,  Penang  ,UrbanEV,50 kWh,307,DC Fast,Yes,corporate fleet,"49,380",0,"49,140",4,premium,67,9.5,Motor,No,18.8,"29,430",390.91
500839,1750,11-Aug-23,28/8/2023,Personal,SOUTH,Indonesia,Jakarta,FamilyEV XL,90 kWh,554,ac,No,online,"52,350",1000,"50,900",4,Standard,50,7.4,none,No,19.5,26930 km,723.3
500840,1587,10-Dec-22,15/12/2022,Personal,  North  ,MALAYSIA,SHAH ALAM,VoltX Pro,75,482,DC Fast,No,  Dealership  ,,0,52960,5,STANDARD,38,,none,No,11.6,25730,
500841,2032,07-25-2023,2/8/2023,  Personal  ,  West  ,Malaysia,johor bahru,FamilyEV XL,60,373,ac,No,DEALERSHIP,45250,5000,39470,3,STANDARD,25,9.9,Charging,No,16.7,16880,
500842,2097,3/9/2023,09-17-2023,Corporate,NORTH,malaysia,  Johor Bahru  ,FamilyEV XL,100,588,  Home Charger  ,No,  Dealership  ,49250,0,49850,6,STANDARD,35,10,none,No,16.3,13990,440.48
500843,1953,31-Aug-22,17/9/2022,Personal,east,MALAYSIA,Shah Alam,FamilyEV XL,100,557,AC,Yes,Online,41500,5000,35860,4,  Extended  ,54,6.3,NONE,No,16.9,11090,450.68
500844,1491,15/7/2023,07-23-2023,corporate,West,  Vietnam  ,Ho Chi Minh City,EcoRide 5,70,430,Home Charger,No,Dealership,39110,1000,38150,7,Extended,48,8.3,,No,14.8,23100,303.05
500845,1912,08-17-2024,1/9/2024,corporate,east,malaysia,SHAH ALAM,EcoRide 3,100,615,dc fast,No,  Online  ,35430,0,35430,3,  Extended  ,28,7.5,none,No,17.5,16740,424.14
500846,2276,1/2/2022,22/2/2022,personal,  East  ,MALAYSIA,Shah Alam,FamilyEV XL,90,563,home charger,Yes,dealership,47510,1000,46970,5,Extended,46,8.9,  None  ,No,18.1,27560,391.6
500847,2253,26/1/2023,01-31-2023,  Personal  ,SOUTH,VIETNAM,HO CHI MINH CITY,UrbanEV,100,588,ac,Yes,CORPORATE FLEET,30650,1000,28990,6,  Standard  ,32,8.1,charging,No,14,14130,500.54
500848,2542,4-Oct-22,10-14-2022,PERSONAL,,malaysia,PENANG,VoltX S,100,611,ac,No,Online,51110,2500,45300,4,Standard,40,6.5,  None  ,No,17.1,23770,609.49
500849,2197,16/6/2023,26/6/2023,CORPORATE,South,  Indonesia  ,Surabaya,VoltX Pro,90,,SUPERCHARGER,Yes,Dealership,42490,1000,40870,6,  Premium  ,57,8.6,  Battery  ,No,16.3,16660,483.58
500850,2676,01-18-2023,4/2/2023,PERSONAL,east,MALAYSIA,Johor Bahru,FamilyEV XL,90,503,AC,No,online,42950,1000,41030,6,Standard,57,7,charging,No,20.6,12350,313.14
500851,2191,27/12/2024,2-Jan-25,  Personal  ,WEST,  Malaysia  ,KUALA LUMPUR,FamilyEV XL,50,319,supercharger,Yes,  Online  ,49720,5000,42620,5,  Extended  ,34,7.9,CHARGING,No,18.7,16310,427.21
500852,1169,6/2/2024,23/6/2024,Personal,  West  ,VIETNAM,HANOI,VoltX Pro,60,364,  AC  ,No,  Online  ,32160,1000,30610,5,EXTENDED,26,4,  None  ,No,14.7,17470,698.24
500853,2416,8/2/2022,7-Aug-22,Corporate,  West  ,Malaysia,johor bahru,FamilyEV XL,80,495,SUPERCHARGER,No,  Online  ,43450,1000,41770,6,Standard,68,10,NONE,No,19.9,21850,367.42
500854,1945,1/11/2023,26/1/2023,  Personal  ,  West  ,  Thailand  ,bangkok,UrbanEV,100,576,HOME CHARGER,No,ONLINE,56050,5000,51020,5,Standard,28,8.5,none,No,16.8,17770,307.74
500855,1794,14-Jan-24,24-Jan-24,PERSONAL,South,MALAYSIA,penang,EcoRide 3,80,457,  Home Charger  ,No,Online,43010,0,43530,5,standard,47,3.95,charging,No,17.2,15520,192.49
500856,1633,1/8/2022,19-Aug-22,  Personal  ,east,  Malaysia  ,  Shah Alam  ,FamilyEV XL,80,466,  DC Fast  ,No,Dealership,35740,1000,36610,6,STANDARD,51,9.1,SOFTWARE,No,14.2,16390,363.15
500857,2217,20/3/2022,4/4/2022,,West,  Malaysia  ,PENANG,VoltX Pro,70,427,DC Fast,No,online,42570,1000,41660,4,Standard,57,6.7,None,No,17.6,3000,665.05
500858,2540,20/9/2023,25/9/2023,corporate,SOUTH,malaysia,Shah Alam,FamilyEV XL,75,471,HOME CHARGER,Yes,  Online  ,54160,1000,53190,4,Premium,57,8.2,other,No,19.8,200000,353.85
500859,1028,27/8/2023,14/9/2023,Personal,West,MALAYSIA,Shah Alam,EcoRide 5,100,,home charger,Yes,online,"39,640",0,"41,640",5,extended,65,4.5,None,No,16.3,22240 km,492.74
500860,2188,21/2/2024,3/3/2024,corporate,  South  ,  Indonesia  ,,UrbanEV,75,400,AC,Yes,dealership,34220,0,32950,3,STANDARD,44,8.9,charging,No,21.7,19050,402.02
500861,2445,09-27-2024,10-13-2024,  Fleet  ,  East  ,Singapore,singapore,UrbanEV,75,462,  DC Fast  ,Yes,online,41730,1000,39530,5,EXTENDED,,7.2,  Charging  ,No,19.7,23390,390.09
500862,1338,11-Nov-23,11-26-2023,FLEET,East,malaysia,kuala lumpur,EcoRide 3,70,427,  AC  ,No,  Corporate Fleet  ,35170,0,35770,5,STANDARD,35,8.5,  Motor  ,No,14.5,28760,762.69
500863,2671,27/2/2022,8/3/2022,Fleet,  West  ,SINGAPORE,singapore,EcoRide 5,80,,Home Charger,No,  Online  ,29210,1000,29530,5,Standard,43,9,  Other  ,No,17.8,29420,470.2
500864,2519,11-15-2024,2/12/2024,personal,  North  ,Vietnam,  Hanoi  ,EcoRide 5,90,571,,No,Online,,0,51710,4,  Premium  ,56,3.3,None,No,12.9,28840,249.08
500865,2388,30-May-24,8-Jun-24,PERSONAL,east,  Vietnam  ,  Ho Chi Minh City  ,EcoRide 3,75,473,dc fast,Yes,ONLINE,52340,1000,49540,7,premium,27,3.55,  None  ,No,14.1,17690,194.54
500866,2856,23/3/2023,31-Mar-23,FLEET,  East  ,thailand,  Chiang Mai  ,VoltX S,90,589,  Supercharger  ,Yes,ONLINE,,0,"46,150",4,Extended,37,7.5,None,No,11.8,15500 km,288.42
500867,2365,7/3/2022,11-Mar-22,PERSONAL,SOUTH,  Indonesia  ,Jakarta,FamilyEV XL,90,541,home charger,Yes,  Dealership  ,51250,2500,48630,7,premium,52,10,charging,No,12.2,18070,265.45
500868,1499,3-Dec-24,12-14-2024,FLEET,WEST,Malaysia,johor bahru,EcoRide 5,70,408,supercharger,Yes,dealership,42160,5000,37870,5,premium,46,3.45,  Charging  ,No,,26220,
500869,2680,8/10/2024,10-27-2024,PERSONAL,EAST,malaysia,kuala lumpur,VoltX S,70,449,AC,No,  Online  ,54460,2500,51580,6,Extended,43,8.5,None,No,16.4,24180,458.38
500870,1510,15/8/2022,22-Aug-22,  Corporate  ,  East  ,Thailand,  Bangkok  ,VoltX S,60,382,dc fast,No,online,40600,5000,34420,4,premium,55,7.5,  None  ,No,17.7,16670,513.14
500871,2350,13-Feb-24,27/2/2024,fleet,SOUTH,Thailand,BANGKOK,UrbanEV,100,591,HOME CHARGER,No,ONLINE,45000,2500,41230,5,  Extended  ,44,6.6,none,No,14.3,29540,449.85
500872,1216,10/11/2023,13-Nov-23,  Personal  ,South,Singapore,  Singapore  ,FamilyEV XL,75,483,,Yes,Corporate Fleet,39090,2500,37630,8,STANDARD,48,,None,No,19.5,14240,459.65
500873,2324,08-24-2023,5-Sep-23,Personal,east,  Singapore  ,singapore,UrbanEV,80 kWh,482,SUPERCHARGER,Yes,dealership,"35,190",0,"36,260",6,  Premium  ,56,5.9,  None  ,No,16.4,18340 km,688.39
500874,2155,01-14-2023,01-27-2023,  Corporate  ,  South  ,Vietnam,HANOI,VoltX Pro,50,326,SUPERCHARGER,No,DEALERSHIP,,1000,40180,6,Standard,33,5,  Software  ,No,17.9,23460,703.21
500875,2827,10-Dec-23,12-28-2023,  Corporate  ,north,Indonesia,jakarta,UrbanEV,70,468,  AC  ,No,Dealership,60600,1000,,4,standard,43,6.4,NONE,No,10,27830,857.78
500876,2093,11/3/2022,19/11/2022,Personal,  West  ,Singapore,SINGAPORE,EcoRide 5,90,635,Supercharger,Yes,Dealership,55730,0,54860,6,STANDARD,47,3.5,battery,No,17,30110,324.36
500877,2275,18-Feb-24,28/2/2024,CORPORATE,east,THAILAND,  Bangkok  ,EcoRide 5,60,,AC,Yes,DEALERSHIP,50430,5000,43520,5,Premium,49,8.9,  None  ,No,19.4,24130,421.83
500878,2438,19/5/2023,7-Jun-23,personal,east,MALAYSIA,JOHOR BAHRU,FamilyEV XL,50,328,DC FAST,No,Dealership,42000,5000,35500,5,STANDARD,,4.55,  Charging  ,No,10.2,13340,538.99
500879,2810,25/9/2022,10-15-2022,  Personal  ,south,  Malaysia  ,Shah Alam,VoltX S,70,,HOME CHARGER,No,  Dealership  ,41840,0,39800,4,Standard,68,8.3,  Software  ,No,17.1,29410,814.65
500880,1444,8-Jan-22,01-22-2022,  Corporate  ,south,  Malaysia  ,  Penang  ,EcoRide 5,60,383,  AC  ,No,online,56990,2500,54190,5,  Standard  ,26,3.6,NONE,No,14.6,14710,361.08
500881,1875,23-May-23,6/11/2023,  Corporate  ,SOUTH,SINGAPORE,Singapore,UrbanEV,,555,DC Fast,Yes,dealership,45160,1000,44630,5,EXTENDED,27,5.6,Battery,No,21.6,18640,689.13
500882,2205,21-Apr-23,7/5/2023,fleet,south,MALAYSIA,PENANG,UrbanEV,75,479,ac,No,Dealership,50530,2500,48100,5,Standard,52,7.9,  None  ,No,13.1,15100,378.05
500883,1166,13/6/2022,7/1/2022,corporate,  East  ,  Indonesia  ,surabaya,FamilyEV XL,100,545,AC,No,dealership,41120,2500,40040,7,EXTENDED,61,6.7,OTHER,No,23.5,21360,694.73
500884,1090,30/4/2023,16/5/2023,personal,east,Malaysia,  Johor Bahru  ,UrbanEV,100,599,Supercharger,Yes,ONLINE,42920,0,43100,5,premium,59,10,Software,No,20.9,14860,518.62
500885,1713,31-Dec-24,11/1/2025,CORPORATE,South,THAILAND,CHIANG MAI,EcoRide 3,60,344,SUPERCHARGER,No,dealership,50460,2500,46320,8,Standard,38,8.2,  Software  ,No,17.3,25310,291.46
500886,2881,07-21-2023,07-27-2023,personal,North,Malaysia,SHAH ALAM,FamilyEV XL,,399,AC,No,  Online  ,39850,2500,37210,6,  Premium  ,48,3.05,None,No,12.7,24910,476.39
500887,2554,23/6/2024,7/6/2024,,SOUTH,Malaysia,Johor Bahru,FamilyEV XL,100,,DC FAST,No,online,47440,2500,44830,5,Standard,61,7.5,None,No,15.6,27280,622.79
500888,1038,13/7/2023,21/7/2023,Personal,north,indonesia,Surabaya,EcoRide 5,100 kWh,579,  DC Fast  ,No,Dealership,"40,100",1000,"39,600",4,standard,27,9.1,  None  ,No,19.1,24000 km,100
500889,2149,26/8/2022,12-Sep-22,PERSONAL,NORTH,Thailand,,FamilyEV XL,,,ac,Yes,  Dealership  ,48570,7500,41920,3,  Extended  ,47,9.7,none,No,17.3,23560,681.99
500890,2474,8/7/2023,15/7/2023,,west,Vietnam,Ho Chi Minh City,VoltX Pro,90 kWh,547,SUPERCHARGER,No,Dealership,"39,890",5000,"35,360",4,  Premium  ,58,7.5,,No,13.7,15140 km,206.89
500891,1172,7-Apr-24,20-Apr-24,PERSONAL,East,VIETNAM,Hanoi,EcoRide 5,80,480,DC Fast,Yes,corporate fleet,,2500,54280,7,  Standard  ,33,7.8,None,No,20.3,17250,456.32
500892,1652,13-Apr-23,3/5/2023,  Personal  ,East,  Malaysia  ,,EcoRide 5,100,642,,No,  Dealership  ,44550,0,45930,4,  Extended  ,42,8.8,none,No,16.7,21290,478.19
500893,1753,21-Jan-23,5/2/2023,  Personal  ,South,Malaysia,  Kuala Lumpur  ,EcoRide 3,60,338,  AC  ,No,Dealership,50420,1000,50260,4,Standard,26,6.6,none,No,17.8,21880,100
500894,2243,14/2/2024,27-Feb-24,fleet,WEST,indonesia,  Surabaya  ,EcoRide 5,,261,AC,No,DEALERSHIP,44860,2500,39770,3,  Extended  ,,8.5,  Other  ,No,20,19660,377.08
500895,2661,27-Apr-24,13/5/2024,Personal,  East  ,VIETNAM,,VoltX S,90,559,AC,Yes,online,41490,0,42250,4,  Extended  ,59,4.2,Other,No,19.6,25900,583.56
500896,2081,22/1/2023,11/2/2023,personal,west,THAILAND,CHIANG MAI,UrbanEV,75,449,AC,No,  Dealership  ,49020,1000,47130,4,Standard,55,8.8,none,No,20.2,38220,872.58
500897,2683,26/5/2024,16-Jun-24,CORPORATE,,indonesia,surabaya,UrbanEV,90,538,HOME CHARGER,Yes,  Online  ,53080,0,51330,4,Extended,,7.9,  None  ,No,19.1,24830,664.51
500898,1475,09-16-2022,3/10/2022,corporate,  West  ,INDONESIA,SURABAYA,FamilyEV XL,75,429,  AC  ,Yes,dealership,34860,1000,34110,8,STANDARD,38,5.7,NONE,No,15,17310,
500899,1455,10/10/2022,10-21-2022,  Corporate  ,  West  ,MALAYSIA,KUALA LUMPUR,EcoRide 3,90,,  AC  ,No,ONLINE,45920,0,48240,4,EXTENDED,69,,  None  ,No,16.9,27470,100
500900,1828,2/9/2022,19/2/2022,personal,WEST,Thailand,chiang mai,UrbanEV,80,467,Home Charger,Yes,Online,44240,0,,3,extended,52,6.7,motor,No,21,17640,439.73
500901,1894,5/1/2023,5/4/2023,Corporate,NORTH,INDONESIA,jakarta,VoltX S,60,339,  DC Fast  ,Yes,  Online  ,46470,1000,45180,7,extended,35,5,Software,No,13,24480,863.92
500902,2384,17/7/2024,07-23-2024,personal,SOUTH,THAILAND,  Bangkok  ,EcoRide 3,50,333,ac,Yes,DEALERSHIP,54480,5000,49580,5,Standard,56,10,OTHER,No,13.6,25320,699.66
500903,2958,8/8/2022,24/8/2022,  Personal  ,south,  Malaysia  ,  Shah Alam  ,VoltX Pro,100,628,,Yes,online,50710,1000,52100,3,standard,45,6.3,charging,No,18.6,23620,397.53
500904,2024,11-Oct-24,10-15-2024,  Personal  ,  South  ,Malaysia,Kuala Lumpur,UrbanEV,80,479,AC,Yes,ONLINE,53100,1000,51830,3,Premium,47,6.7,Software,No,16.7,17840,522.86
500905,1386,10-20-2024,7-Nov-24,  Corporate  ,  West  ,MALAYSIA,shah alam,EcoRide 5,60,301,supercharger,No,dealership,46840,5000,42820,4,PREMIUM,48,2.25,software,No,12,22520,695.95
500906,2996,5/9/2023,10-Sep-23,PERSONAL,north,MALAYSIA,Shah Alam,VoltX S,50,295,ac,No,Online,41960,1000,40560,5,Extended,36,9.1,charging,No,19.1,18480,690.87
500907,1347,07-16-2024,26-Jul-24,Personal,North,VIETNAM,ho chi minh city,VoltX S,90,539,DC FAST,Yes,  Online  ,28030,0,27450,3,  Extended  ,27,7.1,SOFTWARE,No,18.4,18450,474.72
500908,1189,19/11/2023,27/11/2023,  Personal  ,  South  ,  Malaysia  ,KUALA LUMPUR,UrbanEV,100,659,DC FAST,Yes,ONLINE,54910,0,56320,5,extended,30,8.4,NONE,No,24.9,10450,451.05
500909,1504,5/9/2023,23/9/2023,corporate,North,Malaysia,Shah Alam,FamilyEV XL,50,265,AC,Yes,Dealership,27500,5000,21400,6,Standard,36,7.2,  Battery  ,No,17.6,21140,588.36
500910,2214,17/9/2022,5/10/2022,FLEET,  North  ,  Malaysia  ,kuala lumpur,VoltX Pro,70,464,DC Fast,No,DEALERSHIP,56110,2500,54360,4,Standard,44,5.6,None,No,23.4,37160,695
500911,2531,09-16-2024,09-25-2024,  Personal  ,  West  ,THAILAND,CHIANG MAI,EcoRide 5,50,309,  DC Fast  ,Yes,dealership,50190,0,49850,5,extended,30,8.3,OTHER,No,20,4480,421.53
500912,2392,08-23-2024,7/9/2024,fleet,East,SINGAPORE,SINGAPORE,VoltX Pro,60,331,Supercharger,Yes,ONLINE,58780,2500,55520,8,STANDARD,44,9.9,NONE,No,11.4,6430,130
500913,2432,1/1/2023,16/1/2023,personal,North,MALAYSIA,SHAH ALAM,VoltX Pro,80,509,  Home Charger  ,Yes,Online,46860,5000,41440,6,premium,38,4,none,No,17.1,22400,
500914,1823,28/6/2023,7/5/2023,  Fleet  ,south,  Malaysia  ,  Penang  ,UrbanEV,100,590,  DC Fast  ,Yes,online,,0,46250,6,Standard,65,3.25,None,No,16.8,27250,247.38
500915,1928,11-Oct-23,31-Oct-23,Personal,  South  ,malaysia,penang,EcoRide 5,80,427,DC Fast,No,CORPORATE FLEET,43700,2500,40150,5,  Extended  ,68,7.8,MOTOR,No,16.7,12590,886.68
500916,1933,24/3/2024,10-Apr-24,Corporate,north,  Singapore  ,Singapore,UrbanEV,100,582,dc fast,Yes,  Dealership  ,,1000,44660,5,EXTENDED,25,8.8,Other,No,14.4,23510,309.35
500917,2140,5/11/2024,25/11/2024,  Personal  ,,  Malaysia  ,  Penang  ,UrbanEV,70,427,  Supercharger  ,Yes,DEALERSHIP,39930,2500,37180,5,STANDARD,44,7.7,  Software  ,No,19.4,20870,476.44
500918,1133,29/7/2023,8/2/2023,fleet,EAST,VIETNAM,HANOI,FamilyEV XL,60,361,,Yes,Corporate Fleet,44180,2500,40730,6,extended,,6.4,none,No,16,17780,357.95
500919,1057,10/9/2024,21/10/2024,PERSONAL,EAST,singapore,  Singapore  ,VoltX S,50,313,  DC Fast  ,No,ONLINE,39070,5000,35550,5,Extended,64,10,none,No,20.5,24670,396.4
500920,2579,11/1/2023,16/11/2023,  Personal  ,EAST,  Malaysia  ,Penang,FamilyEV XL,70,451,  DC Fast  ,No,  Online  ,45320,2500,41830,6,  Standard  ,55,,none,No,20.1,14950,666.82
500921,1684,26/9/2022,16/10/2022,Personal,North,Thailand,BANGKOK,FamilyEV XL,90,500,home charger,Yes,Dealership,44820,2500,43760,8,EXTENDED,55,5,other,No,16.3,29120,710.59
500922,1671,7/12/2024,29-Jul-24,personal,WEST,Malaysia,JOHOR BAHRU,UrbanEV,75,449,DC Fast,Yes,DEALERSHIP,44860,1000,44010,5,standard,52,7.9,Charging,No,15.2,8610,631.17
500923,1172,4-Sep-22,09-18-2022,  Personal  ,West,  Thailand  ,Bangkok,FamilyEV XL,90,518,AC,No,DEALERSHIP,44370,0,44110,5,,36,9.3,Motor,No,15.3,21420,693.6
500924,2852,11-May-22,05-28-2022,Corporate,West,Malaysia,SHAH ALAM,FamilyEV XL,60,330,DC Fast,Yes,dealership,40670,2500,38260,5,Standard,40,8.3,Battery,No,17.1,22750,394.75
500925,1814,19/12/2022,1/3/2023,personal,  North  ,Thailand,Chiang Mai,EcoRide 3,70,419,supercharger,No,  Dealership  ,48920,0,49210,4,  Extended  ,57,6.7,CHARGING,No,18,20840,280.8
500926,2172,15/7/2022,4/8/2022,Fleet,  West  ,Indonesia,  Surabaya  ,EcoRide 5,80,494,Home Charger,Yes,dealership,47200,1000,45240,5,STANDARD,59,5,NONE,Yes,15.7,18410,350.17
500927,1079,18/7/2024,4/8/2024,,west,VIETNAM,HO CHI MINH CITY,VoltX S,70,434,  Supercharger  ,Yes,dealership,46930,0,46000,5,  Extended  ,68,8.9,NONE,No,15.8,26400,586.21
500928,1885,18/10/2024,31/10/2024,fleet,WEST,,JOHOR BAHRU,EcoRide 5,75,438,Home Charger,No,  Online  ,38410,1000,37210,3,  Extended  ,28,7.9,motor,No,17.9,19140,743.39
500929,2236,7/10/2023,28/10/2023,  Corporate  ,  North  ,malaysia,PENANG,VoltX S,60,,ac,No,Dealership,,1000,49150,5,Extended,34,9.1,none,No,20.1,11380,253.08
500930,1202,15/8/2022,20/8/2022,  Fleet  ,east,singapore,Singapore,EcoRide 3,70,402,DC FAST,No,dealership,"39,650",2500,"37,810",7,premium,58,7.8,  Software  ,No,17.7,"17,220",428.93
500931,1763,2/12/2023,12/11/2023,  Personal  ,West,vietnam,Ho Chi Minh City,UrbanEV,100,525,  Supercharger  ,No,dealership,41340,1000,41590,8,  Standard  ,65,4.7,battery,No,16.9,22670,445.4
500932,2252,22/9/2022,8/10/2022,  Corporate  ,East,  Vietnam  ,Ho Chi Minh City,VoltX S,90,497,  AC  ,Yes,Online,45640,2500,41910,7,premium,27,5.4,None,No,17.7,18170,345.39
500933,2699,10/8/2023,24/10/2023,PERSONAL,East,malaysia,Johor Bahru,VoltX S,50,278,dc fast,No,online,,1000,52410,4,  Standard  ,55,8,  None  ,No,11.6,19730,619.37
500934,2250,30-Jul-22,14/8/2022,FLEET,  West  ,malaysia,penang,VoltX S,90,570,supercharger,No,online,36550,5000,31540,4,STANDARD,,7.5,  None  ,No,16.3,27410,699.72
500935,2682,31/7/2024,14/8/2024,,,  Singapore  ,Singapore,EcoRide 3,60,380,SUPERCHARGER,No,corporate fleet,,1000,36550,5,  Standard  ,25,7.9,  Software  ,No,,17820,990.59
500936,2555,2-Apr-23,13-Apr-23,PERSONAL,east,Malaysia,KUALA LUMPUR,EcoRide 5,70,480,  Home Charger  ,Yes,ONLINE,31260,5000,28260,4,extended,29,3.75,  None  ,No,15.4,21330,894.99
500937,2464,26/12/2023,29/12/2023,,  South  ,malaysia,Kuala Lumpur,EcoRide 3,90,549,  Home Charger  ,Yes,Dealership,48540,0,48970,6,  Premium  ,29,6.3,none,No,14.3,20630,658.01
500938,2425,8/9/2024,29/9/2024,,west,  Malaysia  ,KUALA LUMPUR,VoltX S,70,406,AC,Yes,DEALERSHIP,42640,2500,41570,3,Premium,26,,battery,No,14.2,29520,408.05
500939,1046,11/8/2023,24/8/2023,  Corporate  ,  North  ,thailand,chiang mai,FamilyEV XL,90,540,HOME CHARGER,No,Dealership,47970,0,44610,5,STANDARD,39,6.7,None,Yes,14,22340,641.39
500940,2256,21/4/2023,12/5/2023,Corporate,EAST,Vietnam,  Hanoi  ,VoltX S,60,356,AC,Yes,Dealership,47370,2500,,4,Standard,25,9.1,  None  ,No,24,27610,109.01
500941,2328,9/12/2024,2/10/2024,  Personal  ,East,Vietnam,Ho Chi Minh City,FamilyEV XL,80,460,  Supercharger  ,Yes,Corporate Fleet,50520,0,51060,5,EXTENDED,45,6.8,,No,16.8,16960,632.26
500942,2549,5/6/2022,06-19-2022,  Fleet  ,WEST,  Malaysia  ,penang,UrbanEV,90,552,  AC  ,No,DEALERSHIP,45010,1000,44710,6,PREMIUM,,,none,No,20.6,34270,573.13
500943,2166,9/7/2022,12-Jul-22,  Corporate  ,  East  ,Thailand,bangkok,EcoRide 3,50,304,AC,Yes,  Dealership  ,40030,1000,38740,7,STANDARD,31,6.4,battery,No,19.3,27810,515.38
500944,2438,9/7/2024,28/9/2024,  Personal  ,west,Indonesia,Jakarta,FamilyEV XL,90,537,home charger,No,online,,5000,43730,8,PREMIUM,35,9.8,Other,No,19.1,33610,343.68
500945,2536,30/6/2023,07-19-2023,  Personal  ,West,MALAYSIA,PENANG,EcoRide 3,60,353,AC,No,DEALERSHIP,47900,0,47700,5,EXTENDED,50,7.2,none,No,18.6,23400,658.78
500946,2396,10/2/2022,17-Feb-22,CORPORATE,  North  ,Thailand,CHIANG MAI,VoltX Pro,90,563,supercharger,Yes,  Dealership  ,42560,2500,40040,7,  Extended  ,66,7.5,Motor,No,23.3,17760,302.07
500947,2589,11/3/2022,11/8/2022,  Corporate  ,  South  ,Singapore,SINGAPORE,EcoRide 5,50,289,AC,Yes,ONLINE,45640,7500,37160,5,Standard,,3.8,none,No,18.3,20400,711.05
500948,2909,31-Jul-24,4/8/2024,CORPORATE,  North  ,Malaysia,Kuala Lumpur,VoltX Pro,100,584,  AC  ,No,dealership,35580,0,35540,6,Premium,54,8.9,Battery,No,11.7,23470,620.19
500949,2282,12/4/2022,9/12/2022,personal,SOUTH,  Singapore  ,SINGAPORE,FamilyEV XL,50,310,AC,No,  Online  ,36090,7500,28420,7,PREMIUM,38,8.4,CHARGING,No,16.5,23380,585.89
500950,1655,10-Aug-24,08-20-2024,personal,east,MALAYSIA,JOHOR BAHRU,VoltX Pro,60,384,DC FAST,No,Online,33380,0,34450,4,STANDARD,29,8.2,none,No,13.9,19140,303.2
500951,1470,6/10/2022,24/10/2022,personal,  West  ,  Thailand  ,  Chiang Mai  ,EcoRide 5,70,,ac,Yes,  Online  ,47020,5000,,7,Standard,55,7.9,NONE,No,12.8,21900,369.55
500952,2976,06-14-2024,22-Jun-24,  Personal  ,west,Malaysia,  Johor Bahru  ,FamilyEV XL,90,531,AC,Yes,dealership,50180,7500,43850,5,  Premium  ,,7.1,none,No,18.3,23780,202.59
500953,1970,30/9/2022,15/10/2022,  Personal  ,NORTH,malaysia,Johor Bahru,UrbanEV,80,440,SUPERCHARGER,No,  Online  ,35020,7500,27410,5,,58,9.6,software,No,10.8,16300,668.04
500954,2035,16-Apr-24,4/5/2024,Corporate,north,Malaysia,  Johor Bahru  ,UrbanEV,50,294,,Yes,ONLINE,46130,1000,44790,5,  Standard  ,34,8.1,  None  ,No,17.3,19420,507.26
500955,2353,9/12/2023,30/9/2023,  Personal  ,east,INDONESIA,SURABAYA,EcoRide 5,100,603,DC FAST,No,Dealership,48130,5000,44010,6,Standard,55,8.9,NONE,No,12.1,31360,
500956,1735,11/5/2024,16/5/2024,Corporate,EAST,Singapore,singapore,EcoRide 5,50,278,HOME CHARGER,No,Corporate Fleet,42200,0,42360,6,  Extended  ,51,8.3,none,No,16.5,30400,472.73
500957,1783,19-Jul-24,3/8/2024,  Personal  ,  South  ,thailand,CHIANG MAI,FamilyEV XL,90,529,DC Fast,No,ONLINE,56210,1000,52850,6,STANDARD,42,7.4,None,Yes,,16440,709.96
500958,1967,10-16-2022,11/1/2022,  Fleet  ,WEST,Thailand,,EcoRide 3,70,454,  DC Fast  ,No,DEALERSHIP,34800,1000,33350,4,Standard,29,10,  Software  ,No,15,35260,272.12
500959,1357,25/12/2023,1/4/2024,Personal,West,singapore,  Singapore  ,FamilyEV XL,90,545,supercharger,Yes,DEALERSHIP,42360,1000,39170,4,STANDARD,41,9.8,SOFTWARE,No,,16430,412.31
500960,1971,11/6/2024,06-25-2024,PERSONAL,south,Malaysia,  Johor Bahru  ,EcoRide 3,100,578,SUPERCHARGER,Yes,Online,25000,2500,21680,6,standard,35,7.2,BATTERY,No,16,24850,
500961,2431,29/9/2022,9/10/2022,  Personal  ,west,  Thailand  ,  Bangkok  ,EcoRide 3,100,601,Supercharger,No,DEALERSHIP,47420,0,48450,4,extended,29,10,None,No,18.9,31300,289.56
500962,1667,12-25-2024,1/5/2025,Government,SOUTH,Malaysia,Penang,EcoRide 3,60,362,home charger,Yes,DEALERSHIP,39880,7500,32040,4,standard,62,9.4,none,No,17.9,16420,449.83
500963,1372,28-Apr-23,1/5/2023,Corporate,east,malaysia,JOHOR BAHRU,FamilyEV XL,,,AC,No,  Dealership  ,31170,2500,28400,4,premium,61,6.4,None,No,16.8,14110,
500964,2031,24/7/2024,8/1/2024,personal,South,Thailand,CHIANG MAI,VoltX S,90,568,HOME CHARGER,No,DEALERSHIP,49160,5000,43970,4,,45,,charging,No,14.5,25430,628.36
500965,2145,9/5/2022,26/9/2022,personal,  North  ,MALAYSIA,  Penang  ,VoltX S,50,263,HOME CHARGER,No,Dealership,43900,5000,38910,5,Extended,48,8.6,  None  ,No,15.8,21500,697.91
500966,2371,6/5/2022,18-Jun-22,CORPORATE,West,Malaysia,Kuala Lumpur,UrbanEV,50,,Home Charger,No,Online,42850,5000,37520,4,EXTENDED,54,,  Other  ,Yes,19.1,19570,632.65
500967,1675,12/6/2024,19/12/2024,Personal,South,SINGAPORE,  Singapore  ,VoltX S,60,346,DC Fast,No,DEALERSHIP,52890,0,54710,7,Standard,40,9.5,  None  ,No,16.6,12510,307.85
500968,1089,30/3/2023,14/4/2023,Personal,  East  ,SINGAPORE,Singapore,VoltX S,70,449,HOME CHARGER,Yes,dealership,39530,2500,35330,6,extended,65,8.5,  Other  ,No,17.7,31220,838.95
500969,2671,07-20-2022,2/8/2022,Fleet,SOUTH,THAILAND,  Chiang Mai  ,EcoRide 3,90,494,AC,No,Dealership,49510,1000,48740,6,PREMIUM,46,5,Software,No,15.9,23760,648.39
500970,1697,4-May-22,05-24-2022,CORPORATE,north,  Thailand  ,Chiang Mai,EcoRide 3,75,478,  Supercharger  ,Yes,DEALERSHIP,50530,0,51090,5,,26,3,CHARGING,No,13.6,26810,859.35
500971,2339,1/1/2022,18-Jan-22,personal,  North  ,  Thailand  ,BANGKOK,EcoRide 5,,,AC,Yes,dealership,41060,1000,39170,5,  Standard  ,43,6.7,None,No,23,30160,834.77
500972,2201,25/8/2024,28-Aug-24,Personal,South,thailand,bangkok,EcoRide 3,50,306,supercharger,Yes,online,45060,2500,43210,5,extended,61,10,None,No,19.4,9840,481.72
500973,1539,4/5/2024,05-13-2024,,  East  ,Malaysia,  Johor Bahru  ,FamilyEV XL,100,581,DC Fast,No,Dealership,56750,0,56080,4,,26,9,SOFTWARE,Yes,,23250,402.19
500974,1731,2/10/2023,17/10/2023,,  South  ,MALAYSIA,KUALA LUMPUR,EcoRide 5,90,581,  AC  ,No,dealership,37930,1000,37410,3,EXTENDED,35,4.4,software,No,16.5,11390,100
500975,1868,7/10/2022,24/7/2022,  Personal  ,East,Singapore,Singapore,EcoRide 5,100,592,home charger,No,DEALERSHIP,48880,1000,46620,6,premium,57,8.2,  None  ,No,21.3,27260,533.25
500976,1040,31-May-23,06-20-2023,  Fleet  ,east,malaysia,Kuala Lumpur,VoltX S,50,286,DC Fast,Yes,dealership,"45,430",0,"45,520",4,Extended,33,6.6,NONE,No,14.6,31430 km,492.14
500977,1739,03-18-2023,8/4/2023,corporate,  East  ,VIETNAM,  Ho Chi Minh City  ,EcoRide 3,80,525,  Supercharger  ,Yes,online,53890,2500,53620,3,Standard,49,5.8,  Battery  ,No,19,21370,372.18
500978,2727,23-May-22,6/9/2022,  Personal  ,south,  Indonesia  ,,VoltX S,70 kWh,412,  AC  ,No,Dealership,"44,760",2500,"41,350",5,Standard,30,9.5,MOTOR,No,17.1,"21,520",400.21
500979,2946,17/6/2023,06-27-2023,GOVERNMENT,west,malaysia,  Johor Bahru  ,EcoRide 3,75 kWh,466,  Home Charger  ,No,  Online  ,"49,800",7500,"41,880",6,  Standard  ,35,10,  None  ,No,16.2,"26,020",603.83
500980,1501,08-15-2022,5/9/2022,Fleet,SOUTH,malaysia,SHAH ALAM,VoltX S,80,510,DC Fast,No,online,33800,1000,34450,6,extended,51,,None,No,16.2,25330,123.18
500981,1958,6-Aug-24,18-Aug-24,Personal,South,malaysia,Shah Alam,VoltX S,75,424,dc fast,No,Dealership,29990,1000,30230,7,  Standard  ,32,7.3,Charging,No,20.9,20450,756.16
500982,2168,4/5/2023,14/4/2023,Government,NORTH,MALAYSIA,  Kuala Lumpur  ,VoltX S,80,494,DC FAST,No,  Online  ,37660,1000,38410,4,  Standard  ,69,3.7,software,No,11.4,26950,
500983,2224,7/5/2023,07-25-2023,personal,SOUTH,  Malaysia  ,SHAH ALAM,FamilyEV XL,,436,supercharger,No,ONLINE,41910,5000,36540,8,PREMIUM,55,9,none,No,22,20350,428.68
500984,1928,28-Jan-23,15/2/2023,Personal,NORTH,SINGAPORE,  Singapore  ,UrbanEV,50,269,  Supercharger  ,Yes,  Online  ,42520,1000,41870,6,  Standard  ,51,7.8,None,No,20.1,24140,484.8
500985,2747,24/4/2024,2/5/2024,  Fleet  ,  East  ,INDONESIA,JAKARTA,VoltX S,75,,dc fast,Yes,dealership,52650,1000,52110,4,Standard,68,7.8,software,No,17.1,13220,563.51
500986,1460,07-29-2022,9-Aug-22,PERSONAL,NORTH,  Thailand  ,CHIANG MAI,VoltX Pro,70 kWh,,DC FAST,No,  Online  ,"42,250",1000,"40,470",6,  Standard  ,65,7.2,none,No,16.3,"30,060",662.99
500987,1731,8-Oct-23,23/10/2023,Personal,SOUTH,  Malaysia  ,JOHOR BAHRU,VoltX Pro,75,499,DC FAST,Yes,  Dealership  ,45170,0,44050,5,standard,29,7,NONE,No,17,15890,905.76
500988,1751,8/7/2022,17-Aug-22,PERSONAL,  West  ,MALAYSIA,penang,VoltX Pro,70,444,Home Charger,No,Dealership,45980,0,44740,3,  Standard  ,39,7.8,Battery,No,18.5,24220,394.77
500989,1924,11/2/2023,1/3/2023,  Personal  ,south,Singapore,SINGAPORE,FamilyEV XL,80,494,Supercharger,Yes,dealership,40580,2500,37580,4,  Premium  ,26,5.6,none,No,20.7,14110,772.79
500990,1908,6/6/2024,21/6/2024,Corporate,North,INDONESIA,Jakarta,EcoRide 5,70,363,dc fast,Yes,Online,44870,2500,41090,5,PREMIUM,,8.9,  None  ,No,18.5,18900,455.68
500991,2581,7/12/2023,27/7/2023,fleet,,Indonesia,JAKARTA,VoltX S,80,494,AC,No,dealership,52360,1000,50680,5,standard,55,5.2,NONE,No,17.8,200000,420.41
500992,2570,4/7/2023,07-23-2023,  Government  ,West,  Vietnam  ,Ho Chi Minh City,VoltX Pro,50,285,  DC Fast  ,Yes,online,47090,1000,45080,7,Extended,44,4.8,Software,No,17.1,25660,448.4
500993,2276,05-22-2022,29/5/2022,PERSONAL,north,singapore,SINGAPORE,FamilyEV XL,80,508,home charger,No,ONLINE,49150,1000,48660,4,EXTENDED,27,7.2,None,No,11.5,32350,716.59
500994,1389,4-Sep-23,23/9/2023,personal,,  Thailand  ,Bangkok,EcoRide 5,60,356,ac,Yes,  Online  ,47330,2500,45230,5,standard,,7.8,none,Yes,12,16650,385.58
500995,2617,05-16-2023,05-27-2023,PERSONAL,EAST,MALAYSIA,JOHOR BAHRU,VoltX Pro,50,290,Supercharger,No,online,56530,5000,50960,4,Standard,63,8.8,None,No,20.3,15610,521.34
500996,1882,19-Apr-24,04-23-2024,  Personal  ,  East  ,thailand,Bangkok,EcoRide 3,100,583,ac,Yes,  Dealership  ,37630,5000,32290,5,PREMIUM,34,3.8,NONE,No,18.4,29280,397.39
500997,1255,3/12/2023,23/12/2023,Personal,East,  Malaysia  ,  Johor Bahru  ,UrbanEV,100,585,AC,Yes,DEALERSHIP,62500,0,63100,7,Extended,50,6.9,Software,No,19.5,17000,414.3
500998,1708,08-19-2023,30-Aug-23,  Corporate  ,  West  ,  Singapore  ,SINGAPORE,VoltX S,100 kWh,546,  AC  ,Yes,  Online  ,"51,970",2500,,5,  Standard  ,34,4.2,Other,No,19.4,38240 km,770.14
500999,2838,10/8/2022,16/10/2022,  Corporate  ,North,Thailand,chiang mai,UrbanEV,90 kWh,496,HOME CHARGER,No,  Corporate Fleet  ,"53,250",7500,"45,150",5,extended,64,5,  Battery  ,No,18.8,14580 km,497.87
501000,2944,28-Feb-23,13/3/2023,  Government  ,south,malaysia,JOHOR BAHRU,UrbanEV,90,528,  Home Charger  ,Yes,online,54170,2500,50340,6,EXTENDED,37,9.2,  None  ,No,19.6,27080,366.78
501001,1449,5-May-24,13/5/2024,Personal,SOUTH,MALAYSIA,JOHOR BAHRU,EcoRide 3,70,464,  AC  ,No,DEALERSHIP,52250,1000,52560,4,STANDARD,45,6.9,None,No,14.4,11240,
501002,1009,27-Sep-22,5/10/2022,corporate,North,malaysia,penang,EcoRide 3,70,440,  DC Fast  ,Yes,dealership,35970,2500,31850,7,standard,58,7.5,NONE,No,18.7,14880,555.87
501003,1823,3/6/2022,06-18-2022,  Personal  ,south,MALAYSIA,penang,EcoRide 3,60,379,  AC  ,Yes,Dealership,37070,2500,34250,5,  Standard  ,68,,NONE,No,18.4,15140,489.55
501004,1797,6/9/2023,09-19-2023,personal,SOUTH,Malaysia,Johor Bahru,EcoRide 5,70,454,supercharger,No,  Online  ,"49,890",1000,"48,000",6,STANDARD,56,,  None  ,No,,"17,820",500.49
501005,2265,24/10/2023,9/11/2023,corporate,EAST,Malaysia,Johor Bahru,VoltX Pro,50 kWh,306,supercharger,No,Dealership,"49,040",0,"49,190",6,Premium,33,8.9,none,No,10,"27,800",440.23
501006,2274,03-24-2022,28/3/2022,Fleet,EAST,  Malaysia  ,KUALA LUMPUR,VoltX S,50,291,AC,No,online,51200,2500,48250,5,Standard,54,7.5,Charging,No,24.2,200000,708.81
501007,1876,4-Aug-24,14-Aug-24,Personal,south,Malaysia,KUALA LUMPUR,EcoRide 3,,,  AC  ,Yes,Online,45330,5000,,5,extended,25,8.5,Charging,No,19.5,29990,615.3
501008,2028,06-17-2024,06-22-2024,personal,East,  Vietnam  ,HANOI,FamilyEV XL,80,454,Supercharger,Yes,dealership,35780,7500,27440,6,PREMIUM,36,4.1,Battery,No,17.8,27650,455.07
501009,2142,10/11/2022,16-Oct-22,personal,SOUTH,  Malaysia  ,  Kuala Lumpur  ,VoltX S,75,474,SUPERCHARGER,No,DEALERSHIP,44230,0,43780,3,standard,68,9,NONE,No,14.1,15060,525.99
501010,2015,6/9/2024,9/9/2024,corporate,South,Malaysia,  Penang  ,VoltX S,70 kWh,394,  AC  ,No,online,"50,190",2500,140900,5,standard,59,7.1,charging,No,16.1,21250 km,337.06
501011,2824,22-Jun-22,13/7/2022,Personal,EAST,Singapore,SINGAPORE,VoltX S,60,410,DC FAST,Yes,ONLINE,43230,0,42220,8,Premium,48,6.5,  None  ,No,18,30570,485.25
501012,1373,22/12/2024,11/1/2025,Government,NORTH,  Indonesia  ,jakarta,EcoRide 3,100,564,Supercharger,No,online,44970,7500,37010,4,  Premium  ,64,6,none,No,22,16020,361.94
501013,2088,2/2/2024,21-Feb-24,Personal,NORTH,Thailand,Chiang Mai,EcoRide 3,90,,DC FAST,Yes,online,45210,0,45370,5,  Extended  ,69,6.6,None,No,21.6,26020,539.12
501014,1145,25/9/2023,10-Oct-23,PERSONAL,  South  ,malaysia,Penang,VoltX Pro,50,325,DC FAST,No,online,41350,1000,40200,4,  Extended  ,34,7.4,none,No,,16920,479.31
501015,1223,26-Feb-24,2/3/2024,PERSONAL,West,THAILAND,Bangkok,EcoRide 3,50,312,DC Fast,Yes,CORPORATE FLEET,39300,0,40660,5,Standard,48,4.65,NONE,No,19.2,15330,451.82
501016,2262,07-31-2024,3-Aug-24,Personal,  East  ,thailand,  Chiang Mai  ,EcoRide 3,50,332,dc fast,Yes,online,59760,2500,55750,6,EXTENDED,65,7.3,NONE,No,17.6,19910,528.58
501017,1176,8/10/2024,14-Oct-24,,North,THAILAND,BANGKOK,VoltX S,75,444,DC Fast,Yes,  Online  ,55910,1000,54650,5,  Extended  ,42,9.5,  None  ,No,14,14240,559.72
501018,2802,2/2/2023,17-Feb-23,  Corporate  ,West,thailand,bangkok,VoltX Pro,75,454,Home Charger,Yes,Dealership,52490,2500,47720,5,Standard,32,8.4,  Charging  ,No,14.7,30700,718.07
501019,1852,07-22-2024,10-Aug-24,corporate,EAST,  Indonesia  ,JAKARTA,UrbanEV,70,426,  AC  ,No,DEALERSHIP,47910,1000,46740,7,standard,67,10,  None  ,No,19.9,3000,655.71
501020,2305,7/11/2023,20-Nov-23,corporate,  East  ,INDONESIA,Surabaya,EcoRide 3,90,561,dc fast,No,DEALERSHIP,37970,1000,36300,6,STANDARD,,7.2,NONE,No,19.1,25640,690.22
501021,1062,24/7/2024,28/7/2024,Corporate,West,  Thailand  ,BANGKOK,FamilyEV XL,60,316,AC,No,  Dealership  ,51210,1000,49690,4,  Standard  ,40,8.6,None,No,15.2,25610,
501022,2240,4/10/2023,28/4/2023,Corporate,South,Singapore,SINGAPORE,EcoRide 3,75,447,AC,Yes,ONLINE,52810,0,52130,5,premium,38,4.95,NONE,No,14.7,18800,557.54
501023,2877,10-13-2022,17-Oct-22,Fleet,  North  ,thailand,chiang mai,UrbanEV,80,507,Supercharger,No,DEALERSHIP,"42,590",0,"43,020",7,  Extended  ,33,8.9,Battery,No,18.9,7990 km,846.98
501024,1826,22/9/2022,13/10/2022,Corporate,East,Indonesia,  Jakarta  ,VoltX S,75,439,Home Charger,No,dealership,37530,2500,35310,3,Standard,33,7.7,None,No,16.1,25180,480.63
501025,1794,16-Nov-22,7/12/2022,PERSONAL,east,  Malaysia  ,Johor Bahru,VoltX Pro,50,339,ac,No,  Dealership  ,47990,1000,45780,5,Premium,29,,  None  ,No,14.6,18870,525.87
501026,1688,4-Nov-23,11-22-2023,Personal,  East  ,  Vietnam  ,hanoi,VoltX S,60,363,HOME CHARGER,Yes,Corporate Fleet,52480,0,52250,4,  Standard  ,35,5.1,BATTERY,No,18,17640,528.54
501027,2484,03-30-2024,20/4/2024,  Personal  ,east,malaysia,penang,EcoRide 5,70,434,ac,Yes,  Dealership  ,40520,2500,36500,3,PREMIUM,43,7.6,CHARGING,No,19,30340,479.21
501028,2952,30-Mar-22,4/10/2022,personal,WEST,SINGAPORE,Singapore,EcoRide 3,75,497,DC FAST,No,dealership,48700,0,46990,7,extended,62,3.3,NONE,No,13.7,32270,757.63
501029,2633,31-Mar-24,3/4/2024,  Personal  ,WEST,indonesia,Jakarta,FamilyEV XL,50,303,ac,Yes,  Online  ,38650,2500,36550,6,  Premium  ,34,7.2,NONE,No,16,18440,411.58
501030,1104,27/9/2024,9/10/2024,  Government  ,West,Malaysia,JOHOR BAHRU,EcoRide 5,100,,DC FAST,No,dealership,37040,7500,28400,4,  Standard  ,40,8.1,Other,No,19.2,16580,715.99
501031,2122,11-30-2022,21/12/2022,  Personal  ,WEST,Singapore,Singapore,EcoRide 3,80,499,DC FAST,Yes,Corporate Fleet,46430,1000,44820,6,standard,53,,  Software  ,No,21.7,3000,653.9
501032,1510,8/10/2022,08-13-2022,personal,West,Malaysia,  Kuala Lumpur  ,EcoRide 5,80,499,  DC Fast  ,No,  Dealership  ,39300,2500,37020,4,standard,29,3.25,Other,No,17.9,10800,487.84
501033,1384,10-Feb-22,14-Feb-22,PERSONAL,  North  ,Malaysia,Penang,UrbanEV,100,564,dc fast,No,ONLINE,48010,2500,45490,5,  Standard  ,42,8.6,MOTOR,No,15.5,16510,417.79
501034,1404,9/3/2022,03-27-2022,PERSONAL,  South  ,  Malaysia  ,SHAH ALAM,EcoRide 3,70 kWh,451,  DC Fast  ,No,Dealership,"33,690",1000,"34,090",6,  Extended  ,66,,  Battery  ,No,14.5,"29,530",493.46
501035,1822,14/9/2024,28-Sep-24,PERSONAL,SOUTH,,Johor Bahru,FamilyEV XL,,403,dc fast,No,ONLINE,39000,2500,35240,5,  Standard  ,66,7.9,None,No,17,25160,731.84
501036,1517,29/5/2023,8-Jun-23,personal,WEST,MALAYSIA,SHAH ALAM,EcoRide 3,75,444,  DC Fast  ,Yes,DEALERSHIP,52200,1000,52420,7,Extended,68,5.9,software,No,16.9,29410,715.38
501037,1475,26-Nov-23,16/12/2023,PERSONAL,  East  ,Vietnam,,EcoRide 5,70,455,  Home Charger  ,Yes,dealership,49850,1000,49430,5,Extended,59,4.4,SOFTWARE,No,10.5,26860,659.99
501038,1708,5/11/2024,9/11/2024,personal,east,vietnam,Ho Chi Minh City,VoltX Pro,90,527,SUPERCHARGER,Yes,dealership,,5000,43690,5,standard,60,4.5,  None  ,No,,22010,482.71
501039,2886,04-22-2023,7-May-23,  Corporate  ,NORTH,MALAYSIA,PENANG,EcoRide 5,90,553,  AC  ,No,DEALERSHIP,41880,2500,38990,7,STANDARD,46,4.95,  Software  ,No,10.1,22670,508.71
501040,2668,21/12/2024,29/12/2024,corporate,SOUTH,THAILAND,CHIANG MAI,EcoRide 3,50,299,AC,No,ONLINE,45100,5000,39150,3,Premium,48,9.9,Battery,No,17,25770,625.26
501041,2893,30/5/2024,6/7/2024,personal,,malaysia,JOHOR BAHRU,EcoRide 3,50,300,Supercharger,Yes,Dealership,43430,2500,41030,5,STANDARD,36,4.2,None,No,20.2,20440,452.63
501042,1770,3/8/2023,19/3/2023,  Personal  ,NORTH,Malaysia,  Kuala Lumpur  ,VoltX Pro,50,297,AC,No,DEALERSHIP,61340,1000,59380,6,Standard,63,2.7,  None  ,No,19.7,24220,
501043,2460,25/9/2022,13/10/2022,PERSONAL,South,Malaysia,  Kuala Lumpur  ,VoltX S,90,503,SUPERCHARGER,No,Dealership,47220,2500,,6,EXTENDED,36,4,NONE,Yes,13.2,24530,530.34
501044,2046,24-Nov-24,7/12/2024,Corporate,  South  ,  Vietnam  ,HANOI,VoltX Pro,75,466,  DC Fast  ,Yes,  Dealership  ,39630,2500,37280,5,EXTENDED,59,8.7,CHARGING,No,14.2,23700,702.79
501045,1996,18-Feb-24,27/2/2024,personal,SOUTH,  Vietnam  ,hanoi,VoltX S,75,469,dc fast,No,ONLINE,44430,2500,42980,7,extended,43,8.2,Charging,No,13.1,18030,217.12
501046,2588,9-May-23,05-21-2023,  Personal  ,  East  ,MALAYSIA,  Johor Bahru  ,FamilyEV XL,70,404,AC,No,dealership,,5000,,5,Premium,61,10,none,No,17.3,31370,378.57
501047,1676,23/10/2023,4-Nov-23,CORPORATE,  South  ,MALAYSIA,Shah Alam,EcoRide 3,75,437,  Home Charger  ,Yes,DEALERSHIP,,5000,27980,5,  Premium  ,38,9.9,  None  ,No,19.8,31270,433.41
501048,1713,9/10/2024,29/10/2024,PERSONAL,  East  ,malaysia,SHAH ALAM,UrbanEV,50,318,HOME CHARGER,Yes,CORPORATE FLEET,55240,0,54000,8,  Standard  ,47,4,  None  ,No,20.4,13150,582.5
501049,2481,24/11/2024,12/5/2024,  Personal  ,north,  Singapore  ,singapore,UrbanEV,60,354,  Home Charger  ,Yes,  Online  ,46920,1000,45610,6,  Standard  ,64,9.1,  None  ,No,15,7860,
501050,1082,3/9/2024,20/9/2024,Personal,WEST,  Thailand  ,BANGKOK,EcoRide 5,50,302,ac,No,online,41840,2500,39050,5,  Extended  ,46,5.8,None,No,17.3,18910,936.04
501051,2168,04-27-2023,5/3/2023,Corporate,  South  ,MALAYSIA,PENANG,VoltX Pro,,508,SUPERCHARGER,Yes,Dealership,44810,2500,41830,7,extended,35,8.3,NONE,No,14.8,16400,256.26
501052,2108,29-Dec-23,8-Jan-24,Corporate,  East  ,Indonesia,surabaya,VoltX Pro,100,597,dc fast,No,  Dealership  ,44270,2500,41530,6,extended,26,6.1,None,No,17.1,10480,703.93
501053,2101,25-Apr-23,6/5/2023,  Corporate  ,  East  ,MALAYSIA,johor bahru,UrbanEV,,339,Supercharger,Yes,online,45470,1000,44600,5,extended,34,7.7,None,No,15.1,19370,746.04
501054,1456,12-24-2024,8/1/2025,personal,north,vietnam,Hanoi,VoltX S,70,403,AC,No,CORPORATE FLEET,53030,1000,53300,6,Extended,67,7,SOFTWARE,No,15.3,31990,599.66
501055,2901,28/10/2024,8/11/2024,Personal,  West  ,Thailand,Chiang Mai,VoltX Pro,80,456,  Supercharger  ,No,  Online  ,48750,0,48550,6,STANDARD,29,7,OTHER,No,13,25200,436.89
501056,1000,9/12/2022,15/12/2022,  Government  ,  East  ,Singapore,singapore,VoltX S,,635,Home Charger,No,Online,42130,2500,38720,5,premium,54,6.8,  None  ,No,10,27730,496.16
501057,1050,28/11/2022,17-Dec-22,Government,south,INDONESIA,  Surabaya  ,VoltX S,75,410,  AC  ,Yes,  Online  ,32760,0,31690,5,STANDARD,45,7.4,none,No,15.9,31260,663.41
501058,1684,14/3/2023,4/1/2023,  Personal  ,North,INDONESIA,  Surabaya  ,VoltX S,75,458,ac,Yes,  Dealership  ,37980,2500,35800,7,PREMIUM,,3.55,OTHER,No,18,27400,180.29
501059,1716,23/6/2022,10-Jul-22,corporate,west,  Malaysia  ,Kuala Lumpur,VoltX S,90,532,  AC  ,Yes,online,50310,7500,43630,5,,49,8.9,motor,Yes,17.6,20840,373.14
501060,2795,13/7/2023,18/7/2023,PERSONAL,WEST,Malaysia,SHAH ALAM,EcoRide 5,50,328,ac,Yes,  Dealership  ,55930,1000,54280,4,EXTENDED,31,7.6,  None  ,No,12.5,30180,392.48
501061,2469,6/11/2023,18-Jun-23,personal,NORTH,  Vietnam  ,Hanoi,EcoRide 5,50,316,DC Fast,No,  Dealership  ,38850,0,39770,5,STANDARD,64,7.9,None,No,10.2,16410,608.92
501062,1448,21/10/2023,28-Oct-23,Fleet,south,malaysia,  Shah Alam  ,UrbanEV,60,330,Supercharger,No,  Dealership  ,37800,0,39970,3,Standard,52,8.4,,No,16.8,11360,717.8
501063,1880,26/1/2022,12/2/2022,personal,WEST,malaysia,Kuala Lumpur,EcoRide 5,75,433,ac,No,ONLINE,41970,1000,42290,6,PREMIUM,40,4.2,none,No,13.5,31790,
501064,1487,30/3/2024,19/4/2024,Corporate,  East  ,SINGAPORE,singapore,FamilyEV XL,100,599,DC Fast,Yes,DEALERSHIP,57490,0,56770,4,  Standard  ,69,6.4,NONE,No,15.6,32760,127.14
501065,2823,28-Aug-23,14-Sep-23,  Personal  ,west,INDONESIA,SURABAYA,VoltX Pro,90,520,DC Fast,No,Online,46030,1000,46060,4,  Standard  ,61,7.6,none,No,13.5,19140,294.45
501066,1033,10/2/2023,14-Feb-23,personal,south,INDONESIA,Surabaya,FamilyEV XL,100,636,ac,Yes,Corporate Fleet,39660,2500,38080,7,standard,27,8.4,,Yes,12.3,18260,431.57
501067,2371,08-20-2022,4/9/2022,corporate,EAST,Vietnam,  Ho Chi Minh City  ,EcoRide 5,70,425,DC Fast,Yes,Dealership,42470,1000,,6,STANDARD,,6.7,None,No,,25910,611.23
501068,1094,17-Jun-23,23/6/2023,  Corporate  ,South,SINGAPORE,  Singapore  ,VoltX Pro,,,  AC  ,No,online,41300,2500,39700,5,standard,43,6.5,SOFTWARE,No,18.4,14330,652.88
501069,2095,20/5/2023,1/6/2023,Personal,North,  Malaysia  ,kuala lumpur,VoltX Pro,100,639,dc fast,No,CORPORATE FLEET,49930,5000,45690,4,  Standard  ,,3.1,NONE,Yes,16.9,20320,264.24
501070,2574,28/6/2022,13-Jul-22,PERSONAL,East,THAILAND,CHIANG MAI,VoltX S,,415,  AC  ,Yes,Online,58670,0,59920,6,EXTENDED,43,,none,No,19.7,23640,575.27
501071,1153,12-May-22,24/5/2022,Fleet,West,Indonesia,SURABAYA,UrbanEV,80,472,supercharger,No,Dealership,"45,920",5000,"41,500",8,Extended,35,,battery,No,17.1,"17,160",
501072,1249,14/12/2022,25/12/2022,personal,  South  ,  Malaysia  ,penang,VoltX S,90,549,AC,No,Dealership,52660,0,53410,5,PREMIUM,27,7.8,Battery,No,15.9,29700,558.38
501073,1673,24/6/2023,7/4/2023,GOVERNMENT,South,  Malaysia  ,Kuala Lumpur,VoltX S,60,357,home charger,Yes,dealership,35580,0,34560,5,Standard,26,2.65,None,No,22,23800,494.77
501074,1437,2/11/2024,16/2/2024,corporate,  East  ,Malaysia,Shah Alam,FamilyEV XL,50,238,  Supercharger  ,Yes,  Online  ,61390,2500,58890,4,Standard,50,8.1,  None  ,No,22.2,21050,480.07
501075,1117,17/3/2022,4/4/2022,Personal,east,Thailand,chiang mai,EcoRide 5,50,307,AC,No,DEALERSHIP,35630,1000,33880,5,Standard,46,4.1,None,No,14,28880,421.63
501076,1770,2/8/2023,08-18-2023,  Personal  ,WEST,,Surabaya,FamilyEV XL,70,434,DC Fast,No,Online,53480,0,54680,5,,41,8.4,None,No,17.8,23060,482.06
501077,2914,5/3/2024,05-14-2024,PERSONAL,WEST,THAILAND,Chiang Mai,EcoRide 5,50,280,,Yes,  Dealership  ,47370,1000,45010,6,STANDARD,58,5,none,No,17.4,16990,564.32
501078,2329,13/7/2022,26-Jul-22,corporate,north,  Vietnam  ,ho chi minh city,FamilyEV XL,90,461,  Supercharger  ,Yes,  Online  ,36190,5000,29000,5,extended,39,6.9,  None  ,No,19.6,30850,832.14
501079,1267,13/12/2022,18/12/2022,,  West  ,Malaysia,KUALA LUMPUR,VoltX Pro,75,430,dc fast,No,  Dealership  ,50840,0,49420,5,standard,36,8.7,None,No,13.8,21820,242.95
501080,2984,8/8/2024,15/8/2024,PERSONAL,WEST,VIETNAM,ho chi minh city,EcoRide 5,75 kWh,444,Supercharger,No,  Dealership  ,"44,800",5000,,4,  Standard  ,40,,  None  ,No,20.8,"3,000",445.42
501081,2077,2/8/2022,08-14-2022,PERSONAL,WEST,  Indonesia  ,Jakarta,EcoRide 5,75,447,AC,No,DEALERSHIP,38620,2500,34100,3,,40,8.7,Software,No,14.2,23960,608.17
501082,1235,27-Jul-23,11/8/2023,FLEET,,MALAYSIA,kuala lumpur,FamilyEV XL,80,417,ac,Yes,  Dealership  ,45080,0,43190,3,PREMIUM,63,7.5,None,No,16.6,8570,487.94
501083,1388,19-Feb-24,02-25-2024,personal,WEST,VIETNAM,ho chi minh city,EcoRide 3,80,487,dc fast,No,online,33450,1000,33110,5,STANDARD,30,9.1,none,No,13.6,36620,524.83
501084,1989,09-19-2022,4-Oct-22,  Personal  ,north,Malaysia,penang,VoltX Pro,50,,ac,No,online,41620,0,40230,4,PREMIUM,32,6.9,  Battery  ,No,15.4,24540,382.68
501085,2757,12-31-2023,01-14-2024,CORPORATE,  South  ,indonesia,Surabaya,VoltX Pro,100,638,DC FAST,No,online,38250,0,39250,8,Premium,49,3.65,software,No,13.9,24540,665.07
501086,1762,10/10/2022,10-17-2022,corporate,WEST,INDONESIA,JAKARTA,EcoRide 3,80,519,  AC  ,No,Corporate Fleet,43720,0,42400,6,standard,43,7.7,,No,14.1,27270,100
501087,2848,28-Dec-22,9/1/2023,corporate,north,  Indonesia  ,jakarta,FamilyEV XL,100,551,HOME CHARGER,No,  Dealership  ,32880,0,30740,6,premium,43,7.7,  None  ,No,19.3,9520,301.46
501088,1400,17-Mar-23,03-28-2023,personal,north,Thailand,,FamilyEV XL,100,635,SUPERCHARGER,No,dealership,32460,0,31430,6,  Standard  ,36,8.6,battery,No,16.9,24780,891.09
501089,1623,3-Apr-22,12/4/2022,PERSONAL,West,  Malaysia  ,JOHOR BAHRU,VoltX Pro,80,450,  AC  ,No,DEALERSHIP,39060,0,37770,4,standard,33,4.2,OTHER,No,23,14900,254.23
501090,1766,23/1/2024,27-Jan-24,Fleet,West,,SINGAPORE,FamilyEV XL,70 kWh,442,DC FAST,No,corporate fleet,"44,730",2500,"40,940",7,  Standard  ,65,4.2,None,No,16.3,"19,140",325.59
501091,2326,05-16-2024,05-25-2024,personal,north,Malaysia,kuala lumpur,UrbanEV,80,456,DC Fast,No,  Dealership  ,"38,190",1000,"37,080",8,Standard,53,10,  Battery  ,No,14.6,25050 km,342.47
501092,1918,22/5/2022,1/6/2022,Corporate,West,indonesia,,UrbanEV,60,368,supercharger,No,DEALERSHIP,48230,5000,43400,4,standard,51,7.7,Motor,No,15.4,18120,391.77
501093,2230,01-19-2024,28/1/2024,FLEET,East,indonesia,Surabaya,EcoRide 3,60,397,DC FAST,No,  Dealership  ,49910,0,51290,8,standard,29,9.6,  None  ,No,16.5,8560,496.14
501094,2252,10-15-2023,31/10/2023,  Personal  ,  East  ,VIETNAM,HANOI,EcoRide 5,100,637,ac,Yes,DEALERSHIP,39090,2500,36230,5,STANDARD,50,6.4,None,No,17.9,25360,715.8
501095,1852,12/2/2023,23-Dec-23,CORPORATE,west,MALAYSIA,penang,UrbanEV,60,338,ac,Yes,Dealership,54730,5000,50020,3,  Extended  ,54,7.8,,No,15.8,27000,595.48
501096,2933,24-Sep-24,10/1/2024,government,SOUTH,indonesia,  Jakarta  ,FamilyEV XL,50,277,,Yes,  Dealership  ,42880,0,41550,5,Standard,38,7.9,None,No,13.1,14260,452.78
501097,1577,18-Feb-22,10-Mar-22,  Personal  ,  North  ,  Vietnam  ,HO CHI MINH CITY,EcoRide 3,75,473,HOME CHARGER,Yes,dealership,57820,2500,54410,8,STANDARD,57,6,NONE,No,19.8,16490,849.82
501098,1074,05-30-2024,13-Jun-24,  Personal  ,,Indonesia,Surabaya,UrbanEV,70,457,Home Charger,Yes,ONLINE,43180,1000,43480,5,extended,59,8.1,None,No,20.7,20620,416.55
501099,1434,7/9/2023,07-28-2023,personal,East,MALAYSIA,JOHOR BAHRU,VoltX S,50,309,AC,No,dealership,37150,5000,33550,6,extended,35,8.2,NONE,No,15.7,35450,511.52
501100,1102,2/8/2023,23-Feb-23,Personal,east,  Malaysia  ,Penang,EcoRide 3,75,435,  Supercharger  ,No,Dealership,53600,2500,52690,4,extended,28,4.45,None,No,21.5,34120,523.85
501101,2445,10-Jun-24,14-Jun-24,personal,  West  ,,JOHOR BAHRU,VoltX Pro,70,421,  Home Charger  ,Yes,ONLINE,37710,1000,36580,4,  Premium  ,57,8.7,Software,No,15.5,29620,669.4
501102,2727,14/5/2024,29/5/2024,Fleet,west,  Thailand  ,  Bangkok  ,UrbanEV,100,617,  AC  ,No,Online,52960,2500,49140,7,  Extended  ,30,6.1,other,No,20.1,36530,269.78
501103,1763,08-25-2023,9/3/2023,Government,  East  ,Thailand,Bangkok,VoltX Pro,70,,  Supercharger  ,Yes,DEALERSHIP,45840,2500,42560,5,,52,9.8,None,No,14.2,29540,295.24
501104,1737,7-Dec-22,12-19-2022,personal,  West  ,  Vietnam  ,Hanoi,EcoRide 3,70,394,dc fast,No,DEALERSHIP,41110,1000,39780,3,standard,34,,none,No,24.1,23910,688.54
501105,1805,5/12/2023,12-13-2023,personal,  North  ,  Malaysia  ,kuala lumpur,UrbanEV,60,386,SUPERCHARGER,Yes,ONLINE,39620,5000,34050,4,Standard,60,7.1,  Software  ,No,11.7,14260,856.96
501106,2329,14/11/2022,19-Nov-22,  Fleet  ,NORTH,MALAYSIA,KUALA LUMPUR,VoltX Pro,60,405,DC Fast,Yes,ONLINE,44400,2500,42010,4,EXTENDED,50,8.7,NONE,No,13.7,9890,427.18
501107,1097,10/9/2023,15-Sep-23,PERSONAL,  West  ,Thailand,BANGKOK,EcoRide 5,60,394,Home Charger,No,Dealership,49760,0,50510,5,Extended,54,9.3,SOFTWARE,No,23.6,18570,
501108,2873,17/1/2023,6/2/2023,  Corporate  ,north,INDONESIA,Jakarta,EcoRide 5,70,359,,No,ONLINE,,5000,38690,6,Extended,46,7.3,  Battery  ,No,11.9,23340,261.98
501109,1797,21/8/2022,3/9/2022,Personal,  North  ,vietnam,ho chi minh city,VoltX S,90,582,supercharger,No,Dealership,55360,1000,56280,5,  Extended  ,29,7.9,motor,No,16.3,38120,707.24
501110,2358,27/3/2024,3/4/2024,PERSONAL,  East  ,  Indonesia  ,JAKARTA,FamilyEV XL,70,436,AC,Yes,dealership,36770,2500,34340,4,extended,26,9.4,NONE,No,15.4,20420,162.69
501111,1858,7/7/2023,07-28-2023,personal,south,  Singapore  ,singapore,EcoRide 3,60,344,DC Fast,Yes,DEALERSHIP,44320,1000,44680,3,standard,57,6.6,NONE,No,17.1,23070,512.77
501112,1434,5/5/2024,05-26-2024,Corporate,  West  ,THAILAND,CHIANG MAI,FamilyEV XL,70,365,Home Charger,No,corporate fleet,52700,5000,48120,5,  Standard  ,40,3.8,None,No,17.8,200000,464.75
501113,1446,03-29-2024,04-15-2024,personal,South,indonesia,  Surabaya  ,FamilyEV XL,60 kWh,357,  Supercharger  ,Yes,ONLINE,"36,570",2500,"36,230",6,Extended,31,8.8,none,No,16.3,23440 km,364.92
501114,2331,7/2/2022,20/7/2022,  Corporate  ,  North  ,SINGAPORE,singapore,VoltX Pro,60,369,  AC  ,Yes,  Online  ,"52,280",2500,"48,620",5,Extended,45,9.4,Motor,No,19.2,"34,440",328.33
501115,1248,30/11/2024,11/12/2024,  Personal  ,south,MALAYSIA,  Shah Alam  ,VoltX S,60,333,dc fast,Yes,ONLINE,45140,7500,37130,4,standard,59,5.6,MOTOR,No,21.2,31300,639.23
501116,1165,1/2/2023,7/2/2023,personal,,malaysia,Shah Alam,EcoRide 3,100,649,ac,No,  Online  ,45770,1000,44260,3,premium,46,8,charging,No,,22040,655.48
501117,2504,02-18-2024,3/6/2024,Personal,  South  ,MALAYSIA,shah alam,EcoRide 5,100,,AC,No,ONLINE,42620,0,42800,5,Premium,46,7.3,none,No,11.6,17630,733.46
501118,1983,25-Jun-24,9/7/2024,corporate,east,,  Bangkok  ,FamilyEV XL,90,557,  Supercharger  ,Yes,Dealership,36540,2500,34170,6,extended,30,8.2,SOFTWARE,No,15,18060,596.87
501119,2358,7/5/2022,12/5/2022,CORPORATE,west,Malaysia,Shah Alam,VoltX Pro,75,409,DC Fast,Yes,ONLINE,44450,1000,43840,4,  Standard  ,57,4.9,,No,17.9,22230,501.51
501120,2019,1/1/2022,01-17-2022,PERSONAL,,Malaysia,SHAH ALAM,FamilyEV XL,70,413,DC Fast,No,corporate fleet,41110,1000,40250,5,Standard,63,6.1,MOTOR,No,17.5,17020,532.65
501121,1541,01-19-2022,7/2/2022,Personal,  South  ,  Malaysia  ,SHAH ALAM,UrbanEV,50,314,supercharger,Yes,ONLINE,55670,2500,53730,5,Standard,67,8.7,none,No,19.6,28340,698.17
501122,1758,7/8/2023,28/8/2023,personal,SOUTH,Thailand,Bangkok,EcoRide 5,60,376,DC FAST,No,DEALERSHIP,,2500,45590,6,EXTENDED,49,3.9,none,No,22.6,17270,158.49
501123,2129,1/4/2023,4/9/2023,  Personal  ,EAST,Malaysia,JOHOR BAHRU,FamilyEV XL,,515,AC,No,CORPORATE FLEET,45240,1000,44710,7,standard,42,10,Charging,No,17.6,32890,588.79
501124,2586,14-Aug-24,20-Aug-24,  Personal  ,WEST,  Thailand  ,chiang mai,UrbanEV,50 kWh,289,DC Fast,No,Online,"54,220",5000,"52,040",5,  Standard  ,65,4.45,software,No,15.8,"26,830",384.35
501125,1080,21/3/2023,30-Mar-23,  Corporate  ,West,Malaysia,Shah Alam,UrbanEV,100,571,home charger,Yes,  Dealership  ,44610,2500,42110,7,  Extended  ,59,6.6,charging,No,14.8,12860,575.23
501126,1132,25-Aug-23,09-15-2023,corporate,north,Malaysia,johor bahru,VoltX Pro,75,442,Home Charger,No,DEALERSHIP,49920,5000,43480,6,premium,48,9.1,none,No,16.4,32310,293.89
501127,1796,13-Apr-22,2/5/2022,personal,  East  ,SINGAPORE,Singapore,VoltX Pro,70,406,dc fast,Yes,DEALERSHIP,53150,5000,47520,3,Extended,64,5,Charging,No,19.6,12740,670.01
501128,1899,14-Sep-24,2-Oct-24,  Personal  ,  South  ,Malaysia,PENANG,UrbanEV,100,573,  AC  ,Yes,Dealership,43090,0,42630,6,Premium,,,BATTERY,No,15.2,33240,617.51
501129,1137,4/6/2023,21/6/2023,  Corporate  ,NORTH,MALAYSIA,Johor Bahru,VoltX S,90,535,dc fast,Yes,online,48040,2500,44650,5,PREMIUM,47,8.6,Battery,No,18.8,27210,358.92
501130,1183,8-May-24,05-18-2024,  Corporate  ,NORTH,Malaysia,kuala lumpur,FamilyEV XL,60,361,Supercharger,Yes,DEALERSHIP,41940,1000,41060,7,Standard,57,9.2,  None  ,No,13.7,37690,406.59
501131,2424,06-23-2022,07-14-2022,personal,SOUTH,  Indonesia  ,JAKARTA,UrbanEV,60,386,AC,Yes,Dealership,53020,5000,48820,5,extended,53,7.7,  Software  ,No,16.9,4240,388.2
501132,2353,10/1/2024,11-Oct-24,Personal,SOUTH,Thailand,  Chiang Mai  ,UrbanEV,60,317,  DC Fast  ,No,online,44810,2500,41010,5,standard,34,4.8,,No,12.4,22990,511.45
501133,1784,3/7/2023,27/3/2023,PERSONAL,NORTH,malaysia,johor bahru,VoltX Pro,90,584,HOME CHARGER,Yes,corporate fleet,54590,0,52900,8,STANDARD,39,8.8,none,No,,21820,905.95
501134,2531,28/12/2023,15/1/2024,PERSONAL,  East  ,Malaysia,  Penang  ,FamilyEV XL,100,570,DC FAST,No,  Dealership  ,,5000,43860,4,STANDARD,34,9.2,none,No,21.4,17670,136.46
501135,2875,04-29-2024,20-May-24,personal,SOUTH,Vietnam,Ho Chi Minh City,EcoRide 3,50,337,  DC Fast  ,Yes,Dealership,,2500,59380,5,STANDARD,50,10,  Software  ,No,17.8,28930,565.14
501136,1983,16/9/2024,28/9/2024,personal,East,thailand,CHIANG MAI,EcoRide 5,,470,  DC Fast  ,Yes,  Dealership  ,40050,5000,36460,6,Premium,64,3.15,  None  ,No,16.6,19760,586.16
501137,1068,1/10/2023,10-20-2023,Fleet,  South  ,Singapore,SINGAPORE,VoltX Pro,70 kWh,435,AC,Yes,dealership,"51,020",0,"51,780",6,premium,53,3.2,  None  ,No,17.8,32090 km,393.81
501138,1545,24/2/2023,3/11/2023,PERSONAL,NORTH,,chiang mai,FamilyEV XL,75,447,AC,No,Online,44700,5000,,6,Standard,58,7,  Software  ,No,18.5,15490,165.29
501139,2797,17-Aug-23,9/1/2023,Personal,SOUTH,indonesia,Jakarta,FamilyEV XL,100,,HOME CHARGER,No,  Dealership  ,43420,2500,40130,5,  Standard  ,42,7.7,NONE,No,,8580,459.8
501140,1052,30-Apr-23,9-May-23,personal,  North  ,indonesia,jakarta,VoltX S,60,359,AC,No,Dealership,31710,2500,28610,5,STANDARD,26,8.8,  None  ,No,17.7,16780,256.49
501141,2473,02-16-2023,02-28-2023,  Corporate  ,EAST,Singapore,SINGAPORE,EcoRide 5,75,495,AC,No,Dealership,45510,5000,40070,5,extended,49,6.3,charging,No,14,200000,611.29
501142,1204,24/7/2024,07-28-2024,  Corporate  ,NORTH,  Singapore  ,,VoltX Pro,50,289,  DC Fast  ,No,  Corporate Fleet  ,38180,2500,,5,STANDARD,45,9.4,None,No,12.6,29010,223.61
501143,1125,28/11/2022,4/12/2022,PERSONAL,East,malaysia,shah alam,VoltX Pro,80,503,  Home Charger  ,Yes,ONLINE,42830,2500,140900,4,  Extended  ,55,9.3,  None  ,Yes,19.2,15310,489.99
501144,2770,17/10/2023,25-Oct-23,  Personal  ,north,VIETNAM,HO CHI MINH CITY,EcoRide 3,100,676,Supercharger,No,online,38460,1000,38740,5,  Standard  ,46,9.4,none,No,13.1,25650,345.84
501145,1042,10/2/2022,2/3/2022,GOVERNMENT,East,thailand,BANGKOK,VoltX S,80,453,ac,No,DEALERSHIP,39390,5000,,3,STANDARD,,7.5,None,No,18.1,24460,723.39
501146,2775,16/8/2024,24/8/2024,PERSONAL,West,  Malaysia  ,  Penang  ,VoltX S,70,434,SUPERCHARGER,Yes,DEALERSHIP,37490,2500,33530,3,EXTENDED,51,4.6,  None  ,No,20,23450,813.96
501147,2994,15/4/2022,4/5/2022,  Personal  ,north,  Vietnam  ,HANOI,FamilyEV XL,70,400,DC FAST,Yes,Online,37560,5000,32750,3,Premium,49,,Motor,No,13.9,34240,428.18
501148,2906,21/7/2022,8/6/2022,personal,south,Vietnam,Hanoi,FamilyEV XL,75,,DC FAST,No,DEALERSHIP,33860,1000,35260,6,PREMIUM,49,7.1,Battery,No,15,19990,289.78
501149,1110,26/3/2023,4/8/2023,PERSONAL,north,Vietnam,  Hanoi  ,VoltX Pro,70,473,  Supercharger  ,No,Online,47630,1000,,5,EXTENDED,51,9.1,  None  ,No,16.5,15430,834.51
501150,1760,28-Jun-24,19-Jul-24,PERSONAL,East,indonesia,  Jakarta  ,EcoRide 3,100,563,ac,No,online,45130,0,45260,5,standard,34,4.1,none,No,14.3,22530,472.73
501151,2686,29-Jul-22,8/2/2022,Corporate,South,Vietnam,hanoi,VoltX Pro,90,546,Home Charger,Yes,corporate fleet,49950,5000,45090,5,  Extended  ,54,9.7,,Yes,14.3,20860,562.83
501152,2206,07-17-2023,07-22-2023,  Fleet  ,east,MALAYSIA,Johor Bahru,UrbanEV,50,283,dc fast,No,ONLINE,42260,1000,43150,4,Premium,28,7.9,none,No,15.4,28330,475.74
501153,1847,14/12/2023,27/12/2023,PERSONAL,East,INDONESIA,JAKARTA,FamilyEV XL,60,357,  DC Fast  ,Yes,corporate fleet,40380,1000,38440,5,Standard,45,8.1,MOTOR,No,,22050,458.88
501154,1094,10/2/2024,18/2/2024,  Corporate  ,  West  ,Indonesia,jakarta,UrbanEV,60,375,DC Fast,Yes,  Online  ,44380,2500,42820,4,PREMIUM,54,8.3,  None  ,No,18.5,23770,401.43
501155,2994,30-Mar-23,15/4/2023,PERSONAL,EAST,Malaysia,Shah Alam,EcoRide 3,75,441,  AC  ,Yes,Online,49910,1000,47490,6,Standard,57,8.6,  Software  ,No,17.2,19990,122.2
501156,2397,29/10/2023,19/11/2023,personal,EAST,,johor bahru,VoltX Pro,60,,DC Fast,Yes,Dealership,47100,5000,42320,4,Extended,67,,SOFTWARE,No,12.7,6000,853.5
501157,2935,09-21-2023,9/10/2023,  Fleet  ,south,vietnam,ho chi minh city,FamilyEV XL,,465,AC,No,DEALERSHIP,45090,2500,43330,5,Standard,50,10,CHARGING,No,22.2,23270,539.6
501158,2543,22-Jan-23,31/1/2023,fleet,west,,PENANG,EcoRide 3,70,383,ac,No,  Dealership  ,49650,7500,43150,5,extended,,3.95,None,No,16.1,30270,483.7
501159,1899,10-23-2022,2-Nov-22,Personal,West,Indonesia,JAKARTA,VoltX Pro,70,429,  Supercharger  ,No,ONLINE,45040,0,43670,5,STANDARD,47,8.9,NONE,No,16.8,26090,685.63
501160,1359,15/9/2022,6-Oct-22,  Personal  ,South,  Malaysia  ,shah alam,VoltX Pro,90,593,SUPERCHARGER,No,DEALERSHIP,40860,1000,37850,4,Standard,55,10,none,No,15.4,11400,388.1
501161,1899,25/9/2022,13/10/2022,FLEET,WEST,MALAYSIA,SHAH ALAM,UrbanEV,90 kWh,560,AC,No,Online,,1000,"50,150",6,  Extended  ,28,8,,No,17,"19,630",573.94
501162,2719,23/2/2023,3/4/2023,  Fleet  ,SOUTH,singapore,  Singapore  ,EcoRide 5,50,305,DC Fast,No,dealership,36260,2500,33190,5,standard,,6.5,  None  ,No,14.3,20260,346.08
501163,1280,08-23-2022,3/9/2022,FLEET,  West  ,MALAYSIA,Johor Bahru,VoltX S,60,353,DC FAST,Yes,Online,35060,0,33640,6,premium,49,6.5,  None  ,No,12.9,25880,431
501164,2218,12/9/2024,27/9/2024,personal,west,thailand,Bangkok,FamilyEV XL,100,596,DC Fast,No,Dealership,44830,1000,42520,4,  Standard  ,69,7.3,  Software  ,No,,23010,616.88
501165,2887,28-Jul-23,31/7/2023,personal,NORTH,THAILAND,CHIANG MAI,VoltX S,90,540,  AC  ,Yes,  Dealership  ,45600,5000,40120,6,premium,25,4.25,NONE,No,21.3,3000,554.98
501166,2218,02-18-2022,28/2/2022,personal,EAST,Malaysia,Penang,EcoRide 3,50,251,Supercharger,No,DEALERSHIP,46630,0,48340,4,STANDARD,26,8.7,none,No,18.7,14800,434.79
501167,1666,11/8/2022,17-Aug-22,  Personal  ,SOUTH,  Malaysia  ,kuala lumpur,VoltX S,80,495,AC,No,DEALERSHIP,42710,2500,38980,4,  Extended  ,30,9.7,NONE,No,,19460,646.18
501168,1092,9/7/2024,14-Jul-24,corporate,South,MALAYSIA,kuala lumpur,UrbanEV,90,576,home charger,Yes,  Online  ,54470,2500,52860,4,premium,,5.7,None,No,15.3,17450,344.55
501169,1671,4/10/2022,9/10/2022,  Personal  ,SOUTH,  Malaysia  ,  Kuala Lumpur  ,EcoRide 5,,285,DC Fast,Yes,Dealership,34510,0,33040,4,extended,28,4.15,  Other  ,No,14.6,20580,317.15
501170,2969,24/2/2023,11/3/2023,PERSONAL,  East  ,  Indonesia  ,,FamilyEV XL,75,457,Home Charger,No,  Online  ,"45,940",2500,"42,690",6,Premium,42,8.9,None,No,15.5,18670 km,
501171,1060,3/9/2023,13/9/2023,corporate,NORTH,  Singapore  ,SINGAPORE,VoltX Pro,75,461,  AC  ,Yes,Online,50310,2500,46280,4,EXTENDED,65,8.9,,No,18.5,20330,453.91
501172,1633,10-Jan-23,19-Jan-23,personal,North,,Johor Bahru,VoltX Pro,50,316,supercharger,Yes,dealership,54690,1000,55860,5,STANDARD,67,,  Motor  ,No,,27520,433.51
501173,2074,14/3/2022,17/3/2022,PERSONAL,  East  ,SINGAPORE,Singapore,UrbanEV,70,420,ac,No,Dealership,"54,340",1000,"54,300",4,EXTENDED,29,7.4,  None  ,No,16.2,30150 km,414.62
501174,2426,11-19-2024,7-Dec-24,Corporate,North,MALAYSIA,johor bahru,FamilyEV XL,80 kWh,497,supercharger,Yes,Online,"37,330",5000,"33,030",5,premium,49,9.2,  None  ,No,12.8,20880 km,680.73
501175,2812,14-Jul-22,07-22-2022,Corporate,north,malaysia,penang,VoltX S,50,277,DC Fast,No,  Dealership  ,47530,0,48180,7,premium,25,3.4,none,No,19.9,26100,800.73
501176,2028,26-Apr-24,5/5/2024,fleet,north,MALAYSIA,shah alam,VoltX Pro,90,503,  DC Fast  ,No,Dealership,43500,2500,,5,extended,58,6.2,  Motor  ,No,20.3,24940,473.89
501177,2489,30/11/2024,14-Dec-24,  Personal  ,  South  ,INDONESIA,  Jakarta  ,VoltX S,70 kWh,432,ac,Yes,  Online  ,"44,870",2500,,5,  Standard  ,27,,CHARGING,No,18.5,31590 km,618.37
501178,1603,22/12/2024,1/2/2025,fleet,South,vietnam,  Hanoi  ,UrbanEV,50,295,  AC  ,No,ONLINE,52940,0,51890,4,STANDARD,41,4.2,none,No,21.3,26700,352.97
501179,1681,23-Jan-22,5-Feb-22,  Corporate  ,,indonesia,jakarta,VoltX Pro,,322,Supercharger,Yes,  Dealership  ,58300,5000,55990,4,STANDARD,56,8.3,  None  ,No,11.3,36460,481.07
501180,2852,26-Dec-22,7/1/2023,PERSONAL,WEST,MALAYSIA,JOHOR BAHRU,EcoRide 3,90,553,  DC Fast  ,No,  Online  ,46830,1000,44710,5,STANDARD,48,7,  Motor  ,No,14.2,26880,592.69
501181,1533,14/7/2023,17/7/2023,  Personal  ,east,  Malaysia  ,  Kuala Lumpur  ,EcoRide 5,90,494,  DC Fast  ,No,  Dealership  ,31100,1000,29240,7,  Standard  ,26,3,None,No,17.1,10680,331.78
501182,2428,3/11/2023,23-Nov-23,corporate,,  Singapore  ,singapore,VoltX S,75,531,  AC  ,Yes,DEALERSHIP,33320,2500,32420,4,  Premium  ,25,9.4,None,No,13.8,31400,649.98
501183,1837,11/10/2023,16/11/2023,  Personal  ,South,Thailand,Bangkok,FamilyEV XL,60,308,  AC  ,Yes,DEALERSHIP,44670,0,44570,5,STANDARD,58,10,battery,No,19.8,28440,354.58
501184,2536,16/3/2023,23/3/2023,Corporate,south,vietnam,ho chi minh city,VoltX S,60,361,supercharger,No,Online,51980,2500,50080,7,Extended,32,5.6,  Software  ,Yes,13.5,28290,
501185,1644,21/7/2024,1-Aug-24,Personal,East,malaysia,Shah Alam,VoltX S,90,500,Supercharger,Yes,Dealership,39500,5000,34420,7,STANDARD,69,9.5,  Motor  ,No,21,12820,669.91
501186,1232,7/1/2022,26/1/2022,PERSONAL,  North  ,malaysia,shah alam,VoltX S,80,509,AC,Yes,online,43660,0,42970,8,EXTENDED,68,3.85,charging,Yes,14.5,29660,723.12
501187,1523,02-25-2023,2-Mar-23,  Personal  ,north,  Thailand  ,bangkok,UrbanEV,100,,dc fast,No,  Dealership  ,56330,1000,54640,6,standard,33,8.5,motor,No,21.2,28910,704.77
501188,1345,12/4/2024,30/4/2024,,west,indonesia,Jakarta,UrbanEV,70,448,  Supercharger  ,Yes,Corporate Fleet,,0,43080,3,standard,52,7.9,CHARGING,No,14.5,12210,886.53
501189,2069,13/7/2023,20-Jul-23,personal,  South  ,indonesia,  Surabaya  ,FamilyEV XL,75,473,,No,Online,57270,5000,52500,7,Extended,43,,NONE,No,10,26960,601.49
501190,1545,2/7/2024,20-Jul-24,PERSONAL,  South  ,Thailand,bangkok,UrbanEV,60 kWh,334,AC,Yes,Dealership,"41,990",0,"43,190",7,Standard,44,6.8,NONE,No,17.4,"24,050",210.66
501191,2968,3-Oct-24,8/10/2024,fleet,  West  ,VIETNAM,Hanoi,FamilyEV XL,75,428,Supercharger,No,  Dealership  ,51330,1000,51520,5,STANDARD,31,7.1,charging,No,19,22070,525.77
501192,2101,6/5/2022,23/5/2022,Corporate,EAST,,  Singapore  ,FamilyEV XL,90,528,DC Fast,Yes,Dealership,45540,2500,43620,3,premium,66,8.1,none,No,13.9,21410,408.47
501193,2753,30-Jan-23,4/2/2023,  Government  ,  South  ,vietnam,  Ho Chi Minh City  ,UrbanEV,70,3000,supercharger,Yes,Dealership,50440,1000,50490,5,Standard,59,8.9,software,No,21.8,8670,227.04
501194,2836,27-Mar-24,4/12/2024,Personal,East,Vietnam,Ho Chi Minh City,VoltX Pro,50,296,,No,ONLINE,59060,0,59600,4,  Premium  ,43,10,Charging,No,21.1,21520,755.76
501195,2946,30-May-24,06-17-2024,Personal,north,Indonesia,  Surabaya  ,UrbanEV,60,377,DC Fast,No,DEALERSHIP,47940,5000,43320,5,Extended,41,4.35,,No,16.5,27430,438.76
501196,2096,30/7/2023,08-18-2023,GOVERNMENT,,,johor bahru,VoltX Pro,70,427,  DC Fast  ,No,  Online  ,"53,830",1000,"52,510",6,extended,64,8.3,NONE,No,18,"16,230",
501197,1793,11-21-2022,11-Dec-22,FLEET,south,Malaysia,JOHOR BAHRU,EcoRide 3,100,575,dc fast,Yes,Dealership,38740,1000,36050,6,standard,42,7.3,none,No,17,21600,371.05
501198,1248,07-18-2024,7/8/2024,  Personal  ,  West  ,SINGAPORE,Singapore,UrbanEV,75,423,DC Fast,No,dealership,38480,0,37850,6,Extended,31,8.8,  None  ,No,19,18440,953.01
501199,1046,4/12/2024,04-28-2024,  Personal  ,WEST,singapore,Singapore,EcoRide 3,90,511,  Supercharger  ,No,Dealership,33570,5000,30020,5,extended,51,6.9,software,Yes,19.6,19000,773.48
501200,2144,20/11/2024,12/10/2024,,West,  Indonesia  ,  Surabaya  ,UrbanEV,70,429,DC Fast,No,  Online  ,37610,1000,36900,5,EXTENDED,63,8.3,None,No,12,9140,645.9
501201,1213,16-Apr-24,3-May-24,Personal,  West  ,malaysia,Johor Bahru,EcoRide 3,50,296,ac,No,dealership,55620,0,55220,7,Standard,54,7.7,  Motor  ,No,22,26620,626.15
501202,1238,14-Jul-24,31/7/2024,  Fleet  ,  East  ,malaysia,Shah Alam,EcoRide 5,70,478,ac,No,dealership,47320,1000,47520,5,Extended,47,6.5,none,No,20.6,22130,319.32
501203,2079,19/3/2023,27/3/2023,  Personal  ,south,INDONESIA,jakarta,EcoRide 3,90,540,SUPERCHARGER,No,ONLINE,43130,7500,35180,6,  Premium  ,44,10,software,No,,16280,304.26
501204,1349,03-16-2022,4/2/2022,  Personal  ,south,MALAYSIA,kuala lumpur,VoltX Pro,75,456,SUPERCHARGER,No,Dealership,46430,0,47140,6,  Standard  ,47,3.25,none,No,21.4,30380,611.6
501205,1106,7/11/2023,31-Jul-23,  Fleet  ,  East  ,Malaysia,  Kuala Lumpur  ,VoltX S,60,317,  Supercharger  ,No,ONLINE,49760,0,51090,5,  Premium  ,50,7.4,None,No,22.7,28000,817.69
501206,1830,29-Dec-22,4/1/2023,personal,West,malaysia,penang,FamilyEV XL,100,546,AC,Yes,ONLINE,50450,2500,48560,7,  Standard  ,38,2.8,  None  ,No,11.9,21530,296.71
501207,1047,24/3/2023,3/4/2023,  Personal  ,  North  ,Thailand,  Bangkok  ,EcoRide 3,100,555,dc fast,Yes,ONLINE,46530,1000,46590,5,  Standard  ,55,7.7,none,No,19.1,30750,480.69
501208,2596,09-19-2022,6-Oct-22,personal,West,MALAYSIA,kuala lumpur,VoltX S,60 kWh,347,ac,Yes,  Online  ,"54,680",5000,"50,150",5,  Standard  ,51,8.7,battery,No,,"33,080",546.85
501209,1336,5/5/2022,5/10/2022,Personal,West,indonesia,  Jakarta  ,EcoRide 5,80,433,Home Charger,No,CORPORATE FLEET,38200,2500,33800,5,STANDARD,33,3.3,motor,No,18.1,15420,403.71
501210,2049,29-Jun-24,16/7/2024,corporate,West,singapore,  Singapore  ,EcoRide 5,75 kWh,415,  AC  ,Yes,Online,"42,550",0,"43,860",6,standard,47,5.3,None,No,20.5,14190 km,464.82
501211,1803,2/9/2022,17/9/2022,CORPORATE,WEST,  Vietnam  ,Hanoi,VoltX Pro,,627,  DC Fast  ,Yes,DEALERSHIP,53190,2500,51490,7,STANDARD,34,7.4,NONE,No,17.6,6380,294.29
501212,2280,26-Jun-23,7/7/2023,Corporate,south,singapore,Singapore,VoltX Pro,80,452,SUPERCHARGER,Yes,Online,51690,0,51390,5,STANDARD,47,7.8,,No,18.5,17040,561.75
501213,1007,30-Apr-23,4-May-23,  Personal  ,North,  Malaysia  ,  Kuala Lumpur  ,EcoRide 3,80 kWh,479,  Home Charger  ,No,Dealership,"47,600",1000,"46,010",4,  Standard  ,34,7.6,charging,No,11.3,"19,290",534.45
501214,1624,2/5/2022,12/5/2022,PERSONAL,NORTH,malaysia,penang,UrbanEV,90,561,  AC  ,No,DEALERSHIP,41200,2500,38820,5,,26,10,NONE,No,15,10580,623.25
501215,2890,5/5/2022,24/5/2022,Personal,south,Malaysia,kuala lumpur,EcoRide 5,90,574,  AC  ,No,  Corporate Fleet  ,50510,1000,48310,8,STANDARD,61,8.5,NONE,No,20.8,16130,459.17
501216,2276,19/6/2022,7/4/2022,CORPORATE,East,Singapore,  Singapore  ,VoltX S,90,551,DC FAST,Yes,DEALERSHIP,38640,0,39580,4,premium,64,8.4,NONE,No,14.9,27180,642.56
501217,2715,4/5/2022,5/7/2022,CORPORATE,West,Malaysia,johor bahru,UrbanEV,50,307,DC Fast,No,CORPORATE FLEET,53270,0,,5,Premium,62,4.25,  None  ,No,16.8,23850,567.74
501218,1718,11-24-2024,28/11/2024,corporate,west,Malaysia,Penang,EcoRide 5,75,479,  AC  ,Yes,  Dealership  ,55650,5000,49750,4,PREMIUM,62,4.25,NONE,No,13.6,16680,
501219,1302,8/10/2023,25/10/2023,  Personal  ,East,THAILAND,CHIANG MAI,EcoRide 3,60,370,  Supercharger  ,No,ONLINE,,5000,36630,7,Standard,25,7.3,  None  ,No,15,30680,447.01
501220,1638,25/2/2024,3/10/2024,PERSONAL,north,malaysia,Kuala Lumpur,EcoRide 5,75,481,,Yes,corporate fleet,63120,1000,62590,5,Standard,42,6.6,  None  ,No,18,12570,688.56
501221,1055,20-Jul-22,8/5/2022,Personal,NORTH,  Malaysia  ,Shah Alam,VoltX Pro,90,463,Supercharger,No,CORPORATE FLEET,38020,0,38840,5,standard,59,5,None,No,16.6,25500,455.16
501222,1725,1/4/2023,8/1/2023,  Personal  ,north,indonesia,JAKARTA,VoltX S,50,298,AC,Yes,online,43680,7500,34900,3,standard,31,7.8,None,No,11.5,20380,628.31
501223,1525,3/7/2024,27-Mar-24,  Personal  ,south,VIETNAM,HO CHI MINH CITY,VoltX S,75,452,  AC  ,No,CORPORATE FLEET,43500,2500,41740,6,premium,68,8,  None  ,No,,22670,765.72
501224,1473,18/3/2022,27-Mar-22,Corporate,  East  ,MALAYSIA,  Penang  ,VoltX Pro,75,,  Supercharger  ,Yes,DEALERSHIP,44270,1000,45060,5,PREMIUM,66,8.1,None,No,21.2,24100,734.98
501225,1027,28/2/2022,8/3/2022,personal,North,,Shah Alam,UrbanEV,80,484,Supercharger,Yes,CORPORATE FLEET,54970,2500,52430,5,STANDARD,46,3.45,none,No,20.2,30380,459.23
501226,1077,7-Mar-23,03-23-2023,  Personal  ,  South  ,Vietnam,Hanoi,VoltX Pro,75,438,Supercharger,No,  Corporate Fleet  ,48060,0,47950,5,standard,49,8.3,  None  ,No,17.1,26970,394.87
501227,2239,09-30-2023,10/10/2023,,NORTH,MALAYSIA,  Shah Alam  ,VoltX S,80,505,Supercharger,Yes,DEALERSHIP,39180,2500,35290,5,  Premium  ,66,6.1,NONE,No,18,29660,694.23
501228,2409,19/4/2022,23-Apr-22,CORPORATE,east,vietnam,  Hanoi  ,EcoRide 3,80,463,AC,No,  Dealership  ,45760,5000,40840,6,extended,47,4.55,  Charging  ,No,15.1,14880,409.3
501229,1364,4-Oct-24,23/10/2024,FLEET,south,MALAYSIA,johor bahru,UrbanEV,70,,ac,No,ONLINE,49640,0,48620,4,  Standard  ,33,7.6,none,No,21.2,19980,697.97
501230,1665,9/3/2022,16-Mar-22,  Fleet  ,South,  Indonesia  ,surabaya,FamilyEV XL,90,592,ac,No,online,48650,2500,47320,4,standard,51,9.7,Software,No,16.2,15380,260.99
501231,1525,28-Dec-24,13/1/2025,Corporate,  South  ,Malaysia,shah alam,EcoRide 5,100 kWh,652,Home Charger,Yes,ONLINE,"53,560",2500,"53,490",6,Extended,35,8.8,none,No,13.3,"12,850",594.75
501232,1698,1-Nov-22,6/11/2022,  Personal  ,west,vietnam,  Ho Chi Minh City  ,FamilyEV XL,50,303,DC FAST,No,ONLINE,45630,7500,40580,6,  Standard  ,51,8.6,  None  ,No,11.9,28330,
501233,2335,11/5/2023,12-Nov-23,FLEET,NORTH,Malaysia,Johor Bahru,EcoRide 3,80,460,AC,No,Online,50600,1000,48740,4,PREMIUM,64,3.4,,No,11.8,8290,166.81
501234,1882,12-31-2022,18/1/2023,Personal,East,THAILAND,  Chiang Mai  ,FamilyEV XL,75,401,AC,Yes,dealership,,5000,,3,Standard,52,4.05,  None  ,No,14.6,17910,345.18
501235,2030,31/3/2024,20/4/2024,  Personal  ,East,MALAYSIA,  Johor Bahru  ,UrbanEV,80,476,Home Charger,Yes,online,40470,1000,40080,6,Standard,42,9.1,  None  ,No,21.9,18160,422.6
501236,2026,12/9/2022,28/12/2022,CORPORATE,EAST,  Malaysia  ,johor bahru,VoltX S,80,496,  Supercharger  ,Yes,Dealership,37010,1000,35780,4,standard,60,8.2,  None  ,No,25,20510,884.93
501237,2646,4-Aug-24,17/8/2024,corporate,  West  ,Indonesia,jakarta,VoltX S,80,457,home charger,Yes,Dealership,55970,0,55980,8,STANDARD,58,3,None,No,20.2,13990,
501238,1918,06-17-2024,7/6/2024,Personal,,SINGAPORE,singapore,EcoRide 3,60,360,DC Fast,No,  Dealership  ,34440,5000,31890,5,Extended,37,9.5,  None  ,No,11.8,16840,433.41
501239,1749,1-Feb-24,19-Feb-24,PERSONAL,SOUTH,vietnam,hanoi,FamilyEV XL,100,586,  DC Fast  ,No,DEALERSHIP,46780,0,45700,6,STANDARD,54,9.1,Battery,No,13.7,35060,430.22
501240,1362,12/7/2022,11-Dec-22,Personal,  North  ,SINGAPORE,singapore,UrbanEV,100,,AC,No,  Online  ,47870,5000,43140,6,standard,52,2.85,  None  ,No,13.7,20170,305.99
501241,2774,07-30-2024,5-Aug-24,  Personal  ,  East  ,  Indonesia  ,Jakarta,EcoRide 5,60,363,ac,No,Online,38140,1000,37520,5,extended,46,8.2,Other,No,16.1,15820,422.38
501242,2531,18/1/2023,27-Jan-23,,SOUTH,  Singapore  ,SINGAPORE,FamilyEV XL,60,370,  AC  ,Yes,Dealership,51310,5000,47360,5,  Standard  ,48,4.6,  None  ,No,14.5,23650,
501243,2297,30/9/2024,4/10/2024,personal,,  Vietnam  ,  Ho Chi Minh City  ,FamilyEV XL,60,364,,Yes,Dealership,35550,1000,33690,5,standard,54,3.55,none,No,18.9,22530,366.01
501244,2529,27/10/2022,4-Nov-22,PERSONAL,  East  ,VIETNAM,Ho Chi Minh City,EcoRide 5,100,664,dc fast,No,DEALERSHIP,40940,0,42420,6,standard,69,6,motor,No,16.1,35470,571.47
501245,1805,19/5/2022,7-Jun-22,corporate,EAST,Malaysia,penang,VoltX Pro,70,411,Home Charger,No,dealership,51750,2500,49510,5,Standard,62,,None,No,19.6,20090,816.35
501246,1738,12-25-2022,3-Jan-23,Personal,North,Indonesia,Jakarta,EcoRide 3,80,467,  AC  ,No,online,35890,2500,32560,4,Extended,44,7.8,OTHER,No,18.8,25410,490.09
501247,2906,15-Apr-24,04-22-2024,PERSONAL,EAST,  Indonesia  ,  Surabaya  ,UrbanEV,70,481,  Home Charger  ,Yes,online,"50,720",1000,"49,540",5,standard,30,9.4,None,No,20.9,"13,600",362.68
501248,2038,28/4/2023,5/5/2023,  Personal  ,east,malaysia,johor bahru,EcoRide 3,75,413,ac,No,dealership,52810,2500,51310,5,Extended,57,6.4,  None  ,No,14.8,16970,478.02
501249,2215,27/6/2024,15-Jul-24,CORPORATE,North,thailand,BANGKOK,EcoRide 5,100,575,DC Fast,Yes,Online,52510,0,54590,3,EXTENDED,62,6.4,  None  ,No,19.9,17650,430.41
501250,2654,15/5/2024,5/6/2024,personal,SOUTH,  Malaysia  ,JOHOR BAHRU,UrbanEV,90,553,dc fast,Yes,dealership,47620,2500,44770,5,extended,39,,  None  ,No,14.7,11620,719.35
501251,1484,19/5/2022,05-30-2022,PERSONAL,East,INDONESIA,  Jakarta  ,VoltX S,100,645,DC Fast,No,Dealership,"39,130",0,,4,  Premium  ,39,9,none,No,16.8,22330 km,407.15
501252,1027,09-22-2024,29/9/2024,personal,  East  ,MALAYSIA,  Johor Bahru  ,VoltX S,50,319,  AC  ,Yes,online,,0,39310,6,  Standard  ,56,5,  None  ,No,14.5,23760,597.49
501253,1713,11-Mar-23,03-21-2023,  Corporate  ,south,Malaysia,Kuala Lumpur,UrbanEV,70,391,supercharger,No,dealership,41480,5000,35970,4,  Extended  ,38,8.1,none,No,18.1,22890,557.78
501254,2062,24/5/2023,6/4/2023,fleet,South,Singapore,Singapore,EcoRide 3,60,399,Supercharger,Yes,Dealership,25000,1000,24600,5,Premium,66,7,none,No,21,10720,521.34
501255,2976,30/9/2022,7/10/2022,Corporate,East,Thailand,bangkok,EcoRide 3,60,371,  Supercharger  ,No,dealership,45160,5000,41030,6,Premium,32,6.8,  None  ,No,20.5,15240,272.77
501256,2296,14/4/2022,26/4/2022,GOVERNMENT,  West  ,  Indonesia  ,SURABAYA,VoltX S,75,425,AC,No,online,44190,0,43950,7,  Extended  ,60,,MOTOR,No,18.1,19240,377.14
501257,2254,2/1/2024,5/2/2024,  Corporate  ,,VIETNAM,hanoi,VoltX S,80,456,  Supercharger  ,Yes,Dealership,45530,0,44890,5,standard,46,6.1,  None  ,No,16.6,13830,461.94
501258,1085,26/2/2024,8-Mar-24,Fleet,North,  Singapore  ,  Singapore  ,EcoRide 5,50,301,dc fast,No,online,43320,1000,42190,5,  Standard  ,62,8.3,Software,No,16.9,7710,261.87
501259,2497,06-14-2022,06-27-2022,  Personal  ,SOUTH,malaysia,johor bahru,UrbanEV,70,480,  Home Charger  ,No,  Dealership  ,46240,1000,44850,5,  Standard  ,44,10,NONE,No,21.6,28710,304.05
501260,1125,25/9/2024,1-Oct-24,personal,west,  Thailand  ,CHIANG MAI,EcoRide 3,,487,DC Fast,No,DEALERSHIP,45550,0,45830,4,  Premium  ,48,3.9,none,No,14.5,32570,404.04
501261,1811,4-Jun-23,8/6/2023,  Government  ,North,Thailand,CHIANG MAI,EcoRide 5,80,549,  Home Charger  ,Yes,  Online  ,34780,0,36960,5,  Extended  ,45,,none,No,18.4,30010,568.36
501262,1536,1-Jun-23,6/9/2023,PERSONAL,WEST,singapore,  Singapore  ,EcoRide 3,90,572,supercharger,Yes,  Online  ,46960,0,47420,5,Extended,52,8.8,CHARGING,No,20.4,24040,781.64
501263,1144,19/10/2023,4/11/2023,Personal,west,Malaysia,Shah Alam,VoltX S,90,495,supercharger,Yes,  Online  ,44850,1000,45660,6,extended,47,8.2,charging,No,17,17840,553.45
501264,2548,5/9/2023,8-Sep-23,,North,singapore,Singapore,UrbanEV,70,459,AC,No,DEALERSHIP,32920,5000,28490,5,Standard,48,4.35,NONE,No,19.8,37180,
501265,2235,06-13-2022,3/7/2022,personal,  West  ,Malaysia,Shah Alam,VoltX Pro,70,394,dc fast,No,Online,51260,1000,53150,4,,63,8.9,None,No,23.7,29500,513.95
501266,1024,5-Mar-22,03-14-2022,FLEET,SOUTH,indonesia,  Jakarta  ,UrbanEV,70,,DC Fast,Yes,dealership,42910,2500,39600,4,Premium,68,4.4,None,No,16.7,16250,431.8
501267,2603,09-24-2022,27/9/2022,Fleet,West,  Singapore  ,Singapore,FamilyEV XL,70,428,AC,Yes,online,49450,0,47380,6,EXTENDED,47,4.2,Battery,No,,32570,480.94
501268,2417,3/9/2022,9/6/2022,,south,indonesia,SURABAYA,VoltX Pro,60,359,ac,Yes,  Dealership  ,44690,5000,39960,6,extended,28,9,None,No,17.7,23160,612.67
501269,1066,01-30-2023,2/2/2023,CORPORATE,SOUTH,singapore,Singapore,EcoRide 5,100,636,home charger,No,  Dealership  ,32540,0,32940,6,,,10,  Charging  ,No,18.5,31240,689.24
501270,1232,21/4/2023,27/4/2023,Personal,East,  Malaysia  ,  Shah Alam  ,VoltX Pro,100 kWh,620,  DC Fast  ,Yes,DEALERSHIP,"46,750",1000,"47,330",5,  Standard  ,54,6.8,Battery,No,21,"33,160",100
501271,1108,9/3/2024,9/9/2024,personal,  West  ,  Indonesia  ,  Jakarta  ,VoltX Pro,80,476,AC,Yes,dealership,48470,0,50370,5,standard,52,7.6,charging,No,20.8,17370,644.31
501272,2169,9/11/2024,29/11/2024,Personal,  North  ,THAILAND,  Chiang Mai  ,EcoRide 5,100,668,  DC Fast  ,Yes,  Online  ,53190,1000,50630,4,,55,4.6,None,Yes,18,21060,441.08
501273,1110,12/7/2023,07-25-2023,Fleet,east,malaysia,  Kuala Lumpur  ,UrbanEV,80,465,AC,No,CORPORATE FLEET,51430,5000,46260,4,  Standard  ,,7.9,Software,No,11.1,23730,598.91
501274,1227,14/10/2024,17/10/2024,corporate,North,THAILAND,chiang mai,EcoRide 5,60,336,  DC Fast  ,No,dealership,53390,1000,52530,4,STANDARD,43,6.1,none,No,12.7,22650,572.09
501275,1110,1/6/2024,06-13-2024,Personal,  South  ,MALAYSIA,Penang,FamilyEV XL,,619,DC FAST,No,Corporate Fleet,50150,5000,,8,Standard,34,8.5,None,No,19.9,14800,473.65
501276,2493,27-May-22,7-Jun-22,Fleet,SOUTH,INDONESIA,surabaya,VoltX S,80,479,  DC Fast  ,Yes,DEALERSHIP,41560,5000,36420,6,standard,49,7.3,none,No,15.1,22780,605.13
501277,1033,28/10/2023,11/3/2023,Personal,South,Singapore,singapore,VoltX S,70,427,Supercharger,Yes,Dealership,41720,0,42810,5,Extended,61,10,  Battery  ,No,20.1,19950,557.04
501278,1622,12/9/2023,20/9/2023,  Corporate  ,  South  ,THAILAND,Chiang Mai,VoltX Pro,50,315,ac,Yes,Dealership,51920,1000,52080,4,Premium,37,9.5,None,No,19.5,20070,492.47
501279,2799,30-Mar-24,17/4/2024,PERSONAL,North,Malaysia,Shah Alam,EcoRide 5,100,593,  Home Charger  ,No,  Dealership  ,42280,5000,37650,5,STANDARD,30,9.7,Software,No,16.4,10980,478.13
501280,2959,13-May-24,17/5/2024,Corporate,NORTH,MALAYSIA,shah alam,EcoRide 5,90,607,  Home Charger  ,No,  Online  ,48710,0,50410,5,  Standard  ,54,8.1,  Software  ,No,14.5,20370,302.55
501281,2392,5-Aug-23,25/8/2023,,NORTH,Vietnam,Ho Chi Minh City,EcoRide 5,90,550,AC,No,dealership,"56,970",5000,"52,320",5,Extended,47,8.5,battery,No,16.5,37000 km,502.87
501282,1747,19/10/2024,31/10/2024,Personal,south,Indonesia,Jakarta,FamilyEV XL,80,466,supercharger,No,  Dealership  ,40670,5000,36950,5,PREMIUM,60,7.5,NONE,No,17.6,25190,101.83
501283,1594,26/11/2023,15/12/2023,Personal,West,malaysia,KUALA LUMPUR,FamilyEV XL,50,312,  DC Fast  ,Yes,Dealership,,5000,44260,7,extended,,6.7,Motor,No,12.9,19790,557.58
501284,2577,11/2/2023,26/2/2023,Corporate,North,  Malaysia  ,JOHOR BAHRU,UrbanEV,90,537,DC FAST,Yes,DEALERSHIP,,2500,36110,6,extended,32,6.6,  None  ,No,19.8,25770,649.82
501285,1424,2/3/2023,23-Feb-23,PERSONAL,West,malaysia,Penang,EcoRide 3,100,,  AC  ,Yes,Dealership,49100,5000,46180,3,  Standard  ,,5,CHARGING,No,19.1,31860,210.25
501286,1612,16/12/2023,12-31-2023,  Corporate  ,  East  ,Thailand,CHIANG MAI,EcoRide 3,50,278,  DC Fast  ,Yes,online,56300,2500,53310,5,  Premium  ,35,8.6,None,No,17.6,16970,444.63
501287,2541,5-Dec-23,24/12/2023,Personal,east,  Indonesia  ,Surabaya,EcoRide 3,60,336,Home Charger,No,DEALERSHIP,54370,1000,54380,4,  Premium  ,25,3,charging,No,17.6,33800,783.89
501288,1691,31/1/2024,7/2/2024,personal,EAST,Thailand,CHIANG MAI,UrbanEV,75,482,AC,No,  Dealership  ,42300,0,41770,4,extended,46,9.4,None,No,21.3,14520,
501289,2305,05-14-2023,27-May-23,Personal,  West  ,Singapore,SINGAPORE,EcoRide 5,80,441,AC,Yes,Online,56020,5000,51410,8,premium,42,10,battery,No,14.8,19270,480.68
501290,2343,31/8/2024,9-Sep-24,CORPORATE,North,Indonesia,  Jakarta  ,EcoRide 3,60,357,AC,No,Dealership,43430,5000,38290,6,standard,60,2.85,None,No,15.9,18660,512.49
501291,2761,23-Mar-22,4/4/2022,Personal,East,singapore,  Singapore  ,EcoRide 5,60,368,dc fast,No,ONLINE,61020,2500,59240,3,standard,35,8.9,Software,No,17.2,30520,485.73
501292,2466,08-27-2023,09-15-2023,CORPORATE,EAST,MALAYSIA,Shah Alam,VoltX Pro,50,328,  Home Charger  ,No,Online,45230,2500,43440,5,STANDARD,44,6.3,none,No,15.3,14260,530.1
501293,2975,11-Feb-24,28/2/2024,  Corporate  ,  East  ,  Thailand  ,BANGKOK,EcoRide 3,80 kWh,465,DC FAST,No,Dealership,,1000,"47,980",5,standard,34,9.7,,Yes,16.6,29440 km,747.12
501294,1314,21/6/2024,11/7/2024,corporate,West,Vietnam,HO CHI MINH CITY,VoltX Pro,60,378,,No,  Dealership  ,49430,5000,45180,5,Premium,34,2.4,none,No,12.3,20710,500.67
501295,1876,31/12/2022,21/1/2023,PERSONAL,North,indonesia,  Surabaya  ,UrbanEV,,417,dc fast,Yes,dealership,37340,0,36200,5,extended,61,4.05,  Software  ,No,15.9,22970,225.72
501296,2989,12/6/2022,16-Jun-22,fleet,EAST,Thailand,bangkok,VoltX S,60,,DC FAST,No,dealership,54630,2500,53860,3,EXTENDED,46,4.35,None,No,16.6,30300,551.43
501297,2764,7/12/2024,13-Dec-24,  Corporate  ,east,Thailand,  Chiang Mai  ,FamilyEV XL,70,421,  AC  ,Yes,  Dealership  ,46540,5000,41900,5,standard,35,5.9,NONE,No,14.8,25370,423.03
501298,2400,05-26-2023,31/5/2023,Personal,SOUTH,  Vietnam  ,HANOI,UrbanEV,75,,  DC Fast  ,No,  Dealership  ,41110,0,38080,4,Extended,59,8.7,CHARGING,Yes,20.9,30940,276.01
501299,2312,26-Apr-22,5/5/2022,Fleet,South,SINGAPORE,Singapore,UrbanEV,70,432,AC,Yes,  Online  ,39740,7500,30930,5,standard,33,7.3,charging,No,18.3,29310,276.08
501300,2460,07-29-2024,18/8/2024,,  East  ,Malaysia,shah alam,UrbanEV,70,402,Supercharger,Yes,dealership,,7500,33960,4,STANDARD,39,10,SOFTWARE,No,16.7,40340,477.99
501301,1661,3-Dec-22,15/12/2022,  Personal  ,  West  ,VIETNAM,  Ho Chi Minh City  ,EcoRide 3,50,289,  DC Fast  ,Yes,DEALERSHIP,44460,5000,40420,4,EXTENDED,43,5.9,motor,No,15.2,30070,625.36
501302,1276,30/5/2024,8/6/2024,Personal,SOUTH,  Indonesia  ,  Surabaya  ,VoltX Pro,60,,supercharger,Yes,Dealership,37530,1000,36140,4,  Standard  ,61,4.7,  None  ,No,12.4,22860,614.22
501303,2733,7/1/2024,17/1/2024,personal,  West  ,MALAYSIA,PENANG,FamilyEV XL,75,440,  Home Charger  ,Yes,ONLINE,39290,1000,38450,3,Premium,30,7.9,none,No,15,22430,
501304,2605,19/4/2024,04-27-2024,PERSONAL,SOUTH,SINGAPORE,SINGAPORE,EcoRide 3,60,314,home charger,No,corporate fleet,32900,2500,31130,4,standard,60,9.9,None,No,17.2,34150,348.62
501305,2526,27/5/2022,30-May-22,PERSONAL,North,  Singapore  ,SINGAPORE,VoltX S,100,620,  AC  ,Yes,Dealership,39330,1000,39640,7,Standard,68,10,None,No,16.8,24250,426.03
501306,1623,19-Mar-23,03-25-2023,  Fleet  ,,MALAYSIA,JOHOR BAHRU,FamilyEV XL,100,635,home charger,No,  Dealership  ,54550,0,55460,5,PREMIUM,29,7.6,NONE,No,14.8,25700,627.09
501307,1515,16/4/2024,2/5/2024,personal,North,VIETNAM,Hanoi,UrbanEV,70,444,supercharger,Yes,  Online  ,53410,5000,47850,5,standard,27,,Software,No,22,30540,644.15
501308,2373,2/11/2024,21/11/2024,PERSONAL,SOUTH,SINGAPORE,  Singapore  ,EcoRide 5,90,518,SUPERCHARGER,No,ONLINE,46890,2500,45750,5,standard,34,4.7,NONE,No,20.3,19890,395.81
501309,1842,31-Jul-24,20/8/2024,PERSONAL,  South  ,INDONESIA,SURABAYA,VoltX S,70,420,AC,Yes,Online,59740,0,57570,4,STANDARD,37,8.8,  None  ,No,15.7,16080,362.6
501310,2469,14/10/2022,27/10/2022,fleet,east,  Malaysia  ,Shah Alam,VoltX Pro,60,373,AC,Yes,Dealership,53500,0,53220,5,standard,28,7.8,none,No,18.8,26350,594.24
501311,2853,21/12/2023,1/6/2024,  Fleet  ,  East  ,Singapore,SINGAPORE,VoltX S,75,479,home charger,Yes,DEALERSHIP,48040,2500,46160,7,  Standard  ,64,6.7,none,Yes,20.9,18930,675.86
501312,1349,25/4/2023,5/6/2023,  Fleet  ,NORTH,MALAYSIA,Penang,EcoRide 3,90,558,,Yes,Online,48800,5000,42590,3,PREMIUM,57,8.5,  None  ,No,18,32990,452.5
501313,2630,22/1/2022,8/2/2022,Corporate,north,indonesia,SURABAYA,EcoRide 5,75,473,ac,Yes,online,"45,620",1000,"44,670",7,premium,58,6.3,None,No,16.5,5240 km,591.89
501314,2687,11-14-2023,28-Nov-23,personal,SOUTH,  Thailand  ,  Chiang Mai  ,EcoRide 3,50,285,DC FAST,No,Online,36180,0,36730,7,  Extended  ,60,9,other,No,11.6,18880,500.57
501315,1822,06-24-2024,7/6/2024,  Corporate  ,east,  Thailand  ,BANGKOK,FamilyEV XL,70,,home charger,Yes,Dealership,43130,2500,39850,7,standard,57,9.7,none,No,16.8,24530,369.68
501316,2160,16/11/2022,7/12/2022,Personal,  North  ,malaysia,Kuala Lumpur,UrbanEV,70,450,DC Fast,No,online,"26,840",1000,"26,030",4,,45,6.8,charging,No,14.7,18010 km,647.04
501317,1758,5/6/2022,27/5/2022,Personal,North,MALAYSIA,PENANG,UrbanEV,100,562,home charger,No,CORPORATE FLEET,"37,340",0,"36,120",5,Extended,63,3.7,none,No,15.2,32730 km,454.53
501318,1898,4/10/2022,12/10/2022,  Fleet  ,WEST,MALAYSIA,shah alam,VoltX S,50,297,AC,No,  Online  ,54720,2500,53230,5,premium,29,7.1,none,No,16,24380,196.89
501319,1242,07-13-2022,21/7/2022,Personal,West,Malaysia,KUALA LUMPUR,UrbanEV,100,632,AC,No,  Dealership  ,45540,1000,45070,3,Extended,69,9.6,None,No,16.3,18190,368.39
501320,1542,27-Nov-23,7/12/2023,FLEET,North,THAILAND,bangkok,UrbanEV,60,361,dc fast,Yes,Dealership,37540,2500,35780,5,Premium,37,8.1,software,No,15.9,24630,100
501321,2063,26/2/2022,1/3/2022,fleet,  South  ,Thailand,chiang mai,FamilyEV XL,70 kWh,440,DC Fast,No,ONLINE,"48,690",5000,"43,620",6,PREMIUM,64,7.5,other,No,13,12960 km,1040.8
501322,1228,19/1/2022,2/7/2022,personal,South,THAILAND,Bangkok,VoltX Pro,60,419,  DC Fast  ,Yes,  Dealership  ,49230,1000,46560,7,PREMIUM,41,9,,No,11.8,26560,759.83
501323,1547,21/9/2022,10/10/2022,personal,west,  Singapore  ,Singapore,VoltX Pro,75,467,ac,No,Dealership,55790,5000,50660,4,STANDARD,34,3.65,  None  ,No,19.5,32190,236.1
501324,1919,4/3/2024,21/3/2024,PERSONAL,East,  Malaysia  ,Kuala Lumpur,EcoRide 3,90,514,AC,No,  Dealership  ,57450,5000,54180,4,Standard,34,3.85,  None  ,No,22.1,21880,382.04
501325,2246,04-23-2022,5/2/2022,CORPORATE,NORTH,Malaysia,JOHOR BAHRU,EcoRide 3,90,,ac,No,dealership,"50,470",2500,"48,990",4,  Extended  ,26,6.3,none,No,17.3,"22,880",545
501326,1005,26/6/2023,17/7/2023,FLEET,  East  ,MALAYSIA,PENANG,VoltX Pro,90,564,SUPERCHARGER,No,ONLINE,34400,0,36150,4,STANDARD,62,9.3,CHARGING,No,13.7,15010,819.91
501327,2345,9-Oct-23,14/10/2023,PERSONAL,south,indonesia,  Surabaya  ,VoltX S,100,603,DC Fast,Yes,dealership,60960,5000,56020,5,STANDARD,45,3.2,NONE,No,20,17600,644.85
501328,1467,2/8/2023,15/8/2023,personal,South,Thailand,  Bangkok  ,VoltX Pro,80,436,,Yes,Dealership,54470,5000,48780,6,premium,25,10,  None  ,No,23.2,30280,544.16
501329,2755,24/12/2024,14/1/2025,FLEET,south,  Malaysia  ,Kuala Lumpur,EcoRide 3,50,324,ac,No,  Dealership  ,50940,1000,50530,6,STANDARD,54,8.4,motor,No,20.6,22090,
501330,1074,01-25-2022,5/2/2022,Corporate,South,malaysia,Shah Alam,EcoRide 5,90,566,dc fast,No,  Dealership  ,44880,2500,42190,7,  Standard  ,42,7.8,NONE,No,21,38520,595.65
501331,1003,1/1/2022,13/1/2022,personal,SOUTH,INDONESIA,JAKARTA,UrbanEV,,420,home charger,Yes,ONLINE,34150,1000,32590,5,Standard,59,8,BATTERY,No,,26920,587.59
501332,2870,29/6/2024,7/3/2024,Personal,  North  ,  Thailand  ,chiang mai,FamilyEV XL,50,344,  DC Fast  ,Yes,  Online  ,41080,0,39350,5,standard,63,10,BATTERY,No,15.3,14900,506.86
501333,1645,21/5/2022,24/5/2022,  Corporate  ,SOUTH,thailand,  Bangkok  ,EcoRide 5,75 kWh,481,ac,No,Corporate Fleet,"44,640",1000,,6,Extended,46,6,None,No,20.6,39010 km,484.06
501334,1117,10-Oct-23,28/10/2023,  Personal  ,North,SINGAPORE,Singapore,EcoRide 5,75,420,DC FAST,No,CORPORATE FLEET,42190,0,43130,7,premium,27,6.1,NONE,No,13.4,12840,410.58
501335,1880,7/7/2022,27-Jul-22,  Personal  ,WEST,  Malaysia  ,  Penang  ,UrbanEV,100,647,  Supercharger  ,Yes,dealership,52650,0,51490,7,EXTENDED,30,9.4,NONE,No,15.3,20150,757.37
501336,2629,07-20-2022,8/8/2022,government,North,  Vietnam  ,  Ho Chi Minh City  ,VoltX Pro,75,458,  DC Fast  ,No,Online,44460,1000,44950,5,standard,60,3.3,other,No,17.6,24050,161.69
501337,1503,14/9/2022,09-22-2022,Fleet,  North  ,  Indonesia  ,surabaya,VoltX S,75,507,AC,No,  Dealership  ,39560,5000,34810,7,STANDARD,40,6.9,Software,No,18.6,25030,561.71
501338,1946,1/7/2023,07-17-2023,Personal,East,  Malaysia  ,PENANG,EcoRide 5,80,510,supercharger,No,  Dealership  ,48510,5000,43620,5,STANDARD,27,7.3,  None  ,No,16.2,18510,503.36
501339,1573,07-13-2022,07-30-2022,PERSONAL,West,indonesia,jakarta,VoltX S,60,372,DC Fast,No,dealership,39200,7500,30480,7,  Standard  ,,9.7,BATTERY,No,17,22910,106.3
501340,2464,4/12/2023,20-Dec-23,personal,West,Indonesia,JAKARTA,FamilyEV XL,,370,ac,Yes,online,"33,580",1000,"33,110",6,Extended,35,9.2,  Battery  ,No,17.5,"32,180",424.35
501341,1193,3/12/2024,03-17-2024,  Personal  ,  South  ,MALAYSIA,johor bahru,FamilyEV XL,90,497,  AC  ,No,ONLINE,,2500,44920,4,standard,41,3.9,none,No,16.3,32270,296.18
501342,1846,30/7/2024,20-Aug-24,Corporate,  North  ,SINGAPORE,singapore,FamilyEV XL,80,464,DC Fast,Yes,ONLINE,44490,5000,38540,7,  Standard  ,43,8.6,None,No,15.5,35600,293.49
501343,1714,18-Feb-23,4/3/2023,personal,EAST,MALAYSIA,SHAH ALAM,EcoRide 3,100,608,  Supercharger  ,No,  Online  ,46100,2500,41930,4,STANDARD,32,8.6,  Software  ,No,16.6,16760,343.34
501344,2415,28/6/2024,2/7/2024,  Corporate  ,  East  ,Malaysia,  Penang  ,EcoRide 5,60,327,  Home Charger  ,No,dealership,54630,0,57330,7,Standard,38,6.5,NONE,No,15.4,24900,749.02
501345,2049,7/7/2022,12/7/2022,corporate,  North  ,,BANGKOK,FamilyEV XL,,619,dc fast,No,DEALERSHIP,46760,1000,45710,5,PREMIUM,50,6.6,charging,No,19.7,26020,488.15
501346,2458,02-14-2022,3/6/2022,PERSONAL,West,malaysia,  Penang  ,EcoRide 3,100,570,supercharger,Yes,DEALERSHIP,48980,5000,43370,6,STANDARD,49,2.45,  Battery  ,No,17.9,10050,649.02
501347,1172,24/3/2022,27/3/2022,personal,north,Indonesia,SURABAYA,FamilyEV XL,75,438,AC,No,Online,45120,0,45080,4,standard,34,5,  None  ,No,16.8,20660,259.55
501348,2323,12-24-2022,1/1/2023,Personal,west,vietnam,  Hanoi  ,VoltX Pro,60,377,home charger,No,dealership,50670,0,50170,3,STANDARD,56,,Charging,No,16.3,26700,376.14
501349,2668,25/12/2024,1/1/2025,  Corporate  ,west,  Malaysia  ,JOHOR BAHRU,EcoRide 5,50,289,dc fast,No,dealership,30070,1000,28890,8,Standard,39,8,None,No,20.1,21770,
501350,1325,24/7/2024,07-27-2024,  Corporate  ,  East  ,singapore,SINGAPORE,EcoRide 3,90,557,DC Fast,Yes,ONLINE,"39,580",5000,"34,950",5,standard,28,4.4,  Charging  ,No,15.9,"18,010",531.96
501351,2433,10/1/2023,31-Jan-23,Personal,West,  Indonesia  ,  Surabaya  ,FamilyEV XL,,363,AC,Yes,dealership,42300,0,41890,6,,52,6.5,NONE,No,19.2,25420,606.35
501352,2141,11-Jun-22,14/6/2022,fleet,east,Indonesia,Jakarta,EcoRide 3,50,279,ac,No,Dealership,41640,2500,39260,6,extended,28,6.7,software,No,20.6,31280,554.18
501353,1835,18-Nov-22,6/12/2022,fleet,  North  ,  Indonesia  ,  Surabaya  ,FamilyEV XL,70,445,  Supercharger  ,Yes,dealership,39460,0,41790,5,STANDARD,37,3.3,software,No,18.5,24150,338.49
501354,2810,26/3/2023,9-Apr-23,corporate,south,Malaysia,,VoltX Pro,50,319,AC,No,ONLINE,44430,2500,40100,6,STANDARD,36,1.85,NONE,No,12.2,7650,
501355,1723,2-Nov-24,11/12/2024,  Personal  ,north,,SINGAPORE,VoltX S,50,320,ac,Yes,Dealership,44050,2500,40410,3,  Premium  ,39,7.9,none,No,15.7,31150,378.15
501356,1224,3/7/2022,07-21-2022,personal,South,thailand,Bangkok,FamilyEV XL,75 kWh,507,AC,No,CORPORATE FLEET,"44,420",0,"44,910",5,Extended,53,10,NONE,No,14.4,"13,760",553.25
501357,1531,04-21-2022,24-Apr-22,,East,  Vietnam  ,hanoi,VoltX S,75,438,ac,Yes,  Dealership  ,46400,7500,40270,5,  Standard  ,47,7.2,None,No,13.4,14450,225.19
501358,1112,23/5/2023,29-May-23,  Personal  ,south,malaysia,Penang,EcoRide 5,90,470,  DC Fast  ,Yes,  Dealership  ,48480,5000,46470,7,standard,37,7.2,None,No,20.3,24480,448.8
501359,1139,22/10/2022,3/11/2022,personal,south,VIETNAM,,VoltX Pro,,430,DC FAST,Yes,Online,,1000,38980,6,standard,62,7.4,Other,No,18.1,24570,603.48
501360,1558,22/6/2024,5-Jul-24,  Personal  ,  East  ,,  Kuala Lumpur  ,EcoRide 5,50,319,  AC  ,No,DEALERSHIP,41340,0,40120,4,extended,59,8.5,,No,10,18100,520.55
501361,1000,08-31-2024,09-19-2024,PERSONAL,  West  ,VIETNAM,Hanoi,VoltX S,80,477,DC FAST,No,DEALERSHIP,51460,1000,,8,premium,64,9.3,NONE,No,17,27800,336.43
501362,1089,09-24-2023,3-Oct-23,PERSONAL,NORTH,thailand,BANGKOK,VoltX Pro,75,408,  Supercharger  ,No,dealership,38410,5000,33530,5,extended,36,6.7,  Battery  ,No,15,22500,608.4
501363,1653,16/11/2024,30-Nov-24,  Corporate  ,SOUTH,Singapore,singapore,UrbanEV,75,,home charger,No,  Online  ,39340,0,39430,5,STANDARD,54,,NONE,No,19.8,11810,344.44
501364,1319,3/1/2024,1/12/2024,personal,NORTH,thailand,,VoltX Pro,50,328,dc fast,Yes,Corporate Fleet,39590,1000,36650,6,Extended,29,7.9,  Charging  ,No,15,15540,150.51
501365,2573,17-Nov-22,12/1/2022,PERSONAL,EAST,MALAYSIA,kuala lumpur,VoltX Pro,70,437,DC FAST,No,  Dealership  ,43600,1000,43770,5,  Premium  ,26,8.4,NONE,No,18,20450,706.62
501366,2828,1/7/2024,18/7/2024,fleet,North,malaysia,kuala lumpur,UrbanEV,70,406,  AC  ,No,Corporate Fleet,,0,51070,6,standard,66,,None,No,17.9,22800,299.3
501367,2917,13/3/2023,03-17-2023,personal,east,MALAYSIA,penang,EcoRide 3,60,405,  DC Fast  ,Yes,  Dealership  ,48670,1000,48240,5,premium,54,6.5,none,No,14.5,18710,657.86
501368,1138,02-20-2024,7/3/2024,personal,South,MALAYSIA,penang,EcoRide 3,90,635,supercharger,No,Dealership,"38,890",2500,"36,460",4,Extended,59,,  Other  ,No,14,9560 km,452.6
501369,2534,12-Dec-24,27-Dec-24,  Corporate  ,north,Malaysia,kuala lumpur,EcoRide 3,70,,DC Fast,No,  Dealership  ,57690,1000,56890,5,  Standard  ,34,,None,No,23.1,17550,629.1
501370,2891,27-Dec-23,2/1/2024,corporate,  West  ,  Indonesia  ,Jakarta,VoltX S,75,473,AC,No,dealership,40130,5000,35180,4,  Standard  ,33,7.8,none,No,18.2,27080,342.99
501371,1844,01-31-2022,16/2/2022,FLEET,north,  Thailand  ,  Chiang Mai  ,VoltX Pro,80,497,  DC Fast  ,No,  Online  ,33650,5000,27900,5,Standard,41,9.2,None,No,17.2,22900,670.99
501372,1258,3/12/2022,19/12/2022,Fleet,south,MALAYSIA,kuala lumpur,FamilyEV XL,60,381,home charger,No,ONLINE,57770,1000,55930,4,Extended,62,7.7,None,No,20.6,28920,390.97
501373,2696,2/7/2022,20-Jul-22,  Personal  ,North,INDONESIA,  Surabaya  ,UrbanEV,90,611,Home Charger,No,dealership,39140,2500,37590,4,  Extended  ,54,9.5,none,No,22.3,27930,445.24
501374,1901,12/11/2024,21-Nov-24,CORPORATE,  South  ,Thailand,Bangkok,FamilyEV XL,80,449,Supercharger,No,corporate fleet,44220,2500,41700,6,  Standard  ,65,5.1,  Battery  ,Yes,21.5,10310,
501375,1689,28-Jun-23,19/7/2023,personal,EAST,  Vietnam  ,ho chi minh city,VoltX S,80,469,AC,Yes,Dealership,44060,2500,40910,5,  Standard  ,59,8.5,  None  ,No,12.9,17790,175.94
501376,1009,30-Oct-24,11/3/2024,  Corporate  ,  South  ,THAILAND,  Chiang Mai  ,UrbanEV,75,449,ac,No,Online,"49,070",0,"48,560",6,premium,31,6.1,NONE,No,17.1,27250 km,651.62
501377,1260,10-22-2023,3/11/2023,PERSONAL,NORTH,malaysia,Shah Alam,FamilyEV XL,50,311,  Supercharger  ,Yes,Online,32140,0,32830,5,Standard,36,9.7,none,No,16.2,25910,366.69
501378,2942,9/6/2022,29/6/2022,corporate,  South  ,  Singapore  ,  Singapore  ,VoltX S,50,331,ac,No,Dealership,42900,5000,,5,  Standard  ,66,7.8,  None  ,No,22.7,25870,107.68
501379,2673,11/3/2024,11-22-2024,CORPORATE,  East  ,  Thailand  ,BANGKOK,VoltX S,50,308,  DC Fast  ,No,DEALERSHIP,42430,0,,5,Standard,58,3.75,none,No,19.1,29390,375.19
501380,1171,16/2/2023,23/2/2023,corporate,WEST,MALAYSIA,Penang,VoltX S,70,438,DC Fast,Yes,Corporate Fleet,54900,2500,52240,6,Standard,27,6.8,,No,13.1,31330,607.65
501381,1897,10/8/2024,22/10/2024,personal,EAST,  Malaysia  ,Penang,UrbanEV,50,314,  DC Fast  ,Yes,DEALERSHIP,41200,2500,38350,4,premium,57,9,NONE,No,11.5,10210,260.71
501382,1012,02-22-2022,2-Mar-22,  Personal  ,EAST,Malaysia,  Kuala Lumpur  ,FamilyEV XL,90,541,  DC Fast  ,No,Online,42750,0,43370,5,  Standard  ,64,8.9,  None  ,No,21.9,19470,707.24
501383,2191,2/12/2023,02-23-2023,FLEET,North,malaysia,  Penang  ,FamilyEV XL,75,438,Home Charger,Yes,dealership,50320,5000,45040,4,  Standard  ,37,7.6,None,No,17,26940,389.85
501384,2665,26/4/2024,04-29-2024,  Corporate  ,SOUTH,  Singapore  ,SINGAPORE,EcoRide 5,70,422,AC,Yes,DEALERSHIP,48580,5000,43960,5,extended,35,9,none,No,16.9,27880,422.99
501385,2619,11/11/2024,28-Nov-24,Personal,North,SINGAPORE,singapore,VoltX S,90,516,supercharger,No,Dealership,39930,1000,38870,7,  Extended  ,64,8.3,None,No,16,34590,345
501386,1320,11-19-2024,27/11/2024,government,NORTH,Malaysia,KUALA LUMPUR,EcoRide 3,50 kWh,287,Supercharger,No,ONLINE,"48,000",5000,"41,260",6,STANDARD,44,8.1,Battery,No,14.5,32820 km,124.01
501387,2342,12/4/2023,25/12/2023,CORPORATE,North,THAILAND,  Chiang Mai  ,VoltX Pro,90,553,Home Charger,No,Online,39840,0,38770,5,standard,55,9.2,battery,No,17.1,30410,437.87
501388,2636,17/9/2022,7/10/2022,Personal,EAST,THAILAND,chiang mai,EcoRide 5,80,465,dc fast,No,  Dealership  ,50620,5000,45910,4,  Standard  ,57,10,none,No,19.4,19070,480.52
501389,1328,18/12/2024,26/12/2024,corporate,EAST,Malaysia,SHAH ALAM,EcoRide 5,75,505,DC FAST,No,online,43880,2500,40930,5,premium,58,8.4,  None  ,No,16.9,28360,571.64
501390,1784,02-15-2024,1/3/2024,  Personal  ,  West  ,Malaysia,Penang,UrbanEV,75,,Home Charger,Yes,  Online  ,36200,2500,35760,6,extended,33,8.4,  None  ,No,20.1,36290,343.04
501391,1776,11/1/2024,4/11/2024,  Personal  ,North,malaysia,  Penang  ,EcoRide 5,90 kWh,589,DC FAST,No,Online,"30,000",0,"29,210",3,PREMIUM,31,9.4,  Other  ,No,19.1,32930 km,
501392,2994,29/4/2024,14/5/2024,Personal,  East  ,,SHAH ALAM,FamilyEV XL,60,330,DC Fast,No,corporate fleet,42370,1000,40060,6,Standard,33,6.6,  None  ,No,19.7,25070,838.62
501393,1910,12-20-2022,29/12/2022,fleet,  West  ,MALAYSIA,  Kuala Lumpur  ,UrbanEV,,414,  AC  ,No,online,39510,5000,34550,6,STANDARD,66,3.85,NONE,No,17.5,32570,532.01
501394,2943,05-22-2024,8-Jun-24,  Corporate  ,EAST,MALAYSIA,  Kuala Lumpur  ,UrbanEV,,476,,No,  Dealership  ,43320,1000,42570,3,  Extended  ,,7.4,None,No,16.5,24010,480.13
501395,2573,17/9/2024,1/10/2024,PERSONAL,south,  Thailand  ,  Bangkok  ,EcoRide 3,75 kWh,478,,Yes,dealership,"44,660",2500,"43,040",5,Standard,26,4.25,none,No,13.5,24090 km,705.69
501396,2442,14-Oct-24,10-17-2024,FLEET,South,  Singapore  ,singapore,VoltX S,60,348,Supercharger,No,dealership,31600,5000,24100,4,  Extended  ,29,8.3,NONE,No,20,20890,300.25
501397,2629,10-21-2022,7/11/2022,Fleet,North,Malaysia,JOHOR BAHRU,EcoRide 5,75,447,SUPERCHARGER,No,dealership,39890,1000,40400,4,  Standard  ,26,10,CHARGING,No,17.8,12760,267.54
501398,2118,28/7/2022,3/8/2022,Corporate,SOUTH,MALAYSIA,Johor Bahru,VoltX S,100 kWh,640,ac,No,Dealership,"44,090",1000,"41,780",5,  Standard  ,34,10,NONE,No,16.2,29150 km,621.48
501399,2840,28/3/2024,4/12/2024,PERSONAL,East,  Thailand  ,  Bangkok  ,VoltX S,75,438,SUPERCHARGER,Yes,DEALERSHIP,45700,5000,41790,4,  Extended  ,55,5.7,  None  ,No,13.6,21780,854.13
501400,2604,25-Jan-23,2/1/2023,  Corporate  ,NORTH,  Indonesia  ,SURABAYA,VoltX S,60,342,DC Fast,No,online,50590,5000,47550,6,standard,57,8.5,OTHER,No,20.8,23500,212.11
501401,1317,21/11/2022,11-25-2022,personal,North,Indonesia,SURABAYA,UrbanEV,,628,  DC Fast  ,Yes,dealership,51790,1000,51540,6,premium,68,9.1,NONE,No,17,26070,486.92
501402,2979,07-28-2024,31/7/2024,PERSONAL,  East  ,  Thailand  ,Bangkok,VoltX S,100,548,home charger,No,CORPORATE FLEET,43330,2500,39680,8,Premium,30,8.1,NONE,No,22.6,18440,560.66
501403,1235,7-Jun-24,06-25-2024,Personal,  West  ,MALAYSIA,kuala lumpur,EcoRide 5,75,439,ac,Yes,corporate fleet,43960,7500,36270,5,extended,38,7.2,,No,10.8,28660,581.05
501404,2969,30-Oct-23,7/11/2023,Personal,  South  ,Malaysia,johor bahru,UrbanEV,90,544,Supercharger,No,Dealership,41640,0,42400,3,standard,38,10,NONE,No,17.9,21460,428.52
501405,1333,25-Sep-23,10-13-2023,  Corporate  ,East,Indonesia,  Surabaya  ,EcoRide 5,70,435,dc fast,No,  Corporate Fleet  ,49590,0,49620,5,EXTENDED,39,8.5,,No,12.9,21750,306.29
501406,2908,31/7/2023,16/8/2023,Personal,South,Malaysia,PENANG,UrbanEV,100 kWh,633,Supercharger,Yes,  Corporate Fleet  ,"42,310",2500,"38,760",6,Standard,57,6.4,  None  ,No,14.8,"3,000",100
501407,1375,05-17-2022,22/5/2022,CORPORATE,north,  Vietnam  ,  Hanoi  ,VoltX Pro,90,575,DC FAST,No,dealership,"38,230",1000,"37,330",5,Standard,55,9.5,software,No,16.2,23580 km,891.71
501408,2482,3/4/2023,21/3/2023,,South,Thailand,  Bangkok  ,VoltX Pro,75,441,  AC  ,Yes,  Dealership  ,33360,2500,30340,5,  Extended  ,41,8.7,  Software  ,Yes,18.9,15980,809.15
501409,2160,4/9/2023,9/9/2023,Personal,EAST,  Thailand  ,chiang mai,VoltX Pro,50,319,dc fast,No,dealership,38370,2500,36470,5,Extended,67,,NONE,No,17.8,20010,355.61
501410,2953,29/6/2024,3/7/2024,  Government  ,west,MALAYSIA,JOHOR BAHRU,VoltX Pro,,310,DC FAST,No,corporate fleet,"43,140",0,"42,080",4,PREMIUM,39,3.45,  None  ,Yes,15.4,17120 km,491.37
501411,1587,29/3/2024,1-Apr-24,CORPORATE,North,thailand,Bangkok,UrbanEV,70,440,AC,Yes,dealership,51860,5000,44930,3,PREMIUM,,6.8,none,No,15,17560,365.6
501412,2570,21/5/2022,1/6/2022,  Personal  ,east,Singapore,singapore,VoltX S,100 kWh,575,  Supercharger  ,No,Dealership,"45,320",1000,"43,300",4,Premium,45,9.8,charging,Yes,11.9,"20,940",427.47
501413,1512,26-Jun-22,7/7/2022,Personal,south,Malaysia,Penang,EcoRide 3,75,470,dc fast,No,  Online  ,45800,1000,43090,5,PREMIUM,53,8.9,None,No,15.2,25930,458.48
501414,2319,17-Jul-22,26/7/2022,PERSONAL,east,Malaysia,  Kuala Lumpur  ,FamilyEV XL,80,475,supercharger,Yes,online,45020,1000,43390,4,Standard,33,9.4,NONE,No,14.8,32980,244.09
501415,2343,09-16-2023,21/9/2023,personal,  North  ,indonesia,JAKARTA,EcoRide 3,100,602,DC FAST,No,Online,53960,5000,49630,5,Standard,53,4.15,Charging,No,20.6,23610,472.66
501416,1917,22-Nov-23,12/12/2023,CORPORATE,South,SINGAPORE,SINGAPORE,VoltX Pro,75,455,dc fast,No,ONLINE,48560,0,48170,5,  Standard  ,68,7,none,No,15.8,19300,509.88
501417,2595,5-Feb-23,02-18-2023,corporate,  West  ,SINGAPORE,SINGAPORE,VoltX S,50,342,  Home Charger  ,Yes,  Corporate Fleet  ,44900,0,44880,5,EXTENDED,58,3.4,NONE,No,15.8,20270,159.28
501418,2855,16/4/2023,25-Apr-23,personal,East,MALAYSIA,Shah Alam,EcoRide 5,60,338,Home Charger,No,online,40810,7500,32300,3,EXTENDED,33,4.8,None,No,17.6,29150,
501419,2372,6-Aug-22,17/8/2022,  Corporate  ,South,Thailand,bangkok,VoltX S,70,453,AC,No,dealership,36180,7500,,6,EXTENDED,54,4.35,  None  ,No,21.1,25490,206.01
501420,2863,17/7/2024,07-20-2024,FLEET,  South  ,thailand,Bangkok,EcoRide 5,60,394,,Yes,  Online  ,56570,1000,,5,Premium,41,7.6,none,Yes,21,13700,277.65
501421,2802,24-Sep-23,10/10/2023,Personal,south,  Thailand  ,  Chiang Mai  ,EcoRide 3,80,506,DC Fast,Yes,  Online  ,50630,0,49440,7,  Standard  ,28,8,  Charging  ,No,24.2,17580,439.74
501422,1872,8-Aug-24,08-16-2024,Personal,south,singapore,Singapore,VoltX S,,434,,No,Online,43650,2500,40920,5,Standard,64,9.5,None,No,12.8,22590,456.39
501423,2252,06-24-2024,3/7/2024,  Fleet  ,  West  ,singapore,  Singapore  ,VoltX S,80,534,DC Fast,No,Corporate Fleet,"57,560",2500,,3,  Standard  ,56,8.8,None,No,17.5,20890 km,457.91
501424,1269,06-24-2022,6/7/2022,  Fleet  ,West,  Thailand  ,Bangkok,FamilyEV XL,60,352,home charger,No,dealership,44950,5000,37140,3,PREMIUM,56,7.9,None,No,16.7,18250,906.13
501425,2851,01-23-2022,1/2/2022,personal,  South  ,malaysia,Shah Alam,EcoRide 3,75,471,home charger,No,dealership,39280,1000,38200,6,STANDARD,31,3.95,Software,No,11.5,20790,550.51
501426,1797,23/8/2022,27/8/2022,Personal,South,Vietnam,HO CHI MINH CITY,VoltX S,100,605,AC,No,Corporate Fleet,53550,0,52580,5,  Premium  ,62,7.1,SOFTWARE,No,13.5,24090,565.49
501427,2314,2/11/2024,8-Nov-24,Personal,west,  Thailand  ,Chiang Mai,EcoRide 5,90,527,supercharger,Yes,corporate fleet,36030,2500,32490,4,  Premium  ,56,,  None  ,No,19.7,24810,512.44
501428,1724,17/7/2024,5/8/2024,CORPORATE,South,malaysia,  Penang  ,VoltX S,90,560,,No,  Dealership  ,42190,2500,41090,5,STANDARD,29,7.6,none,No,18.6,22410,200.63
501429,2188,7/6/2023,10-Jun-23,  Personal  ,  East  ,Singapore,  Singapore  ,EcoRide 5,,675,DC FAST,No,  Online  ,36600,2500,34950,3,PREMIUM,66,7.9,Software,No,18.6,28570,464.54
501430,1004,7/3/2023,03-19-2023,PERSONAL,north,  Indonesia  ,Surabaya,VoltX Pro,80,488,  Supercharger  ,No,Online,39400,5000,34770,5,Standard,27,7.2,NONE,No,18.3,25270,490.3
501431,1850,3/3/2024,24-Mar-24,CORPORATE,east,malaysia,PENANG,VoltX S,90,611,dc fast,Yes,  Online  ,46400,2500,43960,5,Standard,44,6,  None  ,Yes,11.9,14990,637.01
501432,2402,17/6/2023,4-Jul-23,Corporate,EAST,Malaysia,  Shah Alam  ,EcoRide 5,90,533,  AC  ,No,online,47360,0,47970,6,STANDARD,41,9.4,NONE,No,13.7,19750,267.82
501433,1077,5/9/2024,17/9/2024,corporate,West,thailand,CHIANG MAI,EcoRide 3,50,302,supercharger,Yes,ONLINE,37280,2500,34390,4,  Premium  ,40,8.9,None,No,15.4,21140,376.16
501434,2433,20/3/2024,4/10/2024,personal,West,MALAYSIA,  Shah Alam  ,VoltX Pro,90,496,AC,Yes,Online,57660,1000,56740,6,  Standard  ,35,7.6,  None  ,No,19.5,21020,272.35
501435,1573,1-Jul-24,15/7/2024,personal,  North  ,Indonesia,JAKARTA,VoltX S,50,289,ac,No,DEALERSHIP,,1000,28980,5,  Standard  ,37,7.5,  Charging  ,No,,16580,356.09
501436,1131,20/5/2024,6/7/2024,  Personal  ,East,malaysia,penang,FamilyEV XL,70,414,AC,Yes,DEALERSHIP,45910,7500,38520,3,EXTENDED,42,5.9,  None  ,No,19.7,18280,430.52
501437,1600,24/6/2023,5-Jul-23,PERSONAL,West,indonesia,Surabaya,EcoRide 5,50 kWh,293,SUPERCHARGER,Yes,ONLINE,"46,090",2500,"43,880",8,standard,38,9.6,None,No,22.9,28430 km,250.4
501438,2772,20-Oct-24,6-Nov-24,Corporate,South,Malaysia,Kuala Lumpur,FamilyEV XL,50,281,DC FAST,No,DEALERSHIP,46840,0,47060,6,extended,58,9.9,None,No,12.2,15200,655.2
501439,2065,15-Aug-22,3/9/2022,  Personal  ,north,malaysia,johor bahru,VoltX S,60,342,  DC Fast  ,No,Dealership,51160,1000,49790,4,PREMIUM,36,3.95,None,No,16.6,20060,292.59
501440,1088,22-May-24,7/6/2024,Personal,NORTH,Indonesia,SURABAYA,EcoRide 5,50,294,  DC Fast  ,No,Online,25000,0,25690,5,Standard,46,8.5,NONE,No,16.7,30870,627.85
501441,1401,6/10/2024,30/6/2024,personal,  South  ,THAILAND,CHIANG MAI,VoltX S,50,324,AC,No,dealership,39580,0,39380,7,STANDARD,45,6.5,  None  ,No,14.5,21610,400.8
501442,1295,2/11/2024,6/11/2024,personal,south,  Malaysia  ,Shah Alam,VoltX Pro,60,324,home charger,No,Online,46060,2500,43330,7,STANDARD,50,8.1,  None  ,No,18.3,38850,396.17
501443,2863,29/7/2022,4/8/2022,CORPORATE,east,MALAYSIA,kuala lumpur,VoltX Pro,50,258,DC FAST,Yes,online,56920,2500,52600,6,  Premium  ,66,7,NONE,No,25.6,33420,661.71
501444,2318,11/1/2024,31-Jan-24,personal,north,THAILAND,  Chiang Mai  ,VoltX S,90,477,DC FAST,No,DEALERSHIP,40930,1000,39080,6,STANDARD,63,7,,No,14.2,6910,618.4
501445,1615,2/1/2023,2/10/2023,Personal,WEST,Singapore,Singapore,VoltX S,100,566,,No,  Dealership  ,43650,1000,43520,4,Standard,26,7.6,  Other  ,No,18.8,14480,583.96
501446,2549,31/1/2022,02-15-2022,Personal,  South  ,Vietnam,  Hanoi  ,UrbanEV,50,313,AC,No,online,50080,1000,49860,8,PREMIUM,40,7.4,None,No,13.9,22540,147.17
501447,1799,16/6/2024,7/3/2024,Personal,NORTH,Vietnam,ho chi minh city,VoltX S,70,410,home charger,No,DEALERSHIP,36530,0,36510,4,  Standard  ,58,,Software,No,11.6,19890,737.92
501448,2714,11/10/2023,14/10/2023,PERSONAL,  South  ,  Thailand  ,chiang mai,VoltX S,50,293,dc fast,Yes,CORPORATE FLEET,45160,1000,43600,3,extended,35,9.6,  None  ,No,15.2,27030,787.08
501449,2660,25/11/2022,8/12/2022,  Fleet  ,south,singapore,Singapore,FamilyEV XL,50,292,  Supercharger  ,Yes,dealership,44260,5000,39410,8,PREMIUM,43,4.8,NONE,No,17.8,26620,440.79
501450,1421,9-Aug-24,08-21-2024,FLEET,,  Singapore  ,singapore,FamilyEV XL,70,367,AC,Yes,  Dealership  ,40740,5000,33350,4,Standard,54,7.2,None,No,18.2,11510,300.64
501451,2888,13/9/2023,20/9/2023,Corporate,  South  ,  Thailand  ,chiang mai,VoltX Pro,100,634,DC FAST,No,  Dealership  ,"48,520",7500,"41,160",5,  Standard  ,31,8.9,NONE,No,22.3,30240 km,251.09
501452,2046,11/6/2022,29/6/2022,corporate,North,Malaysia,Johor Bahru,FamilyEV XL,60,391,,Yes,DEALERSHIP,60100,2500,56350,5,  Standard  ,51,4.15,  None  ,No,17.8,35550,432.93
501453,1574,15/2/2024,28/2/2024,Corporate,  East  ,  Malaysia  ,  Johor Bahru  ,VoltX S,90,528,AC,No,Online,46220,2500,43630,6,Extended,46,3.4,  None  ,Yes,17,12500,274.64
501454,1142,1/10/2022,9/10/2022,CORPORATE,west,  Malaysia  ,kuala lumpur,EcoRide 3,100,603,  DC Fast  ,Yes,Corporate Fleet,29360,1000,28570,5,  Standard  ,41,10,NONE,No,19.5,19380,448.73
501455,1992,23-Oct-24,11/3/2024,PERSONAL,SOUTH,MALAYSIA,kuala lumpur,VoltX S,50,302,  Home Charger  ,No,DEALERSHIP,38900,0,38550,5,extended,39,5,none,No,17.7,19760,381.54
501456,1664,17/11/2024,2/12/2024,PERSONAL,east,  Malaysia  ,  Johor Bahru  ,UrbanEV,90,502,supercharger,No,ONLINE,55360,2500,53610,3,standard,33,8,software,No,16.9,30780,225.58
501457,1144,22-Nov-22,12/2/2022,Personal,east,singapore,singapore,EcoRide 5,80,466,  AC  ,No,Dealership,43320,1000,41690,4,,36,3.25,  None  ,No,16.5,32610,358.01
501458,2248,28/7/2024,13/8/2024,Corporate,North,Indonesia,jakarta,VoltX Pro,90,604,DC FAST,No,  Dealership  ,36790,5000,31060,6,Standard,32,7.6,  None  ,Yes,18.9,18980,510.3
501459,2006,24/6/2023,27-Jun-23,GOVERNMENT,West,singapore,Singapore,FamilyEV XL,60,360,AC,No,online,50280,1000,49900,5,Standard,26,6.3,charging,Yes,18.6,18800,310.51
501460,1502,3-May-23,22/5/2023,CORPORATE,West,malaysia,  Kuala Lumpur  ,EcoRide 3,60,365,Home Charger,Yes,  Online  ,40530,7500,32670,4,STANDARD,,8.6,NONE,No,16.2,29120,422.59
501461,2985,1/4/2024,4/8/2024,,  North  ,malaysia,SHAH ALAM,EcoRide 5,100,572,DC Fast,Yes,  Online  ,45250,1000,45600,5,  Standard  ,27,8.9,  Battery  ,No,21.3,20540,671.94
501462,2997,12-24-2024,28-Dec-24,CORPORATE,north,Thailand,CHIANG MAI,EcoRide 3,50,291,  Home Charger  ,No,DEALERSHIP,37080,1000,36090,4,Extended,55,9.5,Motor,No,19.5,23590,342.76
501463,1820,22/12/2022,1/2/2023,PERSONAL,north,  Malaysia  ,johor bahru,VoltX Pro,70,438,  AC  ,Yes,online,42070,5000,37620,5,STANDARD,67,8.6,  None  ,No,19.9,28720,307.48
501464,2639,23-Aug-22,29/8/2022,PERSONAL,north,Thailand,Chiang Mai,FamilyEV XL,60,340,DC FAST,Yes,  Online  ,44790,1000,44720,3,  Premium  ,50,8.3,None,No,14.3,27130,517.34
501465,1103,08-15-2022,9/3/2022,personal,East,Vietnam,Hanoi,UrbanEV,70,465,ac,Yes,online,44290,5000,39220,4,standard,65,3.25,Other,No,15.5,24040,725.73
501466,2970,18/2/2022,3/9/2022,PERSONAL,South,Malaysia,PENANG,VoltX Pro,100,535,DC Fast,Yes,DEALERSHIP,47620,0,46090,5,STANDARD,26,6.2,None,No,21.5,12830,579.86
501467,2062,28/4/2022,05-18-2022,  Personal  ,WEST,  Malaysia  ,PENANG,EcoRide 3,100,575,AC,No,  Corporate Fleet  ,46410,2500,,7,  Premium  ,54,5,none,No,20.1,26220,359.07
501468,2970,23/2/2022,13/3/2022,Personal,east,  Singapore  ,singapore,EcoRide 3,80,433,ac,No,Dealership,37870,0,39060,5,standard,37,4.05,  None  ,No,12.8,28950,358.38
501469,1197,07-19-2023,29/7/2023,  Personal  ,  East  ,Vietnam,  Hanoi  ,VoltX Pro,70,457,SUPERCHARGER,No,online,56800,0,56530,5,EXTENDED,61,9.3,NONE,No,,27280,395.76
501470,2669,3-Dec-24,16/12/2024,FLEET,EAST,INDONESIA,surabaya,VoltX S,100,599,ac,No,dealership,43900,2500,42390,4,standard,38,9.7,  Other  ,No,19.9,12390,427.58
501471,1578,22/2/2022,14/3/2022,CORPORATE,north,Indonesia,  Surabaya  ,VoltX Pro,100,589,dc fast,Yes,DEALERSHIP,35550,1000,33380,5,  Standard  ,25,9.3,None,No,13.9,27740,992.7
501472,1390,12/7/2023,24/7/2023,FLEET,,malaysia,shah alam,FamilyEV XL,100,616,HOME CHARGER,No,DEALERSHIP,"29,440",0,"29,590",7,extended,56,7.4,none,No,20,17060 km,518.47
501473,2202,17/5/2024,1/6/2024,personal,  East  ,VIETNAM,  Ho Chi Minh City  ,FamilyEV XL,75,492,,No,DEALERSHIP,45530,5000,40240,5,Standard,30,5,NONE,No,17.2,5180,857.59
501474,2991,2/2/2023,02-21-2023,corporate,north,malaysia,penang,UrbanEV,100,609,AC,No,  Online  ,38520,5000,31940,4,Extended,46,6.6,None,No,21.5,20920,663.91
501475,1553,6/11/2023,26-Nov-23,Corporate,North,  Malaysia  ,KUALA LUMPUR,VoltX Pro,100,,Home Charger,Yes,online,49010,0,49410,8,extended,35,6.5,NONE,No,16.6,13980,100
501476,2471,22/1/2023,3/2/2023,PERSONAL,  West  ,INDONESIA,  Surabaya  ,EcoRide 5,70,412,ac,Yes,online,45340,1000,43450,5,STANDARD,47,9.2,other,No,12.7,21990,
501477,2523,21-Apr-22,9-May-22,  Personal  ,  East  ,  Vietnam  ,  Hanoi  ,FamilyEV XL,60,337,  DC Fast  ,No,Corporate Fleet,72570,2500,70450,5,Premium,38,10,  Charging  ,No,18.6,13270,485.47
501478,2038,6/9/2023,13/9/2023,PERSONAL,  South  ,  Malaysia  ,penang,FamilyEV XL,70,427,Home Charger,No,Dealership,36170,5000,30170,5,standard,38,10,None,No,13.6,20520,532.53
501479,2646,01-17-2022,1-Feb-22,  Personal  ,east,  Malaysia  ,Johor Bahru,FamilyEV XL,70,400,  Supercharger  ,No,Dealership,52400,7500,43230,4,standard,44,4.75,NONE,No,15.3,10630,512.72
501480,2692,2/6/2024,22/6/2024,FLEET,  West  ,malaysia,kuala lumpur,VoltX S,75,471,home charger,Yes,DEALERSHIP,37370,1000,35660,3,Premium,,9.1,NONE,No,11.5,17270,154.85
501481,2312,25/6/2023,07-14-2023,CORPORATE,South,malaysia,  Shah Alam  ,EcoRide 5,75,,supercharger,No,  Dealership  ,50820,2500,49360,7,standard,43,9.2,  None  ,No,14.6,24350,147.16
501482,1477,06-20-2022,1/7/2022,PERSONAL,NORTH,MALAYSIA,  Kuala Lumpur  ,VoltX Pro,50,298,AC,Yes,online,54960,0,54800,5,Premium,50,7.6,NONE,No,21,34390,
501483,2254,13-Feb-23,3/1/2023,CORPORATE,  West  ,vietnam,hanoi,VoltX S,60,306,  DC Fast  ,Yes,ONLINE,42590,1000,41630,6,EXTENDED,46,6.8,SOFTWARE,No,17.4,200000,418.22
501484,1922,10/1/2024,29/1/2024,,  South  ,Thailand,CHIANG MAI,FamilyEV XL,100,595,DC FAST,Yes,  Corporate Fleet  ,39900,0,40040,8,EXTENDED,30,4.2,none,No,16.3,21910,754.07
501485,1419,5/7/2024,13/5/2024,CORPORATE,North,indonesia,  Surabaya  ,EcoRide 5,50,295,DC FAST,Yes,corporate fleet,43900,0,44000,5,extended,37,5.5,Software,No,14.4,27590,500.47
501486,1156,18/8/2022,7-Sep-22,personal,south,INDONESIA,SURABAYA,EcoRide 5,100,647,  AC  ,No,  Dealership  ,39800,2500,39170,6,  Standard  ,34,7.5,  None  ,No,17.6,24840,653.25
501487,1549,29/4/2022,05-16-2022,corporate,WEST,singapore,  Singapore  ,VoltX S,100,635,AC,Yes,dealership,56270,0,56230,7,extended,43,7.2,motor,No,16.3,25190,629.4
501488,2464,23/2/2024,3/7/2024,PERSONAL,North,Indonesia,JAKARTA,FamilyEV XL,75,451,Home Charger,Yes,online,43620,5000,36710,5,premium,55,8.9,NONE,No,24.2,26890,485.67
501489,2120,10/4/2023,04-24-2023,FLEET,south,Thailand,CHIANG MAI,VoltX S,100,535,Home Charger,Yes,online,48080,2500,45210,5,standard,34,8.3,  Charging  ,No,17.1,19330,720.33
501490,2020,14/4/2022,25/4/2022,Personal,north,MALAYSIA,kuala lumpur,EcoRide 3,100,582,DC FAST,Yes,Dealership,,0,48350,7,standard,61,10,  Battery  ,No,18.4,16490,406.63
501491,1996,29-Nov-23,14-Dec-23,PERSONAL,,thailand,Chiang Mai,FamilyEV XL,70,,dc fast,Yes,Dealership,51250,5000,,3,Standard,37,4.6,Other,No,15.1,23950,488.98
501492,2434,24/6/2022,7/11/2022,Corporate,North,Singapore,SINGAPORE,VoltX S,75,444,Supercharger,Yes,dealership,41840,7500,34100,4,Standard,41,,software,No,16.9,5690,513.29
501493,1950,01-15-2024,1-Feb-24,personal,East,INDONESIA,JAKARTA,VoltX Pro,80,446,DC FAST,Yes,  Dealership  ,50370,2500,47640,5,EXTENDED,29,4.5,  Software  ,No,18.4,7630,330.48
501494,1288,10-27-2023,3/11/2023,PERSONAL,  West  ,VIETNAM,  Ho Chi Minh City  ,FamilyEV XL,70,452,  Home Charger  ,No,Online,54110,1000,54890,6,  Extended  ,45,5.4,none,No,,32470,
501495,2277,2/2/2022,23/2/2022,Personal,north,Singapore,SINGAPORE,UrbanEV,50,268,  AC  ,Yes,Online,43910,1000,42230,7,  Standard  ,63,9.1,None,No,18.8,29950,241.95
501496,1195,24/2/2022,3/12/2022,fleet,  West  ,  Indonesia  ,  Surabaya  ,FamilyEV XL,70,417,DC Fast,Yes,corporate fleet,35670,0,36620,5,EXTENDED,44,6.9,  None  ,No,17.4,17240,290.41
501497,1597,3/6/2023,22-Jun-23,  Personal  ,west,  Malaysia  ,  Penang  ,EcoRide 3,80,498,Home Charger,No,ONLINE,54580,1000,53430,4,Standard,31,7.1,none,No,10.2,13390,472.44
501498,2857,26-Jan-24,15/2/2024,corporate,WEST,indonesia,JAKARTA,VoltX S,75,454,home charger,No,  Dealership  ,"46,220",0,"47,080",5,STANDARD,39,10,,No,19.5,25800 km,561.07
501499,2545,1/12/2022,17/1/2022,  Personal  ,north,,johor bahru,UrbanEV,60,330,dc fast,No,DEALERSHIP,45030,2500,43930,6,PREMIUM,39,8.6,NONE,No,,26920,248.02
501500,1516,21/12/2023,25/12/2023,PERSONAL,  East  ,malaysia,Penang,EcoRide 3,100,,AC,No,Dealership,49740,1000,49120,4,Standard,47,7.7,None,No,17.7,15750,510.65
501501,2658,9/7/2023,12/7/2023,personal,WEST,  Malaysia  ,JOHOR BAHRU,VoltX Pro,90,515,Supercharger,No,corporate fleet,55000,1000,53940,5,  Standard  ,57,9.5,None,No,15.1,21110,448.66
501502,2865,8/1/2023,20/1/2023,personal,WEST,Thailand,  Bangkok  ,FamilyEV XL,60,379,DC FAST,Yes,  Dealership  ,"43,450",1000,"43,600",5,STANDARD,68,10,NONE,No,24.4,9390 km,685.44
501503,1864,29/4/2023,20/5/2023,Personal,NORTH,malaysia,penang,UrbanEV,60,364,Supercharger,No,DEALERSHIP,,1000,51330,6,  Extended  ,26,6.5,None,No,15.2,18930,398.92
501504,2141,30/8/2024,18/9/2024,Personal,WEST,vietnam,ho chi minh city,VoltX S,100,584,  DC Fast  ,No,ONLINE,45500,1000,44670,5,Standard,56,6.9,  None  ,No,10,20350,816.92
501505,1805,09-15-2023,29-Sep-23,Government,SOUTH,  Malaysia  ,shah alam,VoltX S,75,,AC,No,ONLINE,,1000,47120,3,PREMIUM,39,9.2,None,No,18.6,23140,652.31
501506,2932,11/3/2022,6/11/2022,Fleet,  North  ,VIETNAM,  Hanoi  ,VoltX Pro,60,342,ac,Yes,Dealership,40750,5000,36550,6,premium,31,8.5,  None  ,Yes,16.6,37510,433.39
501507,2182,4/2/2023,16-Apr-23,PERSONAL,south,Thailand,bangkok,EcoRide 3,80,504,  DC Fast  ,No,online,43220,2500,40820,3,Extended,33,5.2,NONE,No,12.7,13750,
501508,1814,9/6/2022,06-28-2022,personal,WEST,  Malaysia  ,,UrbanEV,100,618,  AC  ,No,Corporate Fleet,52590,1000,,5,Standard,52,,MOTOR,No,16.2,32520,677.16
501509,1227,11-27-2022,12/2/2022,  Corporate  ,SOUTH,MALAYSIA,,VoltX Pro,75,443,AC,No,DEALERSHIP,31250,5000,25880,5,  Premium  ,46,7.3,other,No,16.8,17930,433.12
501510,2900,15/2/2024,28/2/2024,  Personal  ,  East  ,thailand,  Chiang Mai  ,EcoRide 3,60 kWh,356,  DC Fast  ,No,  Online  ,"49,900",5000,"45,580",4,premium,27,6.5,NONE,No,14.7,17220 km,507.61
501511,1215,13-Aug-22,1/9/2022,personal,  West  ,THAILAND,,EcoRide 5,,586,DC Fast,No,Online,47660,0,45870,3,extended,66,8,none,No,17.3,29310,397.78
501512,1947,9/9/2024,14/9/2024,CORPORATE,South,THAILAND,BANGKOK,EcoRide 5,90,576,  AC  ,No,  Online  ,56630,0,58530,3,standard,26,4.7,NONE,No,18.1,17110,388.68
501513,2719,30/12/2023,9/1/2024,fleet,,malaysia,Johor Bahru,EcoRide 3,50,304,  AC  ,Yes,DEALERSHIP,52040,0,51900,5,Standard,46,9.7,Motor,No,16.9,15760,255.36
501514,1014,4-Dec-24,12/10/2024,Fleet,  South  ,Singapore,Singapore,VoltX S,75,444,Home Charger,Yes,Dealership,46240,1000,43940,4,  Standard  ,49,8.1,NONE,No,14.2,26260,773.76
501515,2180,18/12/2024,12-27-2024,personal,SOUTH,VIETNAM,hanoi,VoltX S,75,421,  AC  ,Yes,  Dealership  ,36100,1000,32470,3,  Standard  ,49,5,  Battery  ,No,18.4,25310,420.97
501516,2671,6-Oct-23,22/10/2023,PERSONAL,  East  ,Malaysia,KUALA LUMPUR,EcoRide 5,70,437,  DC Fast  ,Yes,Online,40940,2500,38270,4,standard,56,10,  Charging  ,No,12.1,18290,526.92
501517,2284,8/9/2023,24/9/2023,fleet,  West  ,SINGAPORE,singapore,VoltX S,100,622,AC,Yes,ONLINE,"43,410",5000,"38,640",5,  Premium  ,68,8.7,motor,No,18.2,"34,580",598.22
501518,2180,14/7/2022,20-Jul-22,personal,east,Malaysia,  Kuala Lumpur  ,VoltX S,60 kWh,347,Home Charger,No,online,"55,440",0,"55,750",6,  Extended  ,31,7.9,CHARGING,No,17.9,18490 km,771.37
501519,1046,4/5/2023,22-May-23,  Personal  ,  West  ,INDONESIA,surabaya,EcoRide 3,50,292,dc fast,No,dealership,50610,1000,48160,5,  Standard  ,55,3.75,  Software  ,No,,10850,388.21
501520,1323,6/6/2022,6/9/2022,PERSONAL,North,Indonesia,JAKARTA,FamilyEV XL,100,595,ac,Yes,Online,39430,1000,37200,5,Standard,61,7.8,charging,No,15.5,13790,100
501521,1843,2/9/2023,21/9/2023,  Personal  ,NORTH,Malaysia,SHAH ALAM,EcoRide 3,90,498,  AC  ,No,online,47820,5000,44180,5,Standard,28,5,CHARGING,No,13.3,13570,518.18
501522,2708,16/2/2023,28/2/2023,CORPORATE,EAST,Malaysia,  Johor Bahru  ,VoltX S,80,482,  Supercharger  ,Yes,online,41790,0,40240,7,EXTENDED,57,4.25,NONE,No,15.4,19370,599.83
501523,1129,16/4/2023,5/4/2023,  Corporate  ,NORTH,MALAYSIA,Penang,EcoRide 3,75,401,SUPERCHARGER,No,DEALERSHIP,40480,0,40590,4,Standard,,9.3,Other,No,14.6,32010,391.81
501524,2434,31/5/2023,18-Jun-23,  Corporate  ,,  Singapore  ,Singapore,UrbanEV,80,439,dc fast,Yes,dealership,49400,0,49010,5,STANDARD,,9,SOFTWARE,No,14,9290,609.65
501525,1094,01-28-2023,2/7/2023,Personal,  East  ,Singapore,  Singapore  ,EcoRide 5,80,464,  AC  ,No,Dealership,43990,2500,40950,5,  Standard  ,30,8.9,none,No,13.4,33900,500.1
501526,1626,23-Sep-23,2/10/2023,personal,  North  ,  Vietnam  ,Ho Chi Minh City,FamilyEV XL,80,460,dc fast,No,  Dealership  ,36850,1000,35580,5,  Extended  ,55,,None,No,20.9,17020,429.73
501527,1754,31/8/2023,8-Sep-23,personal,SOUTH,singapore,Singapore,UrbanEV,70,433,dc fast,Yes,DEALERSHIP,50790,5000,45250,5,STANDARD,58,9.2,Software,No,19.3,17880,765.24
501528,2955,6/9/2024,24/9/2024,  Personal  ,EAST,Malaysia,KUALA LUMPUR,UrbanEV,100,611,  Supercharger  ,No,  Online  ,46060,1000,,8,Extended,68,8.7,none,No,24.3,16350,435.87
501529,2315,10-Mar-23,28-Mar-23,  Government  ,East,INDONESIA,  Jakarta  ,VoltX S,80,524,  AC  ,No,  Online  ,42440,0,43440,7,premium,62,10,charging,No,17.7,18230,831.38
501530,1793,24/6/2023,3/7/2023,PERSONAL,  West  ,Singapore,singapore,VoltX S,60,362,DC FAST,Yes,DEALERSHIP,55450,1000,54050,5,Extended,37,6,  None  ,No,19.2,20140,
501531,2834,5/10/2022,16/10/2022,  Personal  ,  East  ,THAILAND,CHIANG MAI,UrbanEV,60,365,AC,No,  Online  ,52450,5000,46230,5,standard,60,8.4,MOTOR,No,16.8,20940,333.64
501532,2306,21/8/2022,6/9/2022,  Personal  ,  South  ,malaysia,kuala lumpur,UrbanEV,50,277,dc fast,No,Online,45850,1000,44770,6,premium,56,7.2,None,No,21.5,23870,118.85
501533,1068,28/12/2022,10/1/2023,Fleet,WEST,malaysia,johor bahru,VoltX Pro,50,277,  DC Fast  ,Yes,Online,33020,5000,26960,5,  Standard  ,46,9.4,none,No,16.8,7160,
501534,2683,26/1/2022,11/2/2022,PERSONAL,west,vietnam,  Ho Chi Minh City  ,VoltX Pro,90,542,Home Charger,Yes,Online,52770,1000,50680,8,standard,53,5.5,charging,No,19.9,20870,690.92
501535,1010,14/11/2024,23-Nov-24,personal,  North  ,thailand,chiang mai,EcoRide 5,80,483,dc fast,No,ONLINE,41620,1000,42080,6,premium,35,4.15,None,No,17.6,25290,659.12
501536,2277,05-22-2023,25-May-23,PERSONAL,north,malaysia,kuala lumpur,UrbanEV,80,489,dc fast,No,DEALERSHIP,43890,5000,38710,3,premium,30,,Charging,No,22.5,21410,756.9
501537,2865,09-24-2022,9-Oct-22,CORPORATE,east,THAILAND,CHIANG MAI,EcoRide 3,70,456,  AC  ,Yes,ONLINE,42880,0,,5,standard,29,4.9,none,No,15.6,19970,859.4
501538,1871,4/6/2023,11/4/2023,Personal,east,VIETNAM,hanoi,FamilyEV XL,100,555,ac,No,Online,35930,0,,6,premium,25,7.4,motor,No,20.4,18320,100
501539,1549,1/4/2023,4/7/2023,Corporate,west,Malaysia,kuala lumpur,VoltX Pro,80,534,ac,Yes,online,"48,170",0,"48,230",6,Standard,,5,NONE,No,16.7,"29,310",146.03
501540,2157,27-Dec-24,1/9/2025,CORPORATE,  East  ,  Singapore  ,  Singapore  ,VoltX S,80,432,  AC  ,No,dealership,39100,0,38890,6,Premium,34,7.1,NONE,No,14.5,25230,443.77
501541,1711,3-Oct-24,7/10/2024,  Personal  ,East,vietnam,  Ho Chi Minh City  ,UrbanEV,100,615,ac,No,Dealership,,1000,46310,8,Standard,34,6.3,  Motor  ,No,16.8,20390,695.71
501542,1022,5/12/2024,05-28-2024,CORPORATE,West,MALAYSIA,SHAH ALAM,EcoRide 3,80,440,home charger,No,  Online  ,38450,1000,36060,5,STANDARD,48,8.9,  None  ,No,10.3,25550,557.74
501543,1814,6/5/2023,05-20-2023,  Personal  ,East,  Thailand  ,bangkok,FamilyEV XL,,472,DC Fast,No,dealership,41820,1000,40400,4,  Standard  ,31,3.9,motor,No,19.8,28410,558.18
501544,1345,8/12/2024,27-Dec-24,  Government  ,  North  ,thailand,chiang mai,EcoRide 3,75,405,AC,No,ONLINE,47560,1000,45770,6,Premium,46,10,CHARGING,Yes,19,12340,410.92
501545,1301,18/7/2023,8/1/2023,  Personal  ,west,  Thailand  ,CHIANG MAI,EcoRide 3,70,343,AC,Yes,DEALERSHIP,,2500,43240,3,EXTENDED,45,5.6,NONE,No,22.7,25450,
501546,1362,8/4/2022,18-Aug-22,  Personal  ,south,malaysia,Johor Bahru,VoltX S,,424,,No,dealership,49350,0,49770,8,PREMIUM,46,8.1,none,No,14.1,16040,480.54
501547,1395,13-Jul-23,07-16-2023,  Personal  ,  West  ,MALAYSIA,  Penang  ,VoltX Pro,60,357,ac,Yes,dealership,49880,2500,49130,6,  Extended  ,57,4.6,  None  ,No,14.8,30980,449.1
501548,1217,8/6/2022,23-Jun-22,personal,WEST,  Thailand  ,  Chiang Mai  ,EcoRide 3,70,451,  AC  ,No,  Dealership  ,54330,1000,54100,8,extended,,3.5,  None  ,No,13.2,15250,410.12
501549,1140,4/5/2023,20/5/2023,  Government  ,,Malaysia,,FamilyEV XL,90,543,dc fast,No,online,44990,2500,39780,5,Standard,49,5.9,None,No,18.1,21760,625.81
501550,2639,17/11/2023,21/11/2023,  Personal  ,East,SINGAPORE,  Singapore  ,VoltX Pro,60 kWh,342,  Home Charger  ,Yes,  Dealership  ,"53,450",2500,"51,170",3,  Standard  ,55,10,  None  ,No,15.8,23860 km,
501551,1957,4-Mar-24,18/3/2024,fleet,SOUTH,  Malaysia  ,penang,EcoRide 5,100,578,dc fast,No,online,42740,2500,41760,5,  Standard  ,40,6.7,Other,No,14.5,8950,588.46
501552,2233,5-Jan-22,23/1/2022,  Personal  ,,malaysia,JOHOR BAHRU,VoltX S,80,583,DC FAST,No,Corporate Fleet,,2500,47810,4,EXTENDED,39,4.8,None,No,18.2,7350,477.66
501553,1984,27/12/2022,2-Jan-23,corporate,SOUTH,Vietnam,ho chi minh city,VoltX Pro,70,396,  Supercharger  ,No,ONLINE,52860,1000,140900,6,PREMIUM,53,6.6,None,No,20.3,19010,637.27
501554,1992,4/4/2023,14/4/2023,  Personal  ,EAST,singapore,SINGAPORE,VoltX Pro,90,559,  AC  ,Yes,dealership,52840,1000,50740,5,  Standard  ,43,7.5,NONE,No,17.3,33700,279.13
501555,2646,9/5/2022,9/9/2022,PERSONAL,WEST,VIETNAM,Hanoi,EcoRide 3,70,431,  AC  ,Yes,Online,34790,2500,31410,6,Extended,41,9.1,NONE,No,15.6,20660,217.15
501556,2639,3-Aug-24,15-Aug-24,personal,EAST,  Malaysia  ,PENANG,FamilyEV XL,70,435,DC FAST,No,  Online  ,25000,1000,23830,4,PREMIUM,50,8.5,Software,No,20.5,25310,432.64
501557,1827,26/2/2023,9-Mar-23,CORPORATE,NORTH,  Thailand  ,chiang mai,EcoRide 3,60,,  Supercharger  ,No,DEALERSHIP,48890,1000,47740,6,STANDARD,60,3.3,none,No,16.2,3000,652.9
501558,1682,15/1/2022,1-Feb-22,Personal,south,malaysia,PENANG,FamilyEV XL,100 kWh,589,DC Fast,No,Dealership,"45,020",1000,"44,860",6,  Extended  ,60,8.8,motor,No,16.2,27810 km,427.56
501559,2483,6/1/2024,21/1/2024,  Personal  ,  West  ,INDONESIA,surabaya,VoltX S,100,530,AC,No,ONLINE,46960,1000,45960,8,standard,59,4.7,battery,No,18.5,25420,906.79
501560,2003,4-Oct-22,23/10/2022,  Personal  ,  South  ,Indonesia,  Jakarta  ,VoltX Pro,60,364,home charger,No,  Online  ,"45,640",2500,"43,030",4,premium,64,3.1,None,No,14.9,26580 km,296.2
501561,1355,29/3/2023,04-16-2023,  Corporate  ,EAST,  Malaysia  ,SHAH ALAM,UrbanEV,50,,AC,No,dealership,42630,0,45110,3,STANDARD,47,10,  Software  ,No,20.1,22270,461.27
501562,2007,08-21-2023,25/8/2023,PERSONAL,  West  ,VIETNAM,  Hanoi  ,FamilyEV XL,60,363,  Supercharger  ,No,online,49010,0,48230,7,standard,33,,CHARGING,No,14.2,13040,132.7
501563,2347,22/3/2023,7/4/2023,  Fleet  ,east,MALAYSIA,Shah Alam,FamilyEV XL,,374,HOME CHARGER,Yes,Dealership,47370,5000,43660,5,,58,9.1,Charging,No,15.2,16690,795.57
501564,2156,29/7/2022,3/8/2022,Personal,south,  Thailand  ,chiang mai,EcoRide 3,75,438,ac,Yes,DEALERSHIP,44270,0,44690,5,premium,42,9,none,No,13.5,15620,475.91
501565,1887,12-15-2023,29-Dec-23,corporate,west,vietnam,Hanoi,EcoRide 3,70,403,Supercharger,No,dealership,45200,1000,43830,7,STANDARD,40,3.75,  None  ,No,19.6,25800,100
501566,2828,29-Oct-22,8/11/2022,  Corporate  ,north,  Indonesia  ,Surabaya,EcoRide 5,60,382,supercharger,Yes,online,49320,5000,44580,5,  Extended  ,56,8.2,None,No,21.1,20360,436.86
501567,2863,3/1/2022,7/1/2022,PERSONAL,WEST,vietnam,  Hanoi  ,FamilyEV XL,70,411,HOME CHARGER,No,  Dealership  ,40840,0,40020,4,Extended,52,6.2,  None  ,No,16.5,27790,100
501568,1126,09-16-2024,22-Sep-24,PERSONAL,NORTH,malaysia,penang,VoltX S,70,406,  AC  ,No,Online,37220,5000,32310,3,  Standard  ,56,8.2,  None  ,No,18.3,26350,
501569,2129,4-Jun-23,06-20-2023,PERSONAL,NORTH,MALAYSIA,Kuala Lumpur,VoltX Pro,75,433,home charger,Yes,  Online  ,37110,0,37110,5,  Standard  ,,7.3,software,No,18.1,34280,317.81
501570,2008,8/5/2023,26-May-23,personal,West,malaysia,Penang,VoltX Pro,70,437,  AC  ,No,  Dealership  ,,0,41920,6,standard,68,10,  None  ,Yes,17.9,22740,508.11
501571,1603,9/12/2023,10/3/2023,personal,  North  ,SINGAPORE,singapore,VoltX Pro,,532,SUPERCHARGER,No,online,55390,0,55270,4,  Standard  ,58,3.45,  None  ,No,13.5,20410,351.9
501572,2822,27/11/2022,1/12/2022,FLEET,East,indonesia,  Surabaya  ,FamilyEV XL,60,413,dc fast,No,online,45930,2500,45100,6,premium,53,8.8,,No,15,22650,460.01
501573,2401,11-29-2022,12-13-2022,PERSONAL,  West  ,malaysia,  Penang  ,EcoRide 3,70,422,ac,Yes,  Dealership  ,40250,5000,34370,5,EXTENDED,45,3.8,none,No,19.3,3310,660.67
501574,2928,02-19-2022,7-Mar-22,Corporate,west,Thailand,  Bangkok  ,VoltX S,50,276,  AC  ,No,corporate fleet,46420,5000,40730,7,PREMIUM,25,9.2,none,No,20.6,19380,418.93
501575,2013,5/12/2024,05-20-2024,personal,  West  ,Malaysia,kuala lumpur,VoltX Pro,,291,DC FAST,No,dealership,37690,2500,35430,4,STANDARD,40,6,SOFTWARE,No,19.8,26250,611.45
501576,1050,09-29-2022,14-Oct-22,  Fleet  ,SOUTH,malaysia,  Johor Bahru  ,FamilyEV XL,75,470,dc fast,No,Online,43700,0,42890,6,standard,57,3.9,Other,No,17,19900,100
501577,2052,3-Aug-23,8/9/2023,  Personal  ,East,Thailand,BANGKOK,UrbanEV,90,,AC,No,Online,42130,5000,37800,7,  Standard  ,,8.9,  None  ,No,19.4,20220,245.39
501578,2485,14/7/2023,3/8/2023,personal,NORTH,singapore,SINGAPORE,EcoRide 5,100,599,AC,Yes,dealership,35740,5000,32050,6,standard,,8.4,none,No,12.4,19840,510.45
501579,2319,27/11/2023,12/11/2023,PERSONAL,South,INDONESIA,Surabaya,EcoRide 5,100,639,dc fast,No,dealership,52650,1000,51130,5,  Extended  ,51,,  Charging  ,No,10.9,33040,356.28
501580,2320,22/3/2023,12-Apr-23,personal,West,Malaysia,  Johor Bahru  ,VoltX Pro,60,387,dc fast,No,Online,42360,5000,37450,4,  Extended  ,44,3.4,  None  ,No,12.9,23850,734.77
501581,2749,13/10/2024,23/10/2024,Personal,SOUTH,  Indonesia  ,JAKARTA,EcoRide 3,75,434,DC FAST,Yes,Dealership,44730,5000,40380,3,,55,7.5,NONE,Yes,25.5,20840,
501582,1778,23/12/2022,1/1/2023,corporate,EAST,MALAYSIA,shah alam,EcoRide 5,50,295,Home Charger,No,Online,"49,880",2500,,5,premium,40,4,  None  ,No,23.2,"38,890",772.68
501583,2430,1-Oct-22,19-Oct-22,CORPORATE,EAST,malaysia,  Penang  ,EcoRide 5,90,543,  DC Fast  ,No,online,47460,0,50940,4,Standard,38,9.2,,No,12.2,12730,519.71
501584,2792,11/8/2024,11-29-2024,Personal,,,  Chiang Mai  ,EcoRide 5,60,392,ac,No,online,"45,540",7500,"36,680",6,  Premium  ,56,10,  Software  ,No,16.3,"17,140",351.31
501585,1813,11/7/2022,15/11/2022,personal,west,INDONESIA,  Surabaya  ,EcoRide 5,70,389,DC Fast,No,  Dealership  ,43330,0,44820,8,  Standard  ,,5.2,  Motor  ,No,15.7,14340,622.49
501586,2636,19-May-24,6/1/2024,Personal,North,  Malaysia  ,PENANG,VoltX Pro,60,369,SUPERCHARGER,No,ONLINE,50100,2500,46960,4,  Premium  ,56,3.75,none,No,20.9,16530,289.06
501587,2428,4/6/2024,11-Jun-24,personal,East,malaysia,Shah Alam,FamilyEV XL,80,482,AC,No,  Online  ,44950,0,44350,5,PREMIUM,26,7,NONE,No,19,30640,441.93
501588,2369,3-Jun-22,21-Jun-22,Personal,west,  Singapore  ,SINGAPORE,VoltX S,60,338,DC Fast,No,Online,46010,5000,41150,7,standard,69,3.4,none,No,15.9,14870,581.62
501589,2645,12/9/2023,21/9/2023,Corporate,South,MALAYSIA,kuala lumpur,VoltX S,70,455,DC FAST,No,Dealership,52790,1000,51850,5,EXTENDED,46,8.4,NONE,No,18.7,22110,358.95
501590,1419,6/1/2024,8-Jun-24,  Government  ,North,  Indonesia  ,Surabaya,EcoRide 3,80,512,,No,DEALERSHIP,53190,2500,51940,5,PREMIUM,61,8,MOTOR,No,19.3,25210,977.75
501591,2205,7/3/2024,20-Mar-24,,  East  ,indonesia,JAKARTA,FamilyEV XL,100,662,DC Fast,No,Online,46880,0,45410,6,STANDARD,,6.3,  None  ,No,11.4,26730,644.15
501592,1982,5/5/2022,05-22-2022,Personal,south,MALAYSIA,PENANG,UrbanEV,90,582,supercharger,No,  Dealership  ,45730,2500,40250,4,standard,56,6.2,None,No,18.6,17280,316.14
501593,1824,9/11/2023,09-16-2023,Corporate,  North  ,singapore,SINGAPORE,VoltX S,75,450,AC,No,ONLINE,49590,5000,46520,8,  Premium  ,62,8.7,NONE,No,16.9,25820,
501594,2024,2-Sep-22,9/9/2022,corporate,  West  ,Indonesia,jakarta,UrbanEV,90,562,  Supercharger  ,No,  Dealership  ,43240,5000,36800,6,Extended,41,6.4,  None  ,No,13.6,18670,826.59
501595,2854,27-Apr-24,5/4/2024,  Personal  ,east,malaysia,Penang,VoltX S,60,368,AC,Yes,dealership,43260,0,44270,4,Extended,58,7,NONE,No,15.2,21970,
501596,2973,03-26-2023,6-Apr-23,  Personal  ,West,THAILAND,  Chiang Mai  ,VoltX S,100,564,DC FAST,Yes,DEALERSHIP,44560,1000,44950,4,standard,31,9.4,,No,17.9,14370,755.95
501597,1566,07-18-2024,4/8/2024,corporate,West,Malaysia,Kuala Lumpur,EcoRide 3,75,411,DC Fast,No,Online,37870,1000,38000,7,  Standard  ,53,8.3,  Software  ,No,17.4,12720,247.6
501598,1370,4/6/2023,9/6/2023,Personal,  East  ,  Thailand  ,BANGKOK,EcoRide 5,60,369,home charger,No,DEALERSHIP,61540,1000,61050,6,Extended,41,10,None,No,16.4,24370,498.26
501599,1935,28/12/2022,5-Jan-23,personal,NORTH,malaysia,penang,EcoRide 3,50,302,  AC  ,Yes,Dealership,42200,5000,37950,3,  Standard  ,48,7.8,Battery,No,16.1,38610,535
501600,2934,8-Jan-22,27-Jan-22,personal,south,  Indonesia  ,Jakarta,VoltX S,50,293,  AC  ,No,Corporate Fleet,48270,2500,45250,4,  Premium  ,32,10,  Charging  ,No,17.2,19610,368.22
501601,1660,23/4/2023,5/3/2023,fleet,north,MALAYSIA,Shah Alam,FamilyEV XL,70,417,supercharger,Yes,dealership,,1000,41970,3,Extended,,,CHARGING,No,12.2,21700,367.57
501602,2454,10/5/2023,23-May-23,PERSONAL,,  Malaysia  ,  Kuala Lumpur  ,EcoRide 5,100,671,DC Fast,No,corporate fleet,49820,1000,48470,8,PREMIUM,57,4.9,none,No,22.1,26220,328.8
501603,1968,12/4/2024,20/4/2024,CORPORATE,North,Indonesia,SURABAYA,FamilyEV XL,100,513,AC,Yes,  Dealership  ,42310,2500,39270,5,Standard,53,6.7,Battery,No,15.9,29380,391.94
501604,2332,11-28-2024,8-Dec-24,FLEET,  South  ,MALAYSIA,KUALA LUMPUR,FamilyEV XL,90,,ac,No,ONLINE,46520,0,45580,5,Standard,43,3.5,  Software  ,No,18.5,29730,301.17
501605,2160,08-16-2023,28/8/2023,  Fleet  ,east,Malaysia,penang,FamilyEV XL,50,317,DC FAST,No,  Dealership  ,39050,0,39100,8,STANDARD,29,,None,No,21.9,25740,722.61
501606,1201,6/7/2022,11-Jul-22,PERSONAL,south,  Malaysia  ,Kuala Lumpur,EcoRide 5,80,511,DC Fast,No,DEALERSHIP,53500,0,51550,5,Standard,61,7,CHARGING,No,20.4,20770,205.9
501607,2459,01-24-2024,2/9/2024,FLEET,  North  ,MALAYSIA,  Kuala Lumpur  ,FamilyEV XL,80,436,  Supercharger  ,Yes,DEALERSHIP,49630,0,50880,5,extended,47,7.7,  None  ,No,17.9,26760,859.57
501608,1312,3-Apr-22,19/4/2022,personal,EAST,VIETNAM,Hanoi,EcoRide 5,100,588,  AC  ,No,ONLINE,35090,1000,34020,8,Extended,50,,software,No,16.7,24740,473.3
501609,1116,27/3/2022,8-Apr-22,personal,North,Indonesia,jakarta,UrbanEV,100,586,home charger,No,DEALERSHIP,45100,5000,39610,4,STANDARD,48,4.85,none,Yes,16.9,21580,100
501610,2689,3/12/2024,17/12/2024,Personal,  North  ,malaysia,  Johor Bahru  ,VoltX S,60,367,DC FAST,Yes,dealership,35270,0,34960,8,Standard,45,6.2,SOFTWARE,No,12.1,28390,654.56
501611,1936,05-17-2022,25/5/2022,PERSONAL,,thailand,chiang mai,VoltX Pro,100,555,AC,Yes,Dealership,39400,5000,34240,4,standard,57,10,NONE,No,13.3,24990,422.33
501612,2826,02-25-2023,11-Mar-23,Fleet,EAST,,  Singapore  ,FamilyEV XL,75 kWh,461,dc fast,No,online,"51,450",2500,"47,910",5,Standard,50,8.4,  None  ,No,17.7,17100 km,261.44
501613,1574,15/3/2022,03-31-2022,Personal,east,vietnam,  Hanoi  ,EcoRide 3,80,452,SUPERCHARGER,Yes,dealership,27600,2500,24060,5,EXTENDED,34,,  None  ,No,,14540,431.74
501614,1243,20/6/2022,06-24-2022,personal,South,malaysia,  Penang  ,UrbanEV,60,,AC,Yes,DEALERSHIP,"52,320",0,"51,010",8,Standard,66,7.9,  None  ,No,12.5,"10,860",345.16
501615,1536,19/6/2022,30/6/2022,PERSONAL,EAST,Thailand,BANGKOK,EcoRide 3,75 kWh,490,  Supercharger  ,No,Online,"47,650",0,"46,230",5,premium,53,9.9,Other,No,17.9,"15,410",757.49
501616,2625,21/5/2024,6/2/2024,GOVERNMENT,south,SINGAPORE,singapore,VoltX Pro,100 kWh,634,Supercharger,No,  Corporate Fleet  ,"44,440",0,"43,580",3,Extended,59,3.85,NONE,No,19.3,"22,210",
501617,1074,18/11/2022,7-Dec-22,FLEET,west,SINGAPORE,  Singapore  ,EcoRide 5,100,605,ac,No,dealership,51150,2500,48500,4,  Premium  ,52,6.9,  None  ,No,20.5,29170,235.12
501618,2829,1-Apr-23,20/4/2023,FLEET,  North  ,singapore,  Singapore  ,VoltX Pro,50,272,ac,Yes,dealership,63920,2500,62520,5,Standard,36,8.8,  Battery  ,Yes,18.6,21190,358.23
501619,1385,1/8/2024,8/6/2024,Personal,EAST,Malaysia,shah alam,EcoRide 3,60,368,AC,No,dealership,35700,5000,29120,6,  Premium  ,68,3.95,NONE,No,15.1,24070,301.5
501620,2926,29/2/2024,21/3/2024,Personal,WEST,Indonesia,JAKARTA,VoltX Pro,75,462,supercharger,Yes,Online,56850,1000,56770,5,Extended,31,10,NONE,Yes,19.1,26210,715.45
501621,2233,5-Sep-23,8/9/2023,Government,west,Singapore,singapore,VoltX S,70,361,AC,Yes,dealership,51760,1000,49150,6,  Standard  ,40,,NONE,No,17.8,13490,540.24
501622,1474,7-Jun-24,06-21-2024,Personal,  North  ,Vietnam,  Ho Chi Minh City  ,VoltX Pro,100,614,SUPERCHARGER,No,dealership,40070,1000,39170,6,standard,44,4.25,BATTERY,No,14.2,18970,206.68
501623,1417,15/12/2022,24-Dec-22,Personal,SOUTH,MALAYSIA,SHAH ALAM,FamilyEV XL,90,,DC Fast,Yes,DEALERSHIP,48670,1000,46150,5,Premium,53,10,motor,No,14.1,13860,288.79
501624,1346,1/10/2022,16/1/2022,FLEET,EAST,Thailand,CHIANG MAI,VoltX S,90,487,SUPERCHARGER,Yes,dealership,37220,1000,34960,5,standard,59,5.8,CHARGING,No,19.5,19640,410.95
501625,2552,10-Jan-24,01-22-2024,PERSONAL,  North  ,VIETNAM,,FamilyEV XL,100,555,DC FAST,No,ONLINE,41550,5000,36870,4,  Standard  ,52,8.8,Other,Yes,17.9,23860,131.48
501626,1639,29/10/2023,11-13-2023,Corporate,  West  ,thailand,  Chiang Mai  ,VoltX Pro,70,359,AC,No,  Dealership  ,30260,1000,29560,8,standard,31,4.1,None,No,17.8,22550,278.45
501627,1938,30/6/2023,4-Jul-23,  Personal  ,EAST,INDONESIA,jakarta,VoltX S,80,467,  Home Charger  ,No,Online,35560,5000,31310,3,STANDARD,46,7.7,other,No,17.2,16240,564.84
501628,1954,9/5/2022,21-May-22,PERSONAL,East,indonesia,  Surabaya  ,VoltX S,90,504,supercharger,Yes,Dealership,47670,1000,45740,5,Standard,38,7.6,  None  ,No,18.8,25820,862.92
501629,1875,24/8/2023,08-30-2023,PERSONAL,north,Malaysia,SHAH ALAM,VoltX Pro,75,484,DC Fast,No,Dealership,48290,1000,48290,6,extended,60,9.7,None,No,15.5,23840,132.46
501630,1762,28/8/2023,17/9/2023,  Personal  ,east,thailand,  Bangkok  ,UrbanEV,100,586,DC FAST,Yes,  Dealership  ,48210,2500,,7,extended,34,5.2,none,No,16.6,25000,1045.33
501631,2202,23/11/2022,11-30-2022,  Corporate  ,East,  Malaysia  ,Penang,EcoRide 5,100,571,DC FAST,Yes,dealership,49450,0,49680,5,  Extended  ,,4.35,  None  ,No,19.2,23090,574.98
501632,2205,6/9/2024,27-Sep-24,Fleet,WEST,  Singapore  ,Singapore,EcoRide 5,100,536,dc fast,No,DEALERSHIP,,5000,"39,040",7,Standard,46,5.9,Charging,No,17.1,16740 km,273.11
501633,1663,8/2/2023,12/2/2023,  Personal  ,NORTH,  Malaysia  ,Johor Bahru,EcoRide 5,70,408,  DC Fast  ,No,dealership,49750,5000,42820,4,standard,40,7.6,  None  ,No,14.8,13510,805.45
501634,1024,21-Sep-23,5-Oct-23,  Personal  ,North,THAILAND,Bangkok,VoltX S,80,523,  AC  ,Yes,Dealership,52510,2500,50160,5,STANDARD,59,7.9,  Software  ,No,14.9,24720,583.68
501635,2990,19/12/2023,1/7/2024,  Fleet  ,  South  ,Singapore,Singapore,EcoRide 5,60,397,home charger,No,  Dealership  ,46720,7500,38650,5,  Extended  ,64,10,NONE,No,17.1,24970,669.19
501636,2203,6-Nov-24,18/11/2024,FLEET,  North  ,Singapore,Singapore,VoltX S,100,,dc fast,No,  Online  ,41960,0,40960,6,Standard,35,7.2,NONE,No,10,22540,665.07
501637,1709,10/1/2022,10/5/2022,  Personal  ,east,  Malaysia  ,kuala lumpur,UrbanEV,60,358,  AC  ,Yes,Dealership,43980,1000,42810,5,Extended,67,8.1,  None  ,No,22.3,36730,715.07
501638,2524,16-Nov-23,24/11/2023,PERSONAL,  West  ,Vietnam,hanoi,VoltX Pro,,471,dc fast,Yes,  Online  ,39150,5000,33790,5,  Standard  ,,3.1,NONE,No,16.5,18790,249.81
501639,2879,26/4/2022,6/5/2022,  Personal  ,South,malaysia,  Johor Bahru  ,VoltX Pro,75,419,  AC  ,Yes,DEALERSHIP,50960,1000,49800,3,  Extended  ,57,8.8,other,No,18.5,24400,661.41
501640,2184,10/5/2024,31/5/2024,fleet,West,  Malaysia  ,  Shah Alam  ,VoltX S,75,461,ac,No,DEALERSHIP,33760,0,32880,5,extended,58,3,Battery,Yes,18.9,22780,510.68
501641,1176,11-24-2023,12/7/2023,  Government  ,north,Malaysia,Penang,VoltX S,90 kWh,625,DC Fast,Yes,DEALERSHIP,"43,880",0,"45,860",3,STANDARD,57,5.3,None,No,17.8,"21,770",616.18
501642,1284,20/11/2022,4/12/2022,personal,NORTH,vietnam,Hanoi,UrbanEV,75,473,DC Fast,Yes,online,48980,1000,46890,4,EXTENDED,43,5.7,none,No,12.9,14550,364.92
501643,1062,18/8/2024,08-29-2024,Fleet,north,Vietnam,ho chi minh city,EcoRide 5,100,629,  Home Charger  ,No,online,37860,2500,35090,4,STANDARD,44,3.8,NONE,No,13.8,20110,370.62
501644,2002,04-24-2022,28/4/2022,PERSONAL,south,Thailand,chiang mai,UrbanEV,70,458,Home Charger,No,ONLINE,35210,0,33170,5,EXTENDED,34,7.6,None,No,12.5,28740,384.13
501645,1661,17/12/2024,27-Dec-24,personal,west,  Indonesia  ,jakarta,VoltX Pro,70,445,  AC  ,No,dealership,29040,1000,26880,4,  Premium  ,43,9.7,software,No,20.3,26130,646.24
501646,1665,6/3/2022,16/6/2022,personal,north,MALAYSIA,  Shah Alam  ,VoltX Pro,80,472,DC Fast,Yes,ONLINE,43010,0,41710,4,Standard,67,10,,No,12.4,27970,483.17
501647,1155,11-Nov-22,17/11/2022,CORPORATE,  East  ,  Vietnam  ,  Ho Chi Minh City  ,FamilyEV XL,70,387,Supercharger,No,online,37000,1000,35460,4,Extended,36,10,none,No,15,17740,392.17
501648,2905,30-Nov-24,12/12/2024,PERSONAL,South,MALAYSIA,kuala lumpur,EcoRide 5,90,535,AC,No,online,51140,5000,45890,5,Standard,34,9.7,Software,No,20.9,28480,
501649,2492,04-15-2022,3/5/2022,PERSONAL,WEST,malaysia,Penang,VoltX Pro,60,337,Supercharger,Yes,ONLINE,34140,2500,31220,5,Standard,31,10,None,Yes,13.6,14340,750.15
501650,2072,12-20-2022,30-Dec-22,PERSONAL,  North  ,malaysia,JOHOR BAHRU,FamilyEV XL,80,471,Home Charger,Yes,  Dealership  ,48700,1000,47150,6,STANDARD,64,8.7,battery,No,17.4,20630,598.82
501651,1966,10/12/2024,18/10/2024,PERSONAL,North,Thailand,CHIANG MAI,VoltX S,70,396,supercharger,No,dealership,35890,0,36100,5,STANDARD,35,4.35,SOFTWARE,No,19.3,14870,591.67
501652,1848,3-Jan-24,15/1/2024,Personal,north,indonesia,Surabaya,VoltX Pro,75,438,AC,No,Corporate Fleet,34410,0,34700,4,standard,40,10,  None  ,No,16.8,34420,553.27
501653,2107,12/10/2023,24/12/2023,  Corporate  ,  South  ,  Malaysia  ,Penang,EcoRide 3,70,378,Home Charger,Yes,DEALERSHIP,36580,0,34200,6,extended,57,6.3,  Battery  ,No,17.5,23130,714.36
501654,2384,13-Oct-23,29/10/2023,PERSONAL,SOUTH,VIETNAM,hanoi,EcoRide 5,50,286,Home Charger,Yes,dealership,52530,2500,51090,4,  Extended  ,62,9.4,SOFTWARE,No,18.6,28620,288.45
501655,1688,3-Apr-24,21/4/2024,Fleet,  West  ,Singapore,Singapore,FamilyEV XL,80,493,Supercharger,No,dealership,36580,0,36840,6,extended,41,7.9,none,No,22.4,24810,
501656,1147,4-Aug-24,08-24-2024,Personal,east,malaysia,kuala lumpur,EcoRide 5,100,626,  DC Fast  ,No,DEALERSHIP,52990,1000,50030,5,  Extended  ,69,,NONE,No,14.2,25730,515.28
501657,2653,23/10/2023,11/6/2023,personal,  East  ,singapore,singapore,EcoRide 5,100,618,  Supercharger  ,No,dealership,46420,2500,44820,5,Extended,49,9.8,None,No,15.7,14690,313.41
501658,1341,9/4/2022,29/4/2022,PERSONAL,,thailand,  Bangkok  ,EcoRide 3,90,526,ac,No,Online,41370,2500,39890,5,  Standard  ,66,3.9,,No,18.9,21550,496.15
501659,1475,8/11/2023,20/8/2023,  Personal  ,  North  ,  Indonesia  ,  Surabaya  ,UrbanEV,70,423,AC,Yes,DEALERSHIP,"37,630",2500,"33,140",8,STANDARD,55,6.2,NONE,No,16.4,14430 km,445.08
501660,2086,9/10/2022,18/10/2022,  Personal  ,SOUTH,singapore,  Singapore  ,VoltX S,70,474,  DC Fast  ,No,  Dealership  ,"58,330",2500,"55,520",4,Premium,66,,None,No,15.3,18730 km,568.26
501661,2724,7/2/2023,18/2/2023,personal,WEST,  Thailand  ,Bangkok,EcoRide 5,90,514,home charger,Yes,Dealership,40880,0,41140,7,standard,25,7.3,NONE,No,20.1,22170,680.12
501662,2383,1-Dec-23,4/12/2023,FLEET,West,malaysia,  Penang  ,VoltX Pro,60,399,SUPERCHARGER,No,Dealership,40910,0,41980,5,Standard,63,,NONE,No,10.3,15430,274.07
501663,1560,18/7/2022,07-26-2022,FLEET,  West  ,Thailand,CHIANG MAI,VoltX S,75,407,supercharger,No,corporate fleet,55160,2500,140900,8,  Standard  ,44,3.15,none,No,20.4,12900,843.51
501664,1326,11-23-2022,1/12/2022,  Personal  ,WEST,  Vietnam  ,HANOI,VoltX Pro,75,399,dc fast,No,CORPORATE FLEET,56400,1000,54840,5,  Standard  ,,7.5,none,No,21.8,13430,163.86
501665,2792,6/3/2022,17/6/2022,  Personal  ,north,  Malaysia  ,Shah Alam,VoltX S,60,356,AC,No,DEALERSHIP,44020,0,42940,6,PREMIUM,67,4.75,NONE,No,16.4,26310,351.91
501666,2759,6/7/2023,20-Jul-23,PERSONAL,,,JAKARTA,VoltX S,60,359,home charger,Yes,dealership,53290,5000,46810,6,  Extended  ,26,8.6,Charging,No,13.1,19660,894.2
501667,2164,9/2/2023,02-21-2023,personal,North,  Thailand  ,Chiang Mai,FamilyEV XL,50,277,  DC Fast  ,Yes,ONLINE,40710,2500,37280,6,Standard,25,3.45,CHARGING,No,17.5,12840,203.01
501668,1989,4/7/2023,15-Apr-23,Personal,  South  ,  Malaysia  ,Shah Alam,VoltX Pro,90,528,SUPERCHARGER,Yes,online,60730,1000,60270,5,premium,68,2.6,NONE,No,18.4,21430,381.65
501669,1214,12/5/2022,31/5/2022,CORPORATE,North,  Vietnam  ,HO CHI MINH CITY,VoltX Pro,80,493,DC FAST,No,ONLINE,35820,0,36740,6,extended,63,9,charging,No,12.1,26830,344.36
501670,1434,3/1/2024,22/3/2024,Personal,south,SINGAPORE,Singapore,VoltX S,75,421,SUPERCHARGER,No,Dealership,38600,2500,35720,5,extended,29,,none,No,17.2,20970,100
501671,2914,23/5/2024,12/6/2024,personal,East,malaysia,  Penang  ,EcoRide 5,60,384,HOME CHARGER,Yes,  Online  ,54190,1000,54290,5,standard,36,8.3,BATTERY,No,22.8,11790,477.97
501672,1951,03-25-2022,2/4/2022,Personal,west,Malaysia,JOHOR BAHRU,VoltX Pro,60,387,DC FAST,No,  Online  ,42980,1000,42390,6,STANDARD,38,7.8,NONE,No,20.8,20480,588.79
501673,1722,24/1/2024,14/2/2024,  Personal  ,East,Malaysia,  Penang  ,EcoRide 3,90,,AC,Yes,Online,54610,2500,54640,4,standard,,3.7,None,Yes,18.6,16070,588.18
501674,2341,20/9/2023,2/10/2023,Fleet,West,indonesia,Jakarta,EcoRide 3,100,564,AC,No,ONLINE,41740,1000,38910,4,extended,56,4.45,  None  ,No,18.2,23420,381.01
501675,1031,9/8/2022,08-19-2022,personal,North,  Thailand  ,bangkok,VoltX S,80,455,  Home Charger  ,No,DEALERSHIP,49610,0,49390,6,STANDARD,64,6.7,NONE,No,17.1,19060,103.39
501676,1669,7-Jul-23,07-15-2023,PERSONAL,North,Vietnam,,UrbanEV,60,356,supercharger,No,Online,40150,1000,39360,5,Extended,68,8.2,software,No,17.5,23150,359.43
501677,1284,22-Apr-22,1/5/2022,FLEET,  East  ,malaysia,  Penang  ,VoltX S,,589,supercharger,Yes,dealership,44470,5000,41320,5,  Standard  ,33,8.6,  None  ,No,16.7,9550,318.12
501678,2328,7/9/2023,10/9/2023,PERSONAL,South,  Malaysia  ,penang,VoltX S,50,293,ac,No,online,36040,5000,29590,5,Standard,66,10,NONE,No,17.6,22110,549.41
501679,1428,12-Jul-24,8/1/2024,CORPORATE,  South  ,  Malaysia  ,shah alam,EcoRide 5,80,504,Supercharger,Yes,ONLINE,44660,5000,38690,6,Premium,66,8.1,motor,No,12.1,19740,384.27
501680,2500,20/4/2023,4/5/2023,Fleet,south,Singapore,  Singapore  ,EcoRide 5,100,624,dc fast,Yes,DEALERSHIP,38860,1000,37920,4,  Standard  ,57,6.2,SOFTWARE,No,10.5,200000,577.8
501681,1285,15/4/2024,5/3/2024,personal,south,vietnam,HO CHI MINH CITY,FamilyEV XL,50,283,ac,No,  Corporate Fleet  ,,5000,53290,5,Standard,49,9,  None  ,No,14.7,22020,110.72
501682,2167,28/9/2022,10/10/2022,FLEET,east,Thailand,  Bangkok  ,UrbanEV,70,388,Home Charger,No,  Dealership  ,42760,5000,37510,6,  Premium  ,62,6.7,None,No,20.1,19400,621.51
501683,2447,25-Feb-23,9/3/2023,  Personal  ,  South  ,MALAYSIA,kuala lumpur,UrbanEV,75,413,DC FAST,Yes,online,36620,1000,33980,5,Standard,38,7,Charging,No,18.8,21090,596.96
501684,2042,8-Dec-23,12-24-2023,PERSONAL,  East  ,  Indonesia  ,Jakarta,UrbanEV,60,339,ac,No,CORPORATE FLEET,49840,1000,50040,5,standard,33,7.3,  None  ,No,19.5,14650,273.94
501685,1017,2/9/2022,21/2/2022,PERSONAL,east,indonesia,  Jakarta  ,UrbanEV,100,634,dc fast,No,Dealership,36540,2500,35720,3,Standard,51,3.85,Battery,No,17.3,22600,349.75
501686,1768,8/7/2022,20-Jul-22,  Personal  ,  South  ,MALAYSIA,kuala lumpur,UrbanEV,80,485,ac,No,DEALERSHIP,51140,5000,47860,6,extended,68,9.9,Battery,No,20.6,8590,428.65
501687,1589,20/9/2024,3-Oct-24,fleet,south,INDONESIA,  Surabaya  ,VoltX S,50,319,DC Fast,No,  Dealership  ,41090,7500,33740,6,STANDARD,43,9,NONE,Yes,21,20150,709.44
501688,2394,20/6/2023,06-24-2023,CORPORATE,  North  ,  Malaysia  ,Johor Bahru,VoltX S,75,399,ac,Yes,ONLINE,"44,740",1000,"43,920",5,Premium,49,6.3,MOTOR,No,20.6,"21,240",434.36
501689,2198,24/10/2024,3/11/2024,GOVERNMENT,  South  ,Malaysia,  Penang  ,FamilyEV XL,75,458,supercharger,Yes,Dealership,43670,7500,36160,4,  Standard  ,56,10,NONE,No,15,33220,560.35
501690,2009,17/10/2022,26/10/2022,,east,Malaysia,Penang,EcoRide 3,60,366,dc fast,No,Dealership,43220,1000,43080,6,  Standard  ,46,9.6,charging,No,17.2,19560,492.81
501691,1193,3/9/2023,19/3/2023,  Personal  ,  West  ,singapore,Singapore,EcoRide 3,100,648,DC FAST,Yes,dealership,45440,1000,45700,5,Standard,53,8.6,NONE,No,15.6,32560,675.56
501692,1501,16-Apr-23,04-19-2023,Personal,EAST,SINGAPORE,singapore,FamilyEV XL,75,438,DC FAST,No,  Online  ,40360,7500,33570,7,Standard,52,4.5,,No,21.4,29340,527.09
501693,1987,20-Sep-23,24-Sep-23,Personal,north,Malaysia,Shah Alam,FamilyEV XL,60,348,SUPERCHARGER,Yes,DEALERSHIP,37360,5000,32600,4,STANDARD,68,6.7,  Other  ,No,20.4,20530,245.22
501694,2136,6-Oct-22,26/10/2022,PERSONAL,East,malaysia,Kuala Lumpur,VoltX Pro,,660,AC,No,online,45270,2500,43480,3,PREMIUM,37,8,NONE,No,18.4,21490,441.75
501695,1113,26/5/2024,6/12/2024,  Personal  ,east,indonesia,  Jakarta  ,VoltX S,100,593,home charger,No,DEALERSHIP,42220,5000,37210,4,  Standard  ,52,10,SOFTWARE,No,19.1,13820,694.74
501696,2245,4-Aug-23,7-Aug-23,CORPORATE,south,  Vietnam  ,HANOI,UrbanEV,70,425,DC FAST,No,online,36050,2500,32210,5,standard,27,10,None,No,17.9,17270,559.45
501697,2701,5/12/2024,19-May-24,Personal,,indonesia,Surabaya,VoltX Pro,60,371,  AC  ,No,dealership,49300,1000,47710,4,PREMIUM,54,6.6,Charging,No,14.2,23010,249.99
501698,1946,11/9/2022,15/9/2022,Personal,South,malaysia,SHAH ALAM,EcoRide 5,,480,DC Fast,Yes,online,44890,5000,40100,8,STANDARD,35,5.5,SOFTWARE,No,20.2,19150,850.25
501699,1830,30/6/2022,7/5/2022,PERSONAL,east,malaysia,Kuala Lumpur,VoltX S,50,301,dc fast,Yes,dealership,37390,7500,29020,4,standard,26,7.7,OTHER,No,23.1,27590,373.67
501700,2667,12/11/2023,12/3/2023,,east,malaysia,johor bahru,FamilyEV XL,90,495,supercharger,No,Online,43340,1000,41400,6,standard,33,,  Motor  ,No,18.5,25990,680.91
501701,2920,4/4/2024,04-24-2024,FLEET,North,  Malaysia  ,,EcoRide 3,100,596,AC,No,DEALERSHIP,43990,1000,43610,5,  Standard  ,57,6.1,  None  ,No,,23460,778.5
501702,2287,1/12/2023,21/12/2023,  Fleet  ,EAST,THAILAND,BANGKOK,VoltX S,100,588,AC,No,online,37780,1000,37460,5,Standard,50,6.7,none,No,14.8,26190,708.04
501703,1924,20-Jul-23,5/8/2023,  Personal  ,North,THAILAND,,FamilyEV XL,75,,  AC  ,No,CORPORATE FLEET,67140,5000,62440,7,  Standard  ,40,5,Motor,No,16.2,24380,320.3
501704,1054,11/11/2023,11-21-2023,corporate,NORTH,thailand,CHIANG MAI,VoltX S,75,469,AC,No,CORPORATE FLEET,44950,5000,39450,5,STANDARD,49,7.4,BATTERY,No,13.2,21910,715.51
501705,2894,26-Jan-23,9/2/2023,personal,WEST,Thailand,CHIANG MAI,VoltX S,75,453,SUPERCHARGER,No,Dealership,43460,7500,35620,5,standard,25,7.5,None,No,14.3,16590,545.64
501706,2666,31/7/2022,12/8/2022,corporate,West,Malaysia,Shah Alam,VoltX S,100,,  DC Fast  ,Yes,CORPORATE FLEET,62060,1000,61760,4,Standard,45,10,None,No,16.5,34680,233.98
501707,1799,01-19-2023,7/2/2023,  Personal  ,NORTH,malaysia,JOHOR BAHRU,EcoRide 5,60,334,  AC  ,No,online,48200,2500,44800,7,Extended,44,7.5,NONE,No,17.9,26350,481.71
501708,1777,8/12/2022,12-21-2022,PERSONAL,SOUTH,  Thailand  ,CHIANG MAI,EcoRide 3,80,507,AC,Yes,Corporate Fleet,,5000,47010,8,extended,29,6.5,  Battery  ,No,12.6,24300,
501709,2481,23-Apr-24,27/4/2024,PERSONAL,NORTH,MALAYSIA,penang,VoltX S,60,359,DC FAST,Yes,  Online  ,45660,0,46170,4,EXTENDED,41,6.9,SOFTWARE,No,17.6,16370,577.44
501710,2901,27/11/2024,3/12/2024,fleet,  South  ,Malaysia,PENANG,FamilyEV XL,50,272,  Supercharger  ,No,DEALERSHIP,"45,450",2500,,6,standard,64,8.4,None,No,21.7,"38,730",657.01
501711,1161,24-Feb-23,27/2/2023,personal,West,Malaysia,,EcoRide 5,60,350,,No,Online,39010,2500,37820,5,Standard,62,7.3,  None  ,No,18.3,16890,724.5
501712,2403,21-Jan-24,7-Feb-24,CORPORATE,WEST,MALAYSIA,JOHOR BAHRU,VoltX Pro,75,445,AC,Yes,corporate fleet,49680,2500,46110,6,extended,25,7.8,battery,No,,22200,484.13
501713,1086,2-Nov-22,17/11/2022,PERSONAL,east,Malaysia,PENANG,VoltX S,70 kWh,385,AC,No,dealership,"57,940",2500,"56,510",8,EXTENDED,37,7.9,motor,No,18.2,22470 km,315.92
501714,1054,3/12/2023,13-Dec-23,personal,  South  ,indonesia,SURABAYA,EcoRide 5,50 kWh,287,DC Fast,Yes,  Dealership  ,"56,040",5000,"50,460",4,  Extended  ,42,10,NONE,No,,"12,460",258.74
501715,2499,18-May-24,24/5/2024,  Personal  ,east,indonesia,  Surabaya  ,UrbanEV,90,573,home charger,Yes,  Corporate Fleet  ,36530,1000,36310,6,Standard,28,9.1,  Motor  ,No,12.5,25050,634.97
501716,2823,21-Jun-23,3/7/2023,PERSONAL,SOUTH,,KUALA LUMPUR,VoltX Pro,70,490,dc fast,Yes,  Dealership  ,58020,0,56730,5,  Standard  ,38,6.6,  None  ,No,18.8,24320,694.15
501717,2201,25/7/2022,15-Aug-22,,West,  Malaysia  ,johor bahru,EcoRide 3,50,306,ac,No,DEALERSHIP,39210,5000,32600,6,Premium,29,7.7,  Charging  ,No,19.1,14470,608.95
501718,2414,11/5/2023,05-31-2023,  Personal  ,  West  ,,  Bangkok  ,VoltX S,50,273,DC FAST,Yes,ONLINE,38420,1000,37770,5,Premium,57,9.2,SOFTWARE,No,20.1,27090,328.59
501719,2372,6/12/2024,13/12/2024,fleet,East,malaysia,johor bahru,VoltX S,100,591,DC Fast,Yes,Dealership,38800,1000,37520,6,standard,50,9.6,OTHER,No,21.1,15180,371.57
501720,2031,19-May-23,6/9/2023,  Personal  ,South,  Malaysia  ,penang,EcoRide 5,75,454,Supercharger,Yes,corporate fleet,42260,1000,41420,5,  Premium  ,28,5.6,SOFTWARE,No,15.5,19720,385.1
501721,1832,11/11/2024,11-29-2024,  Government  ,south,malaysia,Penang,EcoRide 3,100,631,AC,Yes,Corporate Fleet,31470,0,30490,5,Standard,54,5.9,None,No,19.9,16510,199.11
501722,1312,1/8/2022,4-Aug-22,FLEET,NORTH,MALAYSIA,Kuala Lumpur,UrbanEV,90,569,DC FAST,Yes,ONLINE,45370,5000,40700,6,PREMIUM,41,8.7,MOTOR,No,19.9,26220,600.4
501723,1758,6-Nov-22,20/11/2022,  Corporate  ,west,  Indonesia  ,  Jakarta  ,VoltX Pro,60,393,,Yes,  Online  ,43180,2500,41950,3,Standard,52,3.5,battery,No,21.6,25480,471.1
501724,2858,23-Oct-23,27/10/2023,Personal,south,INDONESIA,surabaya,FamilyEV XL,,600,ac,Yes,Online,45290,2500,43890,5,  Extended  ,30,6.8,None,No,21.8,14070,785.94
501725,1442,23-Jan-24,2/2/2024,personal,  South  ,MALAYSIA,  Penang  ,EcoRide 3,,541,  DC Fast  ,No,online,41530,2500,38360,5,  Extended  ,51,8.3,none,No,15.8,17810,305.17
501726,2790,29/9/2022,10-19-2022,Personal,SOUTH,  Malaysia  ,Johor Bahru,VoltX S,75,393,,Yes,ONLINE,33860,1000,31600,3,STANDARD,60,9.2,NONE,No,16.8,17920,470.48
501727,1327,07-26-2024,13/8/2024,Fleet,  West  ,,kuala lumpur,EcoRide 5,75,420,,No,Dealership,43180,1000,42180,6,STANDARD,31,7.6,Software,Yes,17.6,26520,250.46
501728,2077,1/2/2022,8/2/2022,  Corporate  ,north,malaysia,kuala lumpur,UrbanEV,100 kWh,546,ac,Yes,  Dealership  ,"53,540",5000,"49,390",6,standard,25,5.1,BATTERY,No,,17000 km,423.51
501729,1760,19/3/2023,3-Apr-23,  Personal  ,  West  ,  Vietnam  ,HANOI,EcoRide 5,,425,  Home Charger  ,Yes,CORPORATE FLEET,37930,1000,,4,STANDARD,34,3.6,  None  ,No,20.3,21120,657.76
501730,2262,11-Jun-22,2-Jul-22,Personal,west,THAILAND,  Chiang Mai  ,VoltX Pro,70,388,AC,No,Online,38860,0,39470,6,EXTENDED,37,6.3,None,No,16.4,20360,511.13
501731,2252,6/2/2024,2/11/2024,Corporate,West,  Singapore  ,SINGAPORE,EcoRide 3,90,501,ac,No,ONLINE,48180,2500,47690,5,standard,,8.8,  None  ,No,20.5,19700,306.58
501732,1578,11/9/2022,09-21-2022,  Personal  ,South,INDONESIA,  Jakarta  ,EcoRide 5,90,579,Supercharger,No,ONLINE,36330,1000,,5,STANDARD,56,10,NONE,No,21.5,34040,200.13
501733,2074,5/6/2023,19/6/2023,FLEET,NORTH,indonesia,JAKARTA,FamilyEV XL,50,262,  Home Charger  ,Yes,ONLINE,46580,0,45020,4,EXTENDED,38,8.4,NONE,No,16.2,17260,432.96
501734,2632,3/9/2024,7/9/2024,  Personal  ,  South  ,Indonesia,surabaya,FamilyEV XL,80,474,  AC  ,No,DEALERSHIP,48110,0,46980,8,standard,57,8.7,Other,No,11.8,20400,541.12
501735,2627,1/10/2022,23/1/2022,Corporate,  South  ,MALAYSIA,kuala lumpur,EcoRide 5,60,381,Home Charger,No,ONLINE,41060,7500,32870,5,  Standard  ,54,9.2,CHARGING,No,16.9,24540,664.03
501736,2006,27-Dec-23,1/10/2024,PERSONAL,north,  Malaysia  ,johor bahru,VoltX S,75,441,ac,No,corporate fleet,,1000,,4,extended,33,10,NONE,No,21,19030,350.67
501737,2287,20/5/2023,9/6/2023,personal,EAST,THAILAND,Bangkok,EcoRide 5,90,588,dc fast,No,Dealership,"35,140",0,"35,490",6,Extended,30,7.1,none,No,21,17880 km,345.58
501738,2441,24/2/2024,10/3/2024,Fleet,  South  ,Malaysia,KUALA LUMPUR,UrbanEV,90 kWh,518,AC,Yes,  Dealership  ,"39,460",5000,"35,180",5,STANDARD,34,3.95,  None  ,No,16.7,24370 km,924.67
501739,2826,12/3/2023,19/3/2023,  Corporate  ,west,  Vietnam  ,HANOI,EcoRide 3,50,335,DC Fast,Yes,DEALERSHIP,48970,5000,43670,6,  Standard  ,35,9.4,none,No,17.4,27480,495.18
501740,1095,2-Jun-22,16/6/2022,PERSONAL,NORTH,THAILAND,CHIANG MAI,VoltX Pro,60,322,DC FAST,No,Dealership,"50,870",2500,"48,630",8,  Extended  ,63,6.6,OTHER,No,16.5,"31,120",690.73
501741,2111,5/7/2024,9-Jul-24,  Personal  ,EAST,VIETNAM,HANOI,FamilyEV XL,80,523,dc fast,Yes,Dealership,45450,0,44370,3,  Standard  ,44,5.7,NONE,No,15.2,20610,246.87
501742,2101,18-May-24,05-25-2024,  Fleet  ,West,  Malaysia  ,Penang,EcoRide 5,80,451,DC Fast,No,  Dealership  ,40700,1000,38990,6,premium,49,3.65,  None  ,No,11.9,16610,564.37
501743,2311,23/1/2024,1-Feb-24,CORPORATE,west,Indonesia,JAKARTA,UrbanEV,75 kWh,493,DC FAST,Yes,dealership,,0,"46,390",8,premium,36,4.95,Battery,No,18.6,"16,560",647.66
501744,2143,17/7/2023,31/7/2023,CORPORATE,  West  ,  Malaysia  ,  Shah Alam  ,FamilyEV XL,80,465,Home Charger,No,dealership,39270,2500,37220,5,Standard,46,8.2,none,No,15.5,31820,511.56
501745,1813,4/5/2023,22-May-23,  Government  ,EAST,vietnam,  Ho Chi Minh City  ,FamilyEV XL,80,515,  AC  ,Yes,  Online  ,46250,2500,44330,6,PREMIUM,36,7.3,None,No,17.6,24280,151.89
501746,1490,13-Jun-24,23-Jun-24,personal,  West  ,  Malaysia  ,Johor Bahru,VoltX Pro,100,651,AC,Yes,ONLINE,50230,1000,48190,5,standard,38,9.5,NONE,No,19,16260,318.43
501747,2935,14/4/2022,04-25-2022,PERSONAL,SOUTH,singapore,SINGAPORE,FamilyEV XL,60,346,SUPERCHARGER,No,DEALERSHIP,41740,2500,39200,5,STANDARD,66,8.8,NONE,No,19.7,17240,573.48
501748,1451,21/10/2024,7/11/2024,,east,indonesia,SURABAYA,UrbanEV,60,385,ac,Yes,online,"39,380",2500,"36,970",6,STANDARD,60,6.8,NONE,No,14.9,"14,220",180.37
501749,2523,3/10/2024,10/10/2024,  Corporate  ,NORTH,SINGAPORE,singapore,FamilyEV XL,100,599,DC FAST,Yes,  Dealership  ,41590,5000,36910,8,standard,38,7.7,motor,No,14.1,21450,1006.59
501750,1164,11-Feb-23,26/2/2023,PERSONAL,north,SINGAPORE,SINGAPORE,FamilyEV XL,75,406,dc fast,Yes,dealership,52610,2500,,3,Premium,,6.5,  Software  ,No,18.8,25380,727.95
501751,1181,06-16-2022,23/6/2022,PERSONAL,  North  ,Vietnam,ho chi minh city,EcoRide 5,90,558,ac,No,ONLINE,,2500,62090,5,Extended,26,8.2,CHARGING,No,19,32820,198.59
501752,1468,05-24-2023,6/6/2023,CORPORATE,north,,  Singapore  ,EcoRide 5,50,280,HOME CHARGER,No,  Dealership  ,49540,5000,46130,7,  Standard  ,67,9,CHARGING,No,15.3,29590,552.5
501753,1909,9-Nov-22,21/11/2022,  Personal  ,SOUTH,  Thailand  ,chiang mai,EcoRide 3,75,430,  AC  ,No,dealership,44490,0,42520,4,standard,67,4.3,  Software  ,No,20,22260,515.17
501754,1734,2/2/2024,02-17-2024,Personal,  North  ,MALAYSIA,kuala lumpur,VoltX S,70,395,ac,No,  Dealership  ,38190,0,37880,6,  Premium  ,30,3.25,none,No,16.9,17160,717.79
501755,1822,11/12/2023,23/11/2023,PERSONAL,  North  ,INDONESIA,jakarta,UrbanEV,80,492,  AC  ,Yes,  Dealership  ,37750,5000,33780,5,  Standard  ,49,10,  Battery  ,Yes,14.8,25210,100
501756,1943,22-Apr-23,8/5/2023,fleet,  West  ,thailand,BANGKOK,VoltX S,100,561,AC,Yes,Dealership,47990,1000,46240,5,standard,27,3.75,None,No,14.1,9610,533.95
501757,1006,03-14-2022,3-Apr-22,CORPORATE,north,singapore,singapore,VoltX S,50,275,DC FAST,Yes,  Dealership  ,39540,1000,39370,4,  Standard  ,47,10,NONE,No,,16480,259.58
501758,1329,5-Aug-23,22/8/2023,  Personal  ,east,Malaysia,penang,FamilyEV XL,90,502,supercharger,No,  Dealership  ,52160,5000,,4,Premium,33,6.1,  Battery  ,No,17.7,26450,587.77
501759,1774,19/9/2022,10/1/2022,fleet,NORTH,  Thailand  ,Bangkok,VoltX Pro,,514,Supercharger,No,ONLINE,40780,2500,40180,5,Standard,55,7.2,Battery,No,18.1,28130,282.47
501760,2696,2/9/2022,11-Sep-22,  Fleet  ,West,malaysia,  Johor Bahru  ,VoltX Pro,60 kWh,372,  Supercharger  ,Yes,ONLINE,"54,960",5000,"49,810",5,  Standard  ,52,8.3,none,No,13.7,31160 km,773.83
501761,1150,15-Jul-23,25-Jul-23,Personal,  West  ,malaysia,  Shah Alam  ,FamilyEV XL,70,445,ac,Yes,Dealership,42130,5000,36990,5,  Extended  ,49,7.5,  None  ,No,10.3,21210,561.83
501762,2108,24/6/2022,29/6/2022,  Fleet  ,EAST,THAILAND,chiang mai,UrbanEV,90,572,AC,Yes,  Online  ,52930,0,54730,4,EXTENDED,59,9.9,None,No,18.8,31070,139.55
501763,1146,19/4/2022,5/6/2022,  Personal  ,  East  ,MALAYSIA,kuala lumpur,VoltX S,70,419,home charger,Yes,ONLINE,49710,2500,46850,5,standard,25,7.8,  Software  ,No,20.6,19310,100
501764,2647,2-Jul-22,20/7/2022,,NORTH,Malaysia,Johor Bahru,EcoRide 3,80,,AC,Yes,CORPORATE FLEET,50930,7500,44490,8,  Extended  ,26,4.55,other,No,12.1,18760,599.66
501765,2404,11/7/2022,17/7/2022,PERSONAL,west,thailand,  Bangkok  ,VoltX S,60,356,home charger,Yes,DEALERSHIP,"44,520",1000,"43,830",5,standard,39,6.4,SOFTWARE,No,15.7,"24,150",361.02
501766,1914,6/3/2022,14-Mar-22,personal,West,Malaysia,JOHOR BAHRU,VoltX Pro,50,309,SUPERCHARGER,Yes,DEALERSHIP,40350,2500,38940,5,Extended,67,8.4,charging,No,24.9,30000,614.74
501767,2571,08-20-2024,23-Aug-24,  Personal  ,West,Malaysia,  Kuala Lumpur  ,VoltX S,,387,Home Charger,No,DEALERSHIP,"52,070",2500,"49,220",3,EXTENDED,64,,  None  ,No,18.7,28570 km,368.05
501768,2308,13/5/2024,19/5/2024,  Corporate  ,East,  Malaysia  ,JOHOR BAHRU,EcoRide 5,80,475,dc fast,Yes,  Dealership  ,57550,0,57440,5,EXTENDED,40,6.5,NONE,No,,29230,740.7
501769,1699,1/4/2023,17-Jan-23,CORPORATE,  South  ,thailand,Bangkok,EcoRide 5,100,621,  AC  ,No,online,37980,0,37610,6,Extended,47,8.7,software,No,21.9,25690,701.85
501770,1081,30/4/2024,14/5/2024,  Corporate  ,west,thailand,  Chiang Mai  ,EcoRide 3,90,495,DC Fast,Yes,CORPORATE FLEET,48330,1000,45360,5,STANDARD,59,10,  None  ,No,15.5,28710,586.39
501771,1513,12/2/2022,19/2/2022,PERSONAL,SOUTH,THAILAND,Bangkok,UrbanEV,70,444,SUPERCHARGER,No,  Online  ,48300,1000,47030,6,PREMIUM,32,7.1,None,No,24,22200,320.15
501772,2920,3/5/2023,21/5/2023,  Personal  ,East,Malaysia,johor bahru,VoltX S,100,609,AC,Yes,DEALERSHIP,46160,2500,46860,5,  Extended  ,31,8.6,SOFTWARE,No,11.8,24210,382.78
501773,1814,03-19-2022,3-Apr-22,personal,  North  ,malaysia,PENANG,EcoRide 5,80,447,SUPERCHARGER,No,  Online  ,55020,7500,46790,4,  Standard  ,45,7.7,motor,No,18.5,41510,448.19
501774,1708,5/4/2024,04-20-2024,  Personal  ,  West  ,Malaysia,kuala lumpur,UrbanEV,90,,AC,Yes,  Online  ,39570,0,39720,5,STANDARD,59,8.2,  None  ,No,18,28150,290.05
501775,2939,5-Nov-23,24-Nov-23,PERSONAL,north,,  Singapore  ,EcoRide 5,75,413,DC Fast,Yes,  Online  ,52690,1000,52880,6,  Extended  ,63,9.3,OTHER,No,13.7,22140,632.28
501776,2546,2-Dec-23,12/11/2023,Fleet,north,VIETNAM,Hanoi,UrbanEV,70,356,,No,  Dealership  ,43060,2500,,5,EXTENDED,61,5,NONE,No,14.8,27620,434.84
501777,1745,29/1/2024,2/8/2024,  Government  ,EAST,malaysia,  Penang  ,UrbanEV,80,507,  AC  ,No,  Dealership  ,28640,7500,21060,6,STANDARD,57,,NONE,No,15.2,14610,463.63
501778,2022,29/12/2023,13/1/2024,personal,  West  ,MALAYSIA,johor bahru,EcoRide 5,50,308,,Yes,  Dealership  ,"34,800",2500,"31,410",5,premium,61,6.9,  None  ,No,12.7,19750 km,395.95
501779,2409,07-13-2024,31/7/2024,Personal,  East  ,  Malaysia  ,JOHOR BAHRU,FamilyEV XL,50,276,  AC  ,Yes,Dealership,45250,5000,41690,4,standard,59,6,charging,No,12.8,20580,496.39
501780,1706,20/6/2024,26/6/2024,Corporate,NORTH,  Thailand  ,Chiang Mai,VoltX Pro,90,553,AC,Yes,  Corporate Fleet  ,53540,2500,52150,6,Extended,42,2.5,NONE,No,16,16980,535.1
501781,1470,7/6/2024,17/6/2024,  Personal  ,north,Thailand,bangkok,UrbanEV,90,582,AC,No,DEALERSHIP,52570,2500,51490,5,  Extended  ,43,4.45,software,No,15.5,34390,390.43
501782,2142,19/9/2024,7-Oct-24,corporate,,thailand,,FamilyEV XL,50,305,AC,No,DEALERSHIP,45740,0,47060,6,PREMIUM,34,7.2,none,No,15,25320,452.68
501783,1395,12/5/2022,12-17-2022,CORPORATE,WEST,INDONESIA,JAKARTA,VoltX S,75,523,  AC  ,Yes,dealership,36980,0,35550,5,Standard,28,9.6,none,No,19.5,26100,406.86
501784,2555,12/7/2022,07-26-2022,  Corporate  ,,Singapore,singapore,FamilyEV XL,60,340,supercharger,Yes,DEALERSHIP,36550,0,36200,7,extended,54,6.4,none,No,14.7,21270,407.37
501785,1260,10/10/2022,10-24-2022,PERSONAL,SOUTH,MALAYSIA,  Johor Bahru  ,EcoRide 5,50,255,HOME CHARGER,No,  Dealership  ,47940,0,48250,8,Standard,69,8.7,None,No,17.8,13930,504.12
501786,1804,25/1/2023,1/2/2023,Fleet,  West  ,malaysia,KUALA LUMPUR,FamilyEV XL,90,489,,Yes,online,"44,700",1000,"42,750",5,standard,57,,None,No,17,21560 km,100
501787,1933,26-Sep-24,10-14-2024,personal,south,thailand,Chiang Mai,VoltX Pro,90,457,AC,No,  Online  ,51800,2500,48670,5,PREMIUM,28,8.8,None,No,16.1,19040,780.52
501788,2279,9/6/2023,12/6/2023,FLEET,  East  ,Thailand,Bangkok,EcoRide 5,75,514,AC,No,online,42680,0,43320,6,  Extended  ,33,8.6,CHARGING,No,12.9,14890,652.59
501789,2757,10-21-2023,1/11/2023,Personal,south,Singapore,Singapore,EcoRide 3,50,300,SUPERCHARGER,No,  Online  ,39600,0,40200,5,Extended,41,6.4,  Charging  ,No,16.5,27320,532.1
501790,1904,17/12/2023,31/12/2023,personal,SOUTH,thailand,Bangkok,VoltX S,75,508,  Supercharger  ,Yes,  Dealership  ,43050,2500,42310,7,  Premium  ,67,4.15,None,No,15.1,20140,667.46
501791,2249,6/9/2024,16/6/2024,  Personal  ,  West  ,thailand,CHIANG MAI,EcoRide 3,50 kWh,293,Home Charger,No,Dealership,"44,910",0,"44,190",5,EXTENDED,63,5,None,No,,9540 km,228.65
501792,2076,28-Mar-23,2-Apr-23,personal,East,  Indonesia  ,  Surabaya  ,FamilyEV XL,,,  AC  ,Yes,  Corporate Fleet  ,30770,0,29840,3,extended,48,9,NONE,No,18.9,22010,150.69
501793,1939,4/3/2023,11/3/2023,,south,Thailand,CHIANG MAI,UrbanEV,,3000,supercharger,No,Dealership,48310,7500,,7,  Standard  ,63,10,None,No,15.2,22140,122.17
501794,2890,11-Nov-24,15-Nov-24,corporate,SOUTH,INDONESIA,JAKARTA,FamilyEV XL,50,292,DC Fast,No,  Dealership  ,46000,0,45750,6,EXTENDED,37,8.2,battery,No,14.3,27280,586.55
501795,2523,6/1/2024,17/6/2024,fleet,North,Malaysia,KUALA LUMPUR,UrbanEV,80,507,HOME CHARGER,No,ONLINE,51630,1000,48730,5,  Extended  ,50,,None,No,14.3,22840,528.24
501796,2529,11/9/2022,11-13-2022,Personal,east,  Thailand  ,,EcoRide 3,50,296,DC FAST,No,dealership,50460,0,50860,7,Extended,43,7.3,  Motor  ,No,16.3,17710,571.93
501797,1853,19-Apr-24,4-May-24,  Corporate  ,north,vietnam,HO CHI MINH CITY,EcoRide 3,60,322,  DC Fast  ,Yes,DEALERSHIP,52580,5000,46500,7,Extended,41,4.2,motor,No,20.1,25490,687.15
501798,2387,3-Jun-23,12/6/2023,  Personal  ,NORTH,Malaysia,kuala lumpur,UrbanEV,100,626,Supercharger,No,DEALERSHIP,56760,2500,53870,4,  Extended  ,54,3.25,none,No,20.5,17460,100
501799,2303,10-Jan-23,22/1/2023,corporate,,INDONESIA,SURABAYA,VoltX Pro,90,570,SUPERCHARGER,Yes,  Dealership  ,45980,0,44560,5,  Premium  ,50,9.4,SOFTWARE,No,10,26940,259.74
501800,1592,27-Mar-23,11-Apr-23,CORPORATE,  East  ,Thailand,bangkok,VoltX S,80,463,  AC  ,No,DEALERSHIP,29550,2500,28160,5,EXTENDED,37,3.4,  None  ,No,21.6,30090,
501801,1713,11/10/2024,29/10/2024,Personal,west,malaysia,JOHOR BAHRU,EcoRide 5,75,430,AC,Yes,  Online  ,51030,0,51440,6,STANDARD,42,,none,No,16.6,4640,633.12
501802,2181,18/8/2023,3-Sep-23,CORPORATE,east,THAILAND,Bangkok,EcoRide 3,50,266,DC FAST,Yes,dealership,53390,1000,51100,5,,45,6,other,No,12.9,16760,529.76
501803,1631,05-15-2023,28/5/2023,Personal,west,  Malaysia  ,kuala lumpur,VoltX S,90,563,AC,Yes,Dealership,43410,2500,41110,3,  Extended  ,58,7.5,software,No,16.8,25250,1026.72
501804,1058,4/9/2023,21-Apr-23,Personal,West,VIETNAM,  Ho Chi Minh City  ,EcoRide 5,50,291,DC FAST,Yes,DEALERSHIP,30880,0,31550,4,STANDARD,33,7.6,none,No,14.5,22650,281.37
501805,2750,04-23-2022,1/5/2022,personal,WEST,indonesia,jakarta,FamilyEV XL,75,370,HOME CHARGER,No,  Online  ,52280,1000,51070,4,Premium,54,6.3,  Battery  ,No,22,31080,604.46
501806,1127,1/11/2024,11/7/2024,Personal,east,Malaysia,penang,EcoRide 5,60,324,DC FAST,No,online,44860,1000,45520,4,  Standard  ,53,8.4,  Charging  ,Yes,15.3,30760,690.05
501807,1735,27/11/2022,11-30-2022,corporate,south,  Malaysia  ,shah alam,EcoRide 3,70,436,supercharger,No,dealership,35660,5000,31700,5,extended,53,7.2,CHARGING,No,14.1,28480,792.94
501808,1720,20/5/2022,29/5/2022,personal,West,THAILAND,bangkok,VoltX Pro,50,293,  Supercharger  ,Yes,dealership,43130,7500,35150,6,  Premium  ,43,10,NONE,No,23.3,10190,458.98
501809,2905,20/6/2024,1/7/2024,personal,South,Malaysia,JOHOR BAHRU,VoltX Pro,100,555,SUPERCHARGER,Yes,ONLINE,44970,2500,42240,3,extended,32,6.8,charging,No,18.2,20860,239.55
501810,2138,1/6/2023,11-Jun-23,fleet,NORTH,Malaysia,Shah Alam,VoltX S,75,452,Home Charger,No,DEALERSHIP,43130,5000,36890,5,  Extended  ,68,8.6,charging,No,,26480,631.21
501811,2232,23/7/2023,30-Jul-23,Corporate,South,  Singapore  ,Singapore,FamilyEV XL,70,396,Supercharger,Yes,ONLINE,41460,2500,37260,5,  Premium  ,41,7.9,None,No,,21810,558.36
501812,1525,25/4/2024,16-May-24,,North,MALAYSIA,kuala lumpur,VoltX S,50,287,dc fast,No,  Online  ,"51,660",5000,"45,790",5,  Extended  ,,7.7,none,No,20.9,"21,120",615.11
501813,1520,28-Dec-24,9/1/2025,corporate,West,  Malaysia  ,PENANG,UrbanEV,80,471,AC,Yes,DEALERSHIP,54460,1000,52760,5,  Premium  ,39,8.1,  None  ,No,15.2,30660,770.11
501814,1551,28-Apr-22,11/5/2022,  Fleet  ,East,Indonesia,  Jakarta  ,VoltX Pro,90,601,DC FAST,No,dealership,58520,2500,57350,4,extended,29,9.1,  None  ,No,14.6,24510,452.48
501815,2985,6/6/2024,06-23-2024,PERSONAL,East,  Vietnam  ,HO CHI MINH CITY,VoltX S,90,601,ac,No,dealership,37970,5000,31600,5,  Extended  ,58,5.2,  None  ,No,17.3,20230,292.28
501816,1236,12-18-2024,26/12/2024,Personal,east,indonesia,  Jakarta  ,UrbanEV,75,391,AC,No,online,54110,5000,49210,6,extended,27,8.1,  Charging  ,No,16.5,13700,613.33
501817,2304,22/11/2024,12/9/2024,PERSONAL,South,Indonesia,surabaya,FamilyEV XL,,478,supercharger,No,ONLINE,46340,0,46550,3,,29,6.8,  Charging  ,No,14.9,34040,
501818,2382,19-Feb-22,26-Feb-22,Personal,north,MALAYSIA,  Kuala Lumpur  ,EcoRide 5,60,325,dc fast,No,online,47630,0,46920,4,PREMIUM,58,6.9,NONE,No,16.9,24120,436.53
501819,2224,01-19-2022,9-Feb-22,FLEET,  East  ,malaysia,kuala lumpur,VoltX S,70,390,AC,No,Online,53500,5000,49520,6,premium,33,4.2,Software,No,22.2,18730,297.76
501820,2781,27/12/2023,17/1/2024,personal,EAST,malaysia,SHAH ALAM,UrbanEV,75,394,Home Charger,Yes,  Dealership  ,44650,2500,41840,5,extended,48,9.7,Software,No,20.1,28520,568.41
501821,2301,16/7/2022,07-28-2022,,south,Indonesia,Jakarta,VoltX Pro,100,565,dc fast,Yes,online,43720,7500,35630,8,STANDARD,29,10,  None  ,No,18.2,10780,671.3
501822,2258,13-Jul-23,27/7/2023,personal,west,VIETNAM,HANOI,EcoRide 5,50,276,DC Fast,No,  Corporate Fleet  ,40150,5000,36790,7,STANDARD,51,7.1,None,No,16,34260,181.74
501823,1493,28-Mar-23,4/3/2023,  Personal  ,north,Thailand,Bangkok,VoltX S,90,577,SUPERCHARGER,No,dealership,36830,5000,30990,5,  Standard  ,44,3.7,none,No,16.6,26280,508.78
501824,1003,16/10/2022,5/11/2022,  Personal  ,north,  Indonesia  ,  Jakarta  ,VoltX Pro,50,283,DC FAST,No,Dealership,40570,1000,40350,6,Standard,69,,NONE,No,19.1,37360,617.99
501825,1665,26/1/2023,13-Feb-23,CORPORATE,  North  ,  Thailand  ,  Bangkok  ,EcoRide 5,70,366,ac,No,corporate fleet,46200,1000,,4,standard,65,5.3,none,No,18.8,26430,860.05
501826,1441,3/8/2022,08-13-2022,Corporate,SOUTH,MALAYSIA,Johor Bahru,EcoRide 3,80,480,supercharger,Yes,Online,44650,2500,40930,4,PREMIUM,26,8.7,  None  ,No,17.2,23670,513.36
501827,1028,8/3/2022,9/8/2022,Corporate,  West  ,  Singapore  ,SINGAPORE,VoltX Pro,80,474,AC,No,Online,42340,5000,37010,7,Premium,47,6.7,,No,20.3,17770,810.97
501828,2132,8/5/2022,22/5/2022,,west,MALAYSIA,KUALA LUMPUR,EcoRide 3,75,442,,Yes,dealership,42550,2500,42410,5,  Standard  ,58,8.5,None,No,13.5,18930,667.68
501829,1609,30/1/2024,3/2/2024,GOVERNMENT,South,malaysia,  Johor Bahru  ,FamilyEV XL,75,468,ac,No,online,52360,1000,49920,4,Extended,53,6.7,  None  ,No,20,13320,671.76
501830,2750,8/2/2023,14/2/2023,PERSONAL,East,thailand,,VoltX S,80,519,  DC Fast  ,Yes,corporate fleet,,5000,40530,8,Extended,,6.3,OTHER,No,18.9,35840,338.87
501831,1804,11-18-2024,11-25-2024,PERSONAL,EAST,Singapore,  Singapore  ,UrbanEV,75,442,AC,Yes,  Corporate Fleet  ,38050,2500,36780,3,Standard,59,3.15,  Software  ,No,12.7,22930,995.42
501832,1074,4/12/2022,9/12/2022,government,North,thailand,  Bangkok  ,VoltX S,80,489,supercharger,Yes,Corporate Fleet,,5000,39470,5,Premium,54,4.3,SOFTWARE,No,15,28090,
501833,1837,4/10/2024,21-Apr-24,Personal,  North  ,thailand,Chiang Mai,VoltX Pro,70,413,AC,No,  Corporate Fleet  ,49310,1000,47710,3,Standard,27,6,NONE,No,21.5,29210,540.71
501834,2169,15/12/2023,4/1/2024,FLEET,WEST,Malaysia,  Kuala Lumpur  ,EcoRide 3,75,465,Home Charger,No,dealership,51700,0,51830,5,Premium,34,8.8,BATTERY,No,18.6,20430,503.94
501835,1127,27/12/2022,9-Jan-23,Personal,EAST,singapore,singapore,EcoRide 3,80,433,Home Charger,No,  Dealership  ,48950,1000,47730,5,extended,58,10,NONE,No,16.7,16380,748
501836,2876,07-23-2023,07-28-2023,fleet,  West  ,Singapore,  Singapore  ,EcoRide 5,75,469,dc fast,Yes,ONLINE,50940,1000,50450,6,Extended,25,,battery,No,18,16980,891.72
501837,1041,6/8/2022,10/8/2022,Corporate,  South  ,  Malaysia  ,  Kuala Lumpur  ,VoltX S,50 kWh,306,DC FAST,Yes,  Dealership  ,"48,540",7500,"40,780",8,PREMIUM,30,5.6,  None  ,Yes,17,11170 km,631.92
501838,2379,21/7/2022,1/8/2022,  Personal  ,  East  ,Indonesia,SURABAYA,VoltX S,90,505,  Supercharger  ,No,  Online  ,30950,0,30960,5,STANDARD,30,3,  None  ,No,18.1,14170,423.25
501839,1040,17-Jan-22,2/2/2022,FLEET,  North  ,  Singapore  ,SINGAPORE,VoltX Pro,50,344,AC,Yes,DEALERSHIP,43880,5000,38750,4,premium,67,8.7,  Other  ,No,19.8,25750,839.68
501840,1933,18-Nov-22,11-24-2022,Personal,SOUTH,  Thailand  ,  Chiang Mai  ,EcoRide 3,60,327,  AC  ,No,  Corporate Fleet  ,44370,7500,36050,7,extended,40,6.4,NONE,No,22.4,29160,247.66
501841,1033,2/6/2023,13/6/2023,FLEET,east,  Indonesia  ,  Jakarta  ,VoltX Pro,80,491,ac,No,  Online  ,59280,0,57430,5,,,8.9,  None  ,No,14.1,22040,360.86
501842,2040,12/11/2023,27/11/2023,PERSONAL,South,indonesia,Surabaya,VoltX Pro,60,337,  DC Fast  ,Yes,online,50320,5000,47240,5,  Extended  ,29,5.4,none,No,20.5,28460,222.43
501843,2700,3/1/2023,03-21-2023,personal,north,indonesia,  Surabaya  ,FamilyEV XL,80,498,  AC  ,No,dealership,42960,1000,41130,4,Standard,49,7.9,  None  ,No,15.9,28630,426.6
501844,2176,15-Oct-24,11/1/2024,personal,south,Malaysia,  Johor Bahru  ,EcoRide 3,90,612,AC,No,  Dealership  ,39590,5000,33820,3,EXTENDED,51,4.7,None,No,13.3,19800,700.82
501845,1997,22/1/2023,3/2/2023,  Personal  ,north,  Malaysia  ,  Shah Alam  ,VoltX Pro,75,473,  DC Fast  ,No,dealership,42590,0,42790,5,EXTENDED,66,5.7,charging,No,20.9,29610,455.38
501846,2401,17/2/2024,3/6/2024,CORPORATE,EAST,MALAYSIA,Kuala Lumpur,EcoRide 3,80,3000,  AC  ,No,dealership,39340,7500,30810,5,  Premium  ,62,7.8,NONE,No,14.9,20860,511.78
501847,1587,8-Apr-22,22/4/2022,  Personal  ,south,  Malaysia  ,Penang,VoltX Pro,50,319,  AC  ,No,dealership,60260,2500,58680,4,  Premium  ,67,7.8,None,No,,19000,572.87
501848,2622,27-Jul-22,3/8/2022,  Personal  ,North,VIETNAM,  Ho Chi Minh City  ,UrbanEV,75,432,home charger,No,ONLINE,44890,5000,40140,3,  Extended  ,50,8.9,battery,No,20.2,22600,454.29
501849,2652,9/8/2023,13/8/2023,personal,NORTH,Thailand,  Bangkok  ,VoltX Pro,90,,Supercharger,Yes,Dealership,50770,2500,48000,4,  Premium  ,40,7,Software,No,22.8,12130,276.66
501850,2897,06-15-2022,27-Jun-22,personal,North,malaysia,  Shah Alam  ,VoltX Pro,50,302,ac,Yes,dealership,48610,2500,45610,3,STANDARD,69,5.9,OTHER,No,20.7,21740,169.21
501851,1341,22/1/2022,25-Jan-22,CORPORATE,east,MALAYSIA,KUALA LUMPUR,UrbanEV,75,414,AC,Yes,  Online  ,49600,0,48400,3,  Standard  ,68,4.2,NONE,No,20.9,5840,761.29
501852,1026,6/3/2022,12/6/2022,government,  North  ,MALAYSIA,PENANG,VoltX S,80,535,DC FAST,Yes,  Dealership  ,38840,0,39150,5,  Extended  ,50,5,  None  ,No,20.5,26730,372.98
501853,2848,7/8/2022,08-26-2022,  Personal  ,west,Thailand,Chiang Mai,EcoRide 3,80,520,  AC  ,Yes,DEALERSHIP,54360,1000,53500,6,extended,69,9.3,none,No,17.7,12940,362.91
501854,2310,10-31-2023,11-18-2023,  Corporate  ,north,,Chiang Mai,EcoRide 5,50,283,Home Charger,No,corporate fleet,44380,5000,,6,standard,61,4,charging,No,21.1,21950,201.14
501855,1645,18/8/2022,23-Aug-22,FLEET,NORTH,indonesia,  Jakarta  ,UrbanEV,70 kWh,449,SUPERCHARGER,No,Dealership,"55,500",0,"56,020",6,EXTENDED,52,3.95,NONE,No,16.2,"32,390",472.52
501856,1730,20-Jan-22,5/2/2022,Personal,west,Vietnam,Hanoi,VoltX S,80,442,  Home Charger  ,Yes,  Corporate Fleet  ,,7500,42060,4,EXTENDED,52,8.6,  Charging  ,No,15.1,22500,608.51
501857,1167,7/7/2023,19-Jul-23,fleet,east,malaysia,  Penang  ,VoltX Pro,70,433,SUPERCHARGER,Yes,online,57280,5000,52290,3,STANDARD,54,9.4,OTHER,No,18.8,8750,427.15
501858,1609,7/8/2024,08-16-2024,personal,  North  ,MALAYSIA,Shah Alam,FamilyEV XL,75,451,  DC Fast  ,No,Corporate Fleet,,1000,47950,5,  Extended  ,37,5,None,No,20.7,22900,570.19
501859,1267,05-28-2022,16-Jun-22,  Fleet  ,west,Malaysia,kuala lumpur,VoltX S,70,467,SUPERCHARGER,Yes,  Online  ,43700,1000,41740,5,standard,49,5.3,  None  ,No,16.5,20210,104.76
501860,2772,2/7/2023,15/2/2023,Corporate,south,Malaysia,  Johor Bahru  ,UrbanEV,50,307,Supercharger,Yes,Dealership,54840,5000,49680,7,Standard,69,5.1,none,No,15.8,28520,
501861,1820,19/8/2023,25/8/2023,  Personal  ,West,vietnam,ho chi minh city,FamilyEV XL,,323,dc fast,No,  Online  ,45970,0,45550,3,Premium,43,7.5,  None  ,No,12.7,21210,418.19
501862,1454,2-Jan-23,01-21-2023,CORPORATE,EAST,  Thailand  ,chiang mai,VoltX Pro,60,384,ac,No,Dealership,48770,1000,46720,6,STANDARD,37,4.15,charging,No,14.5,29810,211.99
501863,1905,12/3/2024,23-Mar-24,  Corporate  ,east,thailand,  Bangkok  ,VoltX S,50,291,dc fast,No,Online,45620,0,,5,standard,35,9.5,NONE,No,14.9,25050,176.32
501864,2708,7/6/2024,12/7/2024,Personal,WEST,  Singapore  ,singapore,EcoRide 5,100,580,  AC  ,No,ONLINE,41210,7500,33980,6,Extended,47,3.6,  None  ,No,20.7,28120,328.11
501865,2424,14-Mar-22,23/3/2022,FLEET,North,MALAYSIA,Shah Alam,EcoRide 3,60,361,supercharger,Yes,  Dealership  ,43880,2500,41460,5,premium,38,6,None,No,15.8,21350,257.1
501866,1921,26-Apr-23,30/4/2023,PERSONAL,East,malaysia,penang,EcoRide 3,50,289,Supercharger,No,online,49980,1000,48620,6,Extended,34,8.2,  None  ,No,18.4,30980,569.45
501867,1980,14/7/2023,2-Aug-23,government,South,singapore,singapore,UrbanEV,80,537,home charger,No,ONLINE,,1000,51730,5,STANDARD,58,8.4,None,No,12.5,18420,587.03
501868,2499,01-15-2024,25/1/2024,FLEET,NORTH,thailand,Chiang Mai,VoltX Pro,70,,  DC Fast  ,No,Dealership,30860,1000,,5,  Premium  ,64,7.7,none,No,20.9,9170,534.37
501869,1701,4/10/2022,27/4/2022,personal,North,malaysia,PENANG,VoltX Pro,60,,supercharger,Yes,online,47240,0,45540,8,Standard,47,6.3,none,No,17.7,14330,575.26
501870,1633,18/12/2024,4-Jan-25,PERSONAL,NORTH,  Thailand  ,  Bangkok  ,EcoRide 3,80 kWh,457,AC,No,ONLINE,,5000,"39,680",5,STANDARD,64,7,battery,Yes,12.9,22840 km,185.9
501871,2581,05-23-2023,6/2/2023,  Fleet  ,east,indonesia,SURABAYA,VoltX S,60,329,AC,Yes,online,35410,2500,34170,6,Standard,,7.8,Battery,No,,23900,601.6
501872,2599,15/9/2022,10/3/2022,PERSONAL,EAST,singapore,singapore,VoltX Pro,75,479,  Home Charger  ,No,ONLINE,51000,2500,48620,3,  Premium  ,44,5.4,  Other  ,No,,23090,633.35
501873,1129,17-Feb-23,3/10/2023,personal,East,  Thailand  ,  Chiang Mai  ,EcoRide 5,50,299,  Supercharger  ,No,  Dealership  ,57650,0,57780,3,EXTENDED,56,6.7,  Charging  ,No,17.7,30530,
501874,2019,24-Dec-24,6/1/2025,Personal,,Singapore,  Singapore  ,EcoRide 5,50,280,  Supercharger  ,No,  Dealership  ,55370,2500,51820,5,PREMIUM,38,5.9,NONE,No,15.9,23320,480.38
501875,2845,18-Aug-23,08-22-2023,  Personal  ,South,thailand,bangkok,VoltX Pro,80,530,  AC  ,No,dealership,28670,0,26530,5,,48,8.8,Software,No,16.1,24310,351.5
501876,2386,09-23-2022,10/12/2022,Personal,west,indonesia,jakarta,VoltX Pro,100,620,Supercharger,Yes,online,47270,5000,41300,5,extended,42,,None,No,14.5,28860,567.73
501877,2728,31-Mar-24,18/4/2024,  Personal  ,South,Vietnam,ho chi minh city,EcoRide 3,75,456,HOME CHARGER,Yes,DEALERSHIP,40450,5000,36090,3,Standard,54,6,  None  ,No,13.3,10260,423.54
501878,1818,24/10/2023,10-Nov-23,PERSONAL,EAST,MALAYSIA,  Shah Alam  ,UrbanEV,70,424,AC,Yes,Dealership,41860,0,40290,6,Extended,52,3.6,None,No,19.5,27060,684.56
501879,1692,4-Aug-24,19/8/2024,fleet,West,singapore,singapore,EcoRide 3,75,409,supercharger,Yes,online,43230,0,42380,4,  Premium  ,38,9.1,None,No,20,31210,555.47
501880,2315,14-Jul-23,07-31-2023,PERSONAL,west,MALAYSIA,KUALA LUMPUR,UrbanEV,100,622,dc fast,Yes,  Online  ,29440,5000,22870,8,standard,66,8,Software,No,15,27020,466.36
501881,2394,5-Jul-24,7/11/2024,personal,  East  ,malaysia,Penang,EcoRide 5,75,437,AC,No,ONLINE,30590,0,29680,5,Standard,45,9.7,  None  ,No,18.5,24210,431.46
501882,1793,6/9/2024,27/6/2024,Personal,west,thailand,chiang mai,UrbanEV,90,571,supercharger,Yes,  Online  ,45600,2500,44240,4,  Extended  ,58,,NONE,No,14.3,27620,468.28
501883,1028,05-17-2024,31/5/2024,,  South  ,  Vietnam  ,hanoi,EcoRide 3,70,438,AC,Yes,  Online  ,46730,2500,43620,4,Standard,29,,NONE,No,19.4,6980,469.24
501884,1148,2-Sep-23,9/8/2023,Personal,WEST,malaysia,  Johor Bahru  ,VoltX Pro,70,418,  AC  ,No,ONLINE,43630,0,44540,7,standard,55,8.2,Charging,No,16.6,21090,484.43
501885,2802,18/2/2023,23-Feb-23,PERSONAL,  North  ,MALAYSIA,  Shah Alam  ,UrbanEV,75,446,Supercharger,No,DEALERSHIP,36260,2500,33180,5,Standard,27,9.6,none,No,14.8,12910,241.62
501886,2319,25-Jan-22,13/2/2022,personal,  South  ,  Malaysia  ,johor bahru,EcoRide 3,60,400,Supercharger,No,DEALERSHIP,42170,2500,41110,5,PREMIUM,47,3.65,None,No,13.9,24680,547.71
501887,1010,11-Oct-22,10-31-2022,Corporate,north,  Singapore  ,Singapore,EcoRide 5,90,492,AC,No,corporate fleet,55120,2500,52970,5,Standard,63,8.4,CHARGING,No,20.3,14970,534.07
501888,2535,30-May-24,19/6/2024,  Corporate  ,,MALAYSIA,SHAH ALAM,FamilyEV XL,60,346,home charger,No,dealership,42460,1000,41000,7,  Premium  ,68,6.6,  None  ,No,12.8,27950,264.35
501889,1675,28/10/2022,11-16-2022,Corporate,south,MALAYSIA,  Kuala Lumpur  ,UrbanEV,75,484,AC,Yes,Dealership,41480,5000,36320,5,extended,54,,MOTOR,No,16.8,19090,546.05
501890,2136,27/12/2024,10/1/2025,  Corporate  ,north,Thailand,CHIANG MAI,EcoRide 5,60,396,HOME CHARGER,No,Online,53660,0,52220,4,STANDARD,66,7.6,charging,No,11.2,12990,497.68
501891,1186,27-Oct-24,2/11/2024,fleet,north,,SHAH ALAM,EcoRide 5,70,416,supercharger,Yes,ONLINE,43490,1000,41980,5,STANDARD,67,8.9,none,No,14.1,15390,333.97
501892,1806,27/3/2024,10/4/2024,  Personal  ,WEST,  Singapore  ,  Singapore  ,VoltX S,70,400,  DC Fast  ,Yes,  Dealership  ,49760,1000,50180,5,premium,54,7.4,battery,No,13.2,12810,621.26
501893,1743,03-24-2022,10-Apr-22,fleet,West,INDONESIA,jakarta,FamilyEV XL,60,344,AC,Yes,DEALERSHIP,48230,5000,43590,3,EXTENDED,60,8.3,Other,Yes,10,21750,767.82
501894,2250,15/2/2022,5-Mar-22,  Personal  ,  East  ,  Malaysia  ,PENANG,UrbanEV,70,380,AC,Yes,DEALERSHIP,"38,750",0,"36,660",5,STANDARD,62,8.6,  None  ,No,15.4,26320 km,385.45
501895,2333,10-Sep-23,17/9/2023,  Fleet  ,  East  ,Thailand,CHIANG MAI,EcoRide 3,50,340,AC,No,  Dealership  ,38070,5000,32900,5,Standard,31,6.8,None,No,16,17490,520.99
501896,1097,07-16-2024,8/2/2024,  Corporate  ,SOUTH,Thailand,Chiang Mai,UrbanEV,70,416,DC Fast,No,ONLINE,35560,2500,33230,6,Standard,29,,charging,No,13.5,11790,749.77
501897,1054,19/9/2022,8/10/2022,PERSONAL,South,Thailand,  Chiang Mai  ,UrbanEV,75,,dc fast,Yes,online,37930,5000,33680,8,EXTENDED,30,,NONE,No,15.2,21900,100
501898,1622,25/6/2022,15-Jul-22,  Personal  ,West,Singapore,SINGAPORE,FamilyEV XL,,495,AC,No,DEALERSHIP,50790,2500,47920,5,extended,38,10,  None  ,No,16.3,21750,878.57
501899,1663,10-19-2023,26/10/2023,  Personal  ,North,Malaysia,Shah Alam,EcoRide 5,60,396,supercharger,No,DEALERSHIP,39250,2500,36630,5,EXTENDED,35,3.05,Charging,No,11.3,18510,516.07
501900,1757,04-21-2024,5/6/2024,Fleet,  South  ,indonesia,Surabaya,EcoRide 5,,525,,No,ONLINE,44030,5000,40060,3,PREMIUM,61,8.8,none,Yes,17.1,16510,651.51
501901,1405,5/1/2023,26/1/2023,fleet,  South  ,indonesia,SURABAYA,EcoRide 5,,586,DC Fast,No,Dealership,43030,2500,40290,6,STANDARD,26,,  Software  ,Yes,18.8,30960,159.59
501902,1068,02-23-2022,3/10/2022,Corporate,South,  Malaysia  ,  Kuala Lumpur  ,EcoRide 5,60,380,AC,Yes,online,47660,5000,41930,3,  Standard  ,55,8.1,none,No,17.9,17850,227
501903,2335,21/11/2023,11/12/2023,PERSONAL,  South  ,Malaysia,kuala lumpur,FamilyEV XL,100,528,,No,Dealership,35450,0,36290,7,EXTENDED,51,6.6,  Software  ,No,17.9,11910,307.02
501904,2312,1/2/2023,01-18-2023,corporate,EAST,MALAYSIA,  Shah Alam  ,EcoRide 3,100,660,DC FAST,Yes,Online,52690,1000,52540,5,Extended,40,7.9,,No,16.5,21380,288.67
501905,2785,6/10/2023,12/10/2023,,north,malaysia,KUALA LUMPUR,VoltX Pro,70,469,supercharger,No,Dealership,55050,5000,47890,5,PREMIUM,26,6.5,NONE,No,18,25690,100
501906,2571,14/1/2023,01-20-2023,CORPORATE,  East  ,Thailand,BANGKOK,VoltX S,70,427,AC,No,Dealership,44820,5000,40080,5,Extended,50,7.2,None,No,20.2,25230,261.78
501907,1750,03-14-2022,4/4/2022,personal,north,malaysia,  Johor Bahru  ,EcoRide 5,80,450,ac,No,CORPORATE FLEET,,5000,140900,8,Standard,40,8.6,None,No,24.5,10800,333.8
501908,2171,7/3/2024,18/7/2024,personal,North,MALAYSIA,Kuala Lumpur,EcoRide 5,80,507,  AC  ,Yes,  Corporate Fleet  ,38990,2500,36890,8,Standard,33,7.9,,No,13.9,30530,213.28
501909,2490,9-May-24,23/5/2024,  Fleet  ,north,indonesia,Jakarta,VoltX S,,533,AC,Yes,DEALERSHIP,47210,7500,40660,8,Standard,33,8.3,NONE,No,14.5,23470,
501910,2762,12/2/2022,21/2/2022,CORPORATE,west,Malaysia,Shah Alam,EcoRide 5,75,454,ac,Yes,dealership,47610,0,48230,6,  Extended  ,29,6.2,  Other  ,No,14.1,26000,627.49
501911,2267,1/12/2023,26/1/2023,GOVERNMENT,south,  Indonesia  ,surabaya,VoltX Pro,50 kWh,304,DC Fast,No,dealership,"43,200",0,"43,920",4,Extended,60,7.1,None,No,20.8,"40,560",352.87
501912,2514,30/11/2024,6-Dec-24,  Personal  ,east,Thailand,  Chiang Mai  ,UrbanEV,75,430,  DC Fast  ,Yes,ONLINE,52700,0,52040,5,Extended,31,8.9,None,No,21.7,27310,616.06
501913,2872,19/6/2022,23/6/2022,  Personal  ,east,MALAYSIA,KUALA LUMPUR,VoltX S,90,553,supercharger,Yes,online,40970,7500,,4,standard,56,5.5,none,No,19.3,26000,567.13
501914,1957,31-Jul-22,4/8/2022,  Corporate  ,  East  ,  Thailand  ,chiang mai,EcoRide 3,60,325,  DC Fast  ,No,online,51890,1000,51480,6,premium,53,6,other,No,,20420,155.43
501915,2530,2/8/2022,15-Feb-22,  Personal  ,South,Thailand,BANGKOK,VoltX S,70,359,,Yes,  Dealership  ,45010,5000,40080,5,  Standard  ,61,7.5,Battery,No,16.1,21960,585.95
501916,1364,4-Jan-23,16-Jan-23,  Fleet  ,  South  ,Malaysia,Shah Alam,VoltX Pro,75,461,Home Charger,No,dealership,41040,0,39500,5,  Standard  ,27,7.2,,No,18,13570,416.57
501917,1481,27-Jan-24,2/8/2024,PERSONAL,SOUTH,Malaysia,SHAH ALAM,FamilyEV XL,100,642,DC Fast,Yes,  Online  ,50120,1000,50010,3,Standard,54,9.2,  None  ,No,18,22590,638.11
501918,1200,31-May-22,11-Jun-22,  Personal  ,east,Singapore,  Singapore  ,EcoRide 3,70,,dc fast,Yes,DEALERSHIP,44690,2500,40730,6,EXTENDED,64,4.4,None,No,22.8,33380,283.57
501919,1153,6/12/2024,21-Dec-24,  Corporate  ,south,Vietnam,HO CHI MINH CITY,UrbanEV,70,404,HOME CHARGER,Yes,Dealership,51210,2500,49030,8,Extended,55,7.9,none,No,20.2,24980,608.77
501920,2473,20/10/2024,29/10/2024,  Corporate  ,WEST,THAILAND,  Chiang Mai  ,EcoRide 5,75,469,home charger,No,  Dealership  ,65340,0,65550,6,Standard,51,10,  Software  ,Yes,20,37610,710.28
501921,2524,7/1/2024,14/1/2024,personal,  West  ,MALAYSIA,PENANG,VoltX S,75,449,DC Fast,No,DEALERSHIP,38460,1000,38640,7,Extended,30,8.5,NONE,No,15.7,25710,579.69
501922,1072,10/3/2022,22/3/2022,personal,NORTH,  Thailand  ,BANGKOK,EcoRide 3,100,577,dc fast,Yes,online,51170,0,50930,5,  Standard  ,53,5.7,Software,No,18.2,23960,141.6
501923,1712,26/10/2022,7/11/2022,corporate,NORTH,  Singapore  ,singapore,VoltX S,100,612,  DC Fast  ,No,online,49470,2500,44940,3,STANDARD,33,10,none,No,12.1,21030,991.74
501924,1295,8/1/2024,8/9/2024,personal,east,Thailand,Chiang Mai,UrbanEV,80,480,Supercharger,No,Dealership,57460,0,57600,8,Extended,44,7.2,  None  ,No,17.2,35800,619
501925,2040,12/3/2024,2/4/2024,  Corporate  ,SOUTH,,BANGKOK,VoltX S,90,495,  Home Charger  ,Yes,Online,51400,2500,49230,3,Standard,35,,  None  ,No,17.5,18750,452.17
501926,2664,23/10/2022,2-Nov-22,personal,  North  ,  Singapore  ,singapore,EcoRide 3,90,536,AC,No,DEALERSHIP,56010,0,57080,4,STANDARD,43,,none,No,13.2,16910,624.67
501927,2240,22/7/2022,25-Jul-22,  Fleet  ,  West  ,indonesia,SURABAYA,VoltX Pro,100,607,  Supercharger  ,Yes,Dealership,"38,110",2500,"35,080",3,standard,63,6.8,None,No,16.1,"15,830",922.44
501928,1060,2/3/2022,21/3/2022,Corporate,NORTH,Thailand,CHIANG MAI,FamilyEV XL,50,289,supercharger,Yes,  Corporate Fleet  ,"36,070",0,"36,770",5,STANDARD,34,,  None  ,No,21.4,37830 km,217.31
501929,1938,3/8/2024,12-Aug-24,FLEET,  West  ,THAILAND,bangkok,EcoRide 3,100,637,  AC  ,No,dealership,"38,420",1000,"38,320",5,Premium,29,9.1,NONE,No,16.9,"23,030",718.6
501930,2639,20-Aug-24,5/9/2024,Personal,EAST,malaysia,  Kuala Lumpur  ,VoltX S,80,495,Supercharger,Yes,Dealership,43900,1000,,4,premium,63,10,battery,No,18.9,22590,466.72
501931,1041,27/11/2022,16-Dec-22,,  West  ,INDONESIA,Surabaya,UrbanEV,50,294,DC FAST,No,online,54680,5000,50000,8,Premium,47,6.4,None,No,24.2,25640,436.53
501932,1024,12/4/2022,15-Dec-22,  Personal  ,  North  ,Vietnam,ho chi minh city,EcoRide 5,75,454,ac,Yes,Corporate Fleet,56240,2500,52270,7,standard,30,9.9,None,No,15.6,20240,448.49
501933,2062,10/1/2023,20/10/2023,  Personal  ,North,  Malaysia  ,Johor Bahru,EcoRide 5,90,526,Home Charger,No,  Dealership  ,42450,5000,38010,4,premium,55,6.8,None,No,19.6,16650,100
501934,2826,2-Oct-22,9/10/2022,GOVERNMENT,East,singapore,,UrbanEV,90,532,DC Fast,Yes,Online,44210,5000,39430,6,extended,42,8.5,NONE,No,16.4,16320,596.1
501935,1130,15-Nov-22,25/11/2022,corporate,  North  ,  Malaysia  ,KUALA LUMPUR,VoltX S,50,296,DC FAST,No,DEALERSHIP,"36,800",2500,"33,060",7,Premium,45,8.3,none,No,20.3,"16,080",100
501936,2521,12-Aug-23,08-20-2023,fleet,  South  ,  Indonesia  ,SURABAYA,FamilyEV XL,60,318,supercharger,Yes,ONLINE,45510,5000,40110,5,PREMIUM,39,10,NONE,No,16.9,7990,395.47
501937,2252,19/5/2023,1-Jun-23,  Personal  ,  South  ,Thailand,CHIANG MAI,UrbanEV,80,481,  Home Charger  ,No,  Online  ,43610,2500,42190,4,  Extended  ,55,9.2,none,No,20.2,22410,399.45
501938,1107,22-Jan-23,12-Feb-23,  Personal  ,  North  ,MALAYSIA,,VoltX S,80,490,  Home Charger  ,Yes,DEALERSHIP,43630,2500,41330,4,STANDARD,,7.3,NONE,No,21.1,11090,423.52
501939,1171,19-May-24,25-May-24,personal,  North  ,INDONESIA,surabaya,EcoRide 3,80,559,dc fast,No,Dealership,"53,270",2500,"50,090",6,Extended,30,4.8,software,No,16.4,"25,850",100
501940,2458,12/4/2024,2/5/2024,  Fleet  ,West,  Malaysia  ,shah alam,FamilyEV XL,,556,  DC Fast  ,No,dealership,47830,1000,46060,5,standard,48,7.9,none,No,20.2,27850,678.08
501941,2501,11/10/2024,10-14-2024,corporate,  North  ,  Indonesia  ,  Surabaya  ,VoltX Pro,70,402,ac,Yes,  Dealership  ,35850,1000,35850,6,STANDARD,57,4.5,NONE,No,11.8,17780,131.88
501942,1101,26/8/2023,10-Sep-23,  Personal  ,north,Singapore,Singapore,VoltX S,90,481,dc fast,Yes,dealership,27150,2500,24160,6,standard,52,8.4,none,No,17.4,24360,314.75
501943,1865,22-Nov-23,12/8/2023,Corporate,  East  ,  Malaysia  ,Penang,EcoRide 5,70,390,home charger,No,  Dealership  ,48860,2500,46580,5,EXTENDED,52,7.7,  None  ,No,20.9,27090,390.98
501944,1523,5/9/2023,12/5/2023,PERSONAL,,malaysia,Shah Alam,EcoRide 5,,522,SUPERCHARGER,Yes,  Online  ,46630,1000,45220,4,  Standard  ,34,6,NONE,No,24.1,32530,437.12
501945,1274,5-May-23,05-18-2023,PERSONAL,SOUTH,Malaysia,Johor Bahru,FamilyEV XL,75,436,AC,No,online,47640,0,45430,4,premium,,8.3,  None  ,No,13.2,19270,576.2
501946,2636,22/12/2023,10/1/2024,Personal,north,Thailand,bangkok,VoltX Pro,90,531,  AC  ,Yes,Online,46630,1000,44980,3,STANDARD,,,  None  ,No,13.6,12110,503.93
501947,2067,24/5/2023,30-May-23,personal,east,THAILAND,Bangkok,VoltX S,75 kWh,438,home charger,No,Online,,7500,,3,  Extended  ,61,6.2,software,No,15.4,15660 km,886.21
501948,2978,01-25-2023,8/2/2023,  Personal  ,west,  Malaysia  ,  Johor Bahru  ,VoltX Pro,70,414,Supercharger,No,Corporate Fleet,43670,0,45810,4,standard,38,9.2,,No,17.5,10370,569.6
501949,1816,22/10/2022,11/3/2022,government,  West  ,malaysia,  Penang  ,EcoRide 3,,466,dc fast,Yes,  Dealership  ,42860,2500,39590,6,Premium,38,7.1,Battery,No,15.1,25340,555.09
501950,1956,6/3/2024,14-Mar-24,Personal,EAST,Malaysia,JOHOR BAHRU,VoltX Pro,70,421,  DC Fast  ,Yes,ONLINE,44430,7500,37260,4,  Extended  ,31,2.65,BATTERY,No,19.7,3000,384.85
501951,2040,14/5/2024,05-17-2024,corporate,South,thailand,bangkok,EcoRide 3,50,282,  AC  ,Yes,Dealership,51150,1000,52480,5,standard,60,8,  Battery  ,No,16.2,14980,560.65
501952,1329,3-Jul-23,12/7/2023,personal,east,Thailand,Bangkok,EcoRide 5,80,440,Supercharger,Yes,  Corporate Fleet  ,40960,5000,37160,4,EXTENDED,42,7.8,  Motor  ,No,14.9,22080,402.3
501953,2592,11/10/2023,29-Oct-23,Government,  North  ,malaysia,Johor Bahru,EcoRide 3,90,531,dc fast,Yes,ONLINE,36910,5000,30700,5,  Standard  ,39,7.9,None,No,13.9,14450,404.15
501954,2846,22-Jul-23,7/8/2023,fleet,east,  Thailand  ,bangkok,VoltX S,90,556,supercharger,No,  Dealership  ,"54,380",1000,,6,extended,57,7.9,none,No,17.2,"15,980",1134.15
501955,2520,2/5/2024,10-May-24,  Corporate  ,EAST,malaysia,  Shah Alam  ,FamilyEV XL,90,500,DC Fast,No,online,,0,40150,4,  Standard  ,46,6.5,software,No,18.4,27800,808.55
501956,2838,9-Feb-24,02-16-2024,personal,west,  Vietnam  ,Hanoi,FamilyEV XL,90,519,DC Fast,Yes,Dealership,53070,0,54340,5,  Standard  ,67,3.7,None,No,19.7,14160,326.25
501957,1011,21-Mar-23,10/4/2023,corporate,south,  Vietnam  ,ho chi minh city,VoltX S,90,535,ac,No,  Corporate Fleet  ,60060,1000,57860,6,  Extended  ,65,4.8,Other,No,15.8,18800,629.8
501958,2341,29/12/2022,15/1/2023,  Corporate  ,North,THAILAND,BANGKOK,VoltX S,70,415,HOME CHARGER,Yes,  Dealership  ,55550,7500,48820,5,  Standard  ,41,9.3,None,No,18.4,28500,
501959,2615,3/5/2022,11/5/2022,  Personal  ,  East  ,VIETNAM,HO CHI MINH CITY,VoltX S,100,630,home charger,Yes,DEALERSHIP,49650,1000,49350,3,extended,50,7.5,  None  ,No,21.7,19390,367.45
501960,1215,12/1/2024,2/2/2024,personal,East,INDONESIA,SURABAYA,UrbanEV,,478,  Supercharger  ,Yes,Dealership,43610,5000,38310,6,Extended,39,4.45,None,No,20.7,38830,916.85
501961,1338,11/11/2023,14/11/2023,PERSONAL,WEST,indonesia,Surabaya,EcoRide 3,,609,Home Charger,No,Dealership,51390,0,53530,4,Extended,64,8.1,,No,15.7,29670,459.89
501962,2799,02-24-2023,27/2/2023,Corporate,North,  Thailand  ,  Chiang Mai  ,VoltX S,70,454,  Supercharger  ,No,  Online  ,44840,7500,36430,5,,42,7.5,None,No,19,30040,777.01
501963,1660,2/4/2022,17-Apr-22,Personal,south,MALAYSIA,  Kuala Lumpur  ,FamilyEV XL,60,351,AC,Yes,Online,54910,1000,54270,4,  Extended  ,,9.9,motor,No,16.5,12280,368.27
501964,2104,4/3/2022,9/3/2022,Personal,east,MALAYSIA,JOHOR BAHRU,VoltX Pro,100,,,Yes,CORPORATE FLEET,49470,2500,47170,5,STANDARD,27,6.7,NONE,No,15.7,21310,719.97
501965,2750,27/5/2023,8/6/2023,PERSONAL,SOUTH,Malaysia,penang,VoltX Pro,70,403,AC,Yes,online,47650,0,48030,6,Premium,,8.5,  None  ,No,14.2,20010,767.17
501966,2508,2/11/2024,16/2/2024,  Personal  ,west,thailand,Bangkok,UrbanEV,80,489,  DC Fast  ,No,ONLINE,"45,340",1000,"45,500",6,premium,58,5.5,none,No,,"19,150",306.03
501967,1373,09-13-2022,24/9/2022,CORPORATE,south,MALAYSIA,johor bahru,EcoRide 3,90,563,,Yes,Dealership,41540,0,40200,7,EXTENDED,57,8.5,None,No,14.9,18250,434.32
501968,1975,05-15-2022,25/5/2022,PERSONAL,WEST,malaysia,JOHOR BAHRU,EcoRide 3,70,422,DC Fast,No,corporate fleet,44980,0,45140,5,  Premium  ,61,7,  None  ,No,16.5,21060,482.7
501969,1709,05-24-2024,29/5/2024,FLEET,  East  ,singapore,singapore,EcoRide 3,100,561,  Supercharger  ,No,Dealership,47050,0,49020,7,Premium,25,3.7,none,No,11.3,5190,826.87
501970,2223,1-Apr-24,16-Apr-24,CORPORATE,WEST,MALAYSIA,KUALA LUMPUR,FamilyEV XL,75,400,ac,Yes,Dealership,43200,2500,41500,5,Standard,59,7.6,NONE,No,20.3,15510,810.62
501971,2560,03-29-2022,6/4/2022,Personal,  South  ,  Thailand  ,  Bangkok  ,FamilyEV XL,100 kWh,622,AC,No,  Dealership  ,"47,090",1000,"45,430",5,STANDARD,34,4.7,  Other  ,No,16.9,33780 km,420.85
501972,1465,14-Sep-24,09-29-2024,  Fleet  ,west,Vietnam,hanoi,UrbanEV,90,530,  Supercharger  ,Yes,DEALERSHIP,51900,2500,48600,7,STANDARD,43,2.8,,No,20.6,18250,423.25
501973,2112,4/2/2024,16-Apr-24,  Personal  ,South,Thailand,CHIANG MAI,EcoRide 3,100,592,  Supercharger  ,No,dealership,"46,940",2500,"44,960",5,Premium,35,9.2,  Software  ,No,18.1,"17,420",549.03
501974,2291,23/10/2024,7-Nov-24,Fleet,EAST,  Thailand  ,Chiang Mai,EcoRide 3,50,330,DC Fast,Yes,Corporate Fleet,41260,5000,35770,5,STANDARD,59,8.2,  None  ,No,17.4,21540,185.71
501975,2678,08-31-2024,4-Sep-24,Personal,  North  ,thailand,  Bangkok  ,VoltX S,60,337,  AC  ,No,  Dealership  ,,5000,20570,3,  Extended  ,26,5,  None  ,No,19.5,22220,754.43
501976,2594,22/7/2024,9/8/2024,CORPORATE,SOUTH,Singapore,singapore,EcoRide 3,80,504,  DC Fast  ,No,DEALERSHIP,53500,5000,47760,6,,27,5.9,Battery,No,17,6230,327.38
501977,2945,1-May-22,5/9/2022,Personal,  South  ,MALAYSIA,Penang,FamilyEV XL,75,428,Supercharger,No,DEALERSHIP,44230,1000,45300,3,PREMIUM,39,9.3,software,No,11.5,22990,519.47
501978,1488,27/11/2024,18/12/2024,personal,south,  Indonesia  ,  Jakarta  ,VoltX S,60,356,SUPERCHARGER,No,Dealership,46400,1000,45750,4,EXTENDED,65,8.7,  None  ,No,17.8,25840,780.28
501979,2900,4/10/2024,19-Oct-24,fleet,West,malaysia,SHAH ALAM,VoltX S,70,390,AC,No,  Online  ,48810,2500,46360,8,STANDARD,52,4.85,  None  ,No,20.3,26120,589.05
501980,2561,13-Jul-24,8/1/2024,  Personal  ,North,malaysia,penang,EcoRide 3,60,342,Home Charger,Yes,  Online  ,48820,2500,,4,STANDARD,26,7.8,  None  ,No,14.4,15430,
501981,1046,10/7/2023,18-Oct-23,corporate,west,  Indonesia  ,  Jakarta  ,VoltX Pro,,,ac,Yes,CORPORATE FLEET,50300,1000,48470,5,PREMIUM,54,4.1,none,No,10.7,32790,295.45
501982,2311,12-15-2023,3/1/2024,Personal,West,  Malaysia  ,PENANG,EcoRide 5,90,587,  AC  ,Yes,  Dealership  ,52060,2500,49500,7,PREMIUM,62,6.7,software,No,14.8,31990,489.02
501983,1777,5/9/2024,13-May-24,Fleet,NORTH,  Malaysia  ,penang,FamilyEV XL,,308,DC Fast,No,Dealership,50290,0,50230,5,PREMIUM,29,7.6,  None  ,No,18,31380,442.14
501984,2039,21-Jan-22,11/2/2022,PERSONAL,East,MALAYSIA,  Shah Alam  ,VoltX Pro,60,367,AC,No,online,25000,0,26660,5,premium,,7.3,none,No,,27510,1024.94
501985,1710,08-30-2022,09-20-2022,  Fleet  ,south,malaysia,Penang,EcoRide 3,100,702,Home Charger,No,Dealership,47750,2500,45370,5,standard,29,6,battery,No,16.7,19560,338.94
501986,1400,31/3/2023,9/4/2023,  Personal  ,NORTH,  Malaysia  ,  Shah Alam  ,EcoRide 3,60,373,ac,No,Dealership,46780,0,47820,4,Extended,36,8.2,  None  ,No,18.2,22030,393.6
501987,2942,08-20-2024,1-Sep-24,personal,south,Malaysia,  Shah Alam  ,VoltX Pro,90,506,  AC  ,No,Dealership,43230,0,43410,8,Standard,,9.4,software,No,14.4,31970,299.54
501988,2817,13/9/2023,25-Sep-23,PERSONAL,west,THAILAND,BANGKOK,EcoRide 3,70,373,  DC Fast  ,No,online,48360,1000,48220,4,EXTENDED,48,9.8,  Charging  ,No,,6030,448.15
501989,1980,30/10/2022,10/11/2022,corporate,  North  ,indonesia,SURABAYA,FamilyEV XL,70,431,dc fast,No,  Online  ,45140,1000,,6,Standard,49,6.8,  None  ,No,19,16880,604.41
501990,2109,13-Mar-24,1-Apr-24,PERSONAL,East,  Malaysia  ,Kuala Lumpur,VoltX S,80,435,ac,No,CORPORATE FLEET,41020,1000,38760,4,standard,,7.9,none,No,14,25210,310.74
501991,1249,08-21-2024,7/9/2024,CORPORATE,  East  ,indonesia,,UrbanEV,100,560,ac,Yes,DEALERSHIP,53660,1000,53580,4,premium,67,7.8,None,No,19.1,20410,570.57
501992,1390,10/3/2022,14/3/2022,  Corporate  ,west,malaysia,Penang,EcoRide 3,100,612,  AC  ,No,dealership,"47,430",0,"48,930",3,EXTENDED,57,5,None,No,14.5,19200 km,257.55
501993,2805,07-15-2022,21/7/2022,personal,north,MALAYSIA,,EcoRide 3,70,449,  DC Fast  ,No,Dealership,46210,0,44500,4,premium,45,10,SOFTWARE,No,15.5,33380,686.48
501994,1334,05-20-2022,10-Jun-22,fleet,  East  ,MALAYSIA,KUALA LUMPUR,VoltX Pro,60,353,Supercharger,No,  Dealership  ,30420,0,30430,5,EXTENDED,47,6,  Battery  ,Yes,17.1,27850,408.56
501995,1628,10/10/2022,29/10/2022,  Personal  ,  East  ,thailand,  Chiang Mai  ,VoltX S,50 kWh,276,,No,dealership,"59,900",1000,"57,400",5,STANDARD,61,8.7,,No,19.5,"28,730",434.62
501996,2542,11/8/2022,15/11/2022,personal,EAST,  Singapore  ,  Singapore  ,VoltX Pro,70,416,DC FAST,No,dealership,31950,1000,30290,6,Extended,61,8.8,Charging,No,16.9,16590,781.39
501997,1136,16/1/2024,25/1/2024,corporate,  West  ,thailand,  Chiang Mai  ,FamilyEV XL,100,589,  DC Fast  ,Yes,dealership,48670,5000,41770,3,Premium,36,7.7,None,No,18.2,18120,412.74
501998,1882,4-Oct-22,24/10/2022,Fleet,  West  ,INDONESIA,jakarta,VoltX Pro,100,605,  Home Charger  ,Yes,  Online  ,49990,2500,47370,5,EXTENDED,61,6.1,Battery,No,21.3,24810,579.43
501999,1687,2-Mar-22,11/3/2022,  Fleet  ,  North  ,SINGAPORE,  Singapore  ,EcoRide 3,90,497,DC FAST,Yes,  Dealership  ,56510,2500,53830,4,premium,45,9.1,Software,No,17.8,25030,641.22
502000,2863,21/2/2022,12/3/2022,Personal,south,  Thailand  ,chiang mai,VoltX S,90,510,  AC  ,Yes,dealership,38270,2500,35570,5,STANDARD,,9.8,none,No,15.1,34950,760.22
502001,2521,2/6/2022,11/6/2022,  Personal  ,South,VIETNAM,hanoi,FamilyEV XL,80,513,  DC Fast  ,Yes,  Online  ,39340,1000,38050,5,STANDARD,67,7.2,Other,No,19.1,24600,565.65
502002,1826,28/6/2023,4-Jul-23,personal,  South  ,  Malaysia  ,JOHOR BAHRU,EcoRide 3,80,504,supercharger,No,DEALERSHIP,50600,7500,43730,5,  Premium  ,57,9.8,  None  ,No,15.4,33610,436.61
502003,1726,21/7/2023,31/7/2023,Corporate,  South  ,  Malaysia  ,  Johor Bahru  ,FamilyEV XL,,388,DC Fast,Yes,  Dealership  ,49560,0,,5,  Standard  ,68,8,software,No,16.1,26550,395.59
502004,2500,14/9/2023,29/9/2023,personal,  South  ,thailand,BANGKOK,EcoRide 3,70,368,ac,No,Dealership,56910,0,55700,6,  Extended  ,30,10,Software,No,18.7,20400,562.97
502005,1593,10-Nov-22,16/11/2022,Corporate,South,THAILAND,chiang mai,EcoRide 3,70,395,AC,Yes,dealership,52610,1000,50770,6,STANDARD,67,10,NONE,No,18.8,16560,348.2
502006,2246,17/3/2024,25-Mar-24,Personal,west,malaysia,JOHOR BAHRU,EcoRide 3,80,512,  Supercharger  ,No,ONLINE,42630,5000,37760,5,  Extended  ,36,8,None,No,16.5,27630,608.05
502007,1989,27/4/2024,5/4/2024,personal,NORTH,malaysia,Johor Bahru,UrbanEV,70,437,ac,No,Dealership,44220,5000,,4,STANDARD,62,8.6,none,No,16.1,19430,540.21
502008,1371,4/7/2022,21/4/2022,PERSONAL,WEST,singapore,SINGAPORE,EcoRide 5,60,370,DC FAST,No,  Online  ,48660,5000,43340,5,Extended,54,6.9,None,No,22.5,21210,266.63
502009,1934,30/5/2024,5/6/2024,,south,Singapore,singapore,VoltX S,50,293,ac,Yes,Corporate Fleet,34300,1000,,7,Premium,61,5.6,NONE,No,10.4,16220,254.29
502010,1994,8-Apr-24,19-Apr-24,personal,east,,  Kuala Lumpur  ,UrbanEV,90,518,  AC  ,No,Online,48930,5000,43470,4,Standard,42,4.2,None,No,18.1,22030,516.54
502011,1401,17-May-22,05-23-2022,corporate,west,  Vietnam  ,ho chi minh city,EcoRide 5,60,361,ac,Yes,Dealership,49430,0,48980,6,Standard,40,2.9,  None  ,No,17.1,26160,442.56
502012,2466,10-26-2024,16/11/2024,Corporate,  South  ,  Indonesia  ,  Surabaya  ,FamilyEV XL,70,407,  AC  ,No,DEALERSHIP,39330,2500,37050,5,standard,69,,none,No,15.7,19170,663.14
502013,2513,7/10/2024,23/10/2024,PERSONAL,south,SINGAPORE,SINGAPORE,EcoRide 5,60,373,AC,Yes,Online,43510,5000,37600,5,STANDARD,31,9.7,  None  ,No,17.9,17010,316.54
502014,1614,19/4/2022,26-Apr-22,Personal,SOUTH,thailand,Chiang Mai,EcoRide 5,90,541,SUPERCHARGER,No,DEALERSHIP,31130,5000,,7,standard,25,3.9,NONE,No,14.1,22470,646.34
502015,2296,1-Jul-23,21/7/2023,Personal,South,indonesia,surabaya,UrbanEV,,421,  DC Fast  ,Yes,CORPORATE FLEET,51500,1000,49240,8,Extended,52,10,battery,No,13.1,25270,652.02
502016,2549,28/11/2024,12/10/2024,corporate,West,Malaysia,shah alam,VoltX S,100,625,,No,ONLINE,47930,2500,46980,4,  Standard  ,68,7.1,  Software  ,Yes,20.1,21930,
502017,2182,24/10/2023,14/11/2023,PERSONAL,  West  ,malaysia,  Johor Bahru  ,VoltX Pro,90,,,No,Online,35850,1000,34030,6,standard,27,3.7,,No,15,35250,455.44
502018,2175,3/1/2023,15-Mar-23,Corporate,north,Singapore,  Singapore  ,EcoRide 5,100,653,HOME CHARGER,Yes,Dealership,37580,0,39020,5,extended,67,7.4,  None  ,Yes,16.6,22700,773.25
502019,1994,09-22-2023,10/12/2023,personal,NORTH,  Indonesia  ,SURABAYA,VoltX Pro,90 kWh,564,Home Charger,No,online,"41,960",2500,"38,710",5,premium,63,7.9,  Other  ,Yes,10.2,25620 km,580.13
502020,1619,18-Sep-22,7-Oct-22,personal,South,Malaysia,shah alam,VoltX Pro,75,471,ac,Yes,  Corporate Fleet  ,50950,0,51780,6,standard,34,7.5,NONE,No,11.8,28180,480.28
502021,1187,28/3/2022,4/10/2022,CORPORATE,north,  Vietnam  ,  Ho Chi Minh City  ,EcoRide 3,70,387,HOME CHARGER,No,  Online  ,48530,0,48170,8,  Extended  ,69,8.7,Software,No,17.8,24780,
502022,2836,10-Apr-23,04-15-2023,Personal,East,  Singapore  ,  Singapore  ,VoltX Pro,,401,  AC  ,Yes,  Dealership  ,39240,2500,36820,5,EXTENDED,38,3.25,NONE,No,20.3,15230,401.73
502023,2121,17/3/2022,5/4/2022,Fleet,NORTH,  Malaysia  ,PENANG,FamilyEV XL,50,297,SUPERCHARGER,No,  Online  ,40850,2500,38950,7,  Standard  ,39,8.2,None,No,14.9,16220,434.43
502024,1130,16-Apr-23,19/4/2023,personal,East,MALAYSIA,Johor Bahru,FamilyEV XL,90,561,ac,No,Online,45370,0,45040,5,extended,30,7.2,  Battery  ,No,21.9,14270,533.71
502025,1804,18/2/2023,7-Mar-23,PERSONAL,  North  ,  Malaysia  ,shah alam,EcoRide 3,60,346,DC FAST,Yes,online,39400,0,37500,5,Extended,63,8.1,Other,No,20.9,12760,784.19
502026,2194,4/4/2024,15-Apr-24,personal,south,indonesia,SURABAYA,VoltX S,50,294,DC FAST,Yes,dealership,41360,5000,35720,5,extended,69,3.2,CHARGING,No,19.7,23910,315.84
502027,1935,06-13-2024,30/6/2024,FLEET,East,Vietnam,Ho Chi Minh City,VoltX S,70,436,,No,dealership,49840,0,49330,5,,40,6.7,Software,No,20.3,30680,594.14
502028,1985,27-Dec-23,1-Jan-24,corporate,south,singapore,SINGAPORE,FamilyEV XL,,424,SUPERCHARGER,No,online,36410,2500,35640,5,Premium,42,5,  None  ,No,20.9,27030,420.08
502029,1182,2/4/2023,23/4/2023,Personal,WEST,Vietnam,HO CHI MINH CITY,EcoRide 3,80,491,DC Fast,No,Dealership,44000,7500,36450,5,,59,6.6,None,No,15.4,26930,748.53
502030,1982,10-15-2023,10-30-2023,corporate,West,indonesia,  Jakarta  ,VoltX S,50,284,  DC Fast  ,Yes,DEALERSHIP,43480,2500,41150,6,Standard,49,8.8,,No,15.6,14820,653.14
502031,1363,3/11/2023,17-Nov-23,  Personal  ,South,singapore,  Singapore  ,EcoRide 5,70,411,Home Charger,Yes,  Online  ,44700,0,44580,6,extended,57,3.6,NONE,No,19.1,25450,484.71
502032,1038,10-May-23,13-May-23,  Personal  ,NORTH,  Thailand  ,  Bangkok  ,VoltX S,75,436,Home Charger,No,  Online  ,46850,1000,46070,5,standard,57,6.5,motor,No,13.3,25710,619.41
502033,2550,4/12/2024,23-Dec-24,personal,WEST,singapore,  Singapore  ,EcoRide 3,,600,  Home Charger  ,No,Online,49300,2500,45560,3,Standard,43,8.1,  None  ,No,18,33730,384.72
502034,2911,08-20-2023,4/9/2023,Personal,West,THAILAND,Bangkok,FamilyEV XL,80,466,Home Charger,No,  Online  ,50490,5000,44800,5,,62,6.7,none,No,,24360,373.26
502035,1496,26-Mar-23,29-Mar-23,personal,West,Malaysia,PENANG,EcoRide 5,60,346,AC,Yes,DEALERSHIP,42590,2500,40750,5,EXTENDED,35,4.4,None,No,19.1,34170,1004.67
502036,2539,30-Apr-23,12/5/2023,GOVERNMENT,  North  ,thailand,chiang mai,VoltX Pro,100,605,AC,Yes,DEALERSHIP,43940,0,43720,3,  Standard  ,63,7.8,None,No,18.7,22870,425.44
502037,2372,8/10/2023,10-25-2023,Personal,west,malaysia,Johor Bahru,VoltX Pro,80,547,ac,No,Corporate Fleet,47460,0,47360,5,  Extended  ,27,10,none,No,13.1,25140,535.6
502038,1981,12-Sep-23,09-21-2023,Personal,  South  ,  Indonesia  ,surabaya,VoltX Pro,,561,HOME CHARGER,Yes,DEALERSHIP,46260,1000,45240,7,,62,6,NONE,No,11.9,30150,421.47
502039,1920,11/7/2024,27/11/2024,personal,east,INDONESIA,JAKARTA,FamilyEV XL,90,476,AC,No,online,48990,2500,47180,5,premium,25,8.4,  None  ,No,17.2,23750,242.96
502040,2420,24-Oct-23,11/11/2023,CORPORATE,West,malaysia,penang,EcoRide 3,60,368,  DC Fast  ,Yes,Online,48150,2500,45010,7,STANDARD,64,8.6,  Software  ,No,24.3,11400,295.87
502041,1721,28/1/2024,13-Feb-24,CORPORATE,  North  ,MALAYSIA,Kuala Lumpur,VoltX Pro,75,435,AC,No,Corporate Fleet,39230,0,39330,6,EXTENDED,49,6.5,none,No,14.1,15050,567.69
502042,2184,16/10/2022,5/11/2022,  Personal  ,West,  Singapore  ,SINGAPORE,VoltX S,60,337,AC,No,dealership,58120,5000,50970,4,,56,3.5,NONE,No,16,40650,217.72
502043,1015,22/12/2023,31/12/2023,PERSONAL,South,Thailand,BANGKOK,VoltX Pro,50,314,  AC  ,Yes,  Online  ,45030,2500,40920,6,  Premium  ,60,5.9,BATTERY,No,17.9,22700,357.73
502044,1492,30/9/2023,19/10/2023,PERSONAL,  West  ,malaysia,JOHOR BAHRU,UrbanEV,100,603,dc fast,Yes,ONLINE,49900,5000,44650,5,PREMIUM,28,5.7,Battery,No,15.4,26860,630.44
502045,2449,23-Aug-22,9/12/2022,Personal,SOUTH,thailand,chiang mai,FamilyEV XL,60,420,  AC  ,No,  Dealership  ,49270,1000,,7,,47,3.9,none,No,19,14540,545.29
502046,2131,20/2/2023,3/6/2023,PERSONAL,west,MALAYSIA,Kuala Lumpur,UrbanEV,60,357,DC Fast,No,DEALERSHIP,46900,1000,46880,4,EXTENDED,40,9.2,None,No,19.1,24380,417.52
502047,1893,07-26-2024,5/8/2024,personal,  North  ,MALAYSIA,SHAH ALAM,VoltX Pro,80,473,supercharger,No,  Dealership  ,46840,1000,44770,4,  Premium  ,,3.9,charging,No,21.6,31310,411.34
502048,2473,05-14-2023,18-May-23,personal,east,malaysia,penang,VoltX Pro,75,486,supercharger,No,ONLINE,"51,490",2500,"48,860",4,EXTENDED,46,7.9,None,No,18.6,"8,920",294.05
502049,1310,08-31-2024,9/9/2024,personal,east,malaysia,Penang,UrbanEV,,361,  AC  ,Yes,online,43540,5000,39340,3,,63,6.1,None,No,16,23460,945.85
502050,1738,26-Sep-23,2/10/2023,personal,south,indonesia,Jakarta,FamilyEV XL,50,279,  Home Charger  ,Yes,Dealership,50430,2500,48420,5,  Premium  ,57,4.8,none,No,,23410,303.44
502051,2193,16/10/2024,11/5/2024,  Corporate  ,NORTH,vietnam,HANOI,FamilyEV XL,80,,Supercharger,Yes,online,48520,1000,46980,4,PREMIUM,65,8.5,Software,Yes,16.9,24260,702.11
502052,1545,25/4/2022,3/5/2022,  Corporate  ,east,singapore,  Singapore  ,VoltX Pro,75,440,AC,No,Dealership,53230,2500,50340,5,EXTENDED,62,3.5,BATTERY,No,15.9,36820,100
502053,1413,20/7/2024,31/7/2024,FLEET,North,singapore,singapore,FamilyEV XL,75,470,  Supercharger  ,No,dealership,41530,1000,41000,5,  Premium  ,37,5.3,  Motor  ,No,15.8,20160,675.07
502054,1250,5/11/2023,11-16-2023,PERSONAL,east,  Malaysia  ,SHAH ALAM,EcoRide 5,70,456,SUPERCHARGER,No,Online,45590,5000,41400,4,EXTENDED,45,7.2,  None  ,No,15.5,18700,695.45
502055,1758,31/10/2024,16/11/2024,PERSONAL,south,thailand,  Chiang Mai  ,FamilyEV XL,90,569,DC FAST,No,Dealership,,0,"40,510",5,standard,36,8.4,NONE,Yes,20.3,20780 km,313.55
502056,2804,25/7/2022,4/8/2022,PERSONAL,West,Malaysia,Kuala Lumpur,UrbanEV,100,623,ac,No,Online,52770,0,53580,4,EXTENDED,50,8.6,SOFTWARE,No,20.2,38570,376.52
502057,2164,4-Sep-22,25/9/2022,Corporate,  North  ,Thailand,BANGKOK,EcoRide 3,50,,DC FAST,Yes,dealership,39830,0,40520,4,standard,25,8.3,NONE,No,17.8,23110,713.6
502058,2297,01-28-2024,2-Feb-24,Personal,North,VIETNAM,ho chi minh city,UrbanEV,90,562,SUPERCHARGER,Yes,  Dealership  ,47320,0,47660,6,STANDARD,65,7,NONE,No,15.7,26050,271.66
502059,2439,27-May-22,06-16-2022,  Corporate  ,NORTH,MALAYSIA,  Johor Bahru  ,VoltX S,80 kWh,451,AC,Yes,online,"41,820",0,"41,940",3,,46,8.9,  None  ,No,17.6,5940 km,587.37
502060,2631,04-28-2022,5/5/2022,CORPORATE,south,Indonesia,Jakarta,EcoRide 5,80,473,supercharger,Yes,Dealership,52990,0,52620,5,Premium,51,4,None,No,14.8,22790,364.58
502061,2762,02-16-2023,4/3/2023,  Personal  ,  North  ,MALAYSIA,Kuala Lumpur,EcoRide 3,50,290,DC FAST,Yes,ONLINE,44590,1000,44090,4,PREMIUM,56,3.35,charging,No,16.7,20790,680.12
502062,2914,12-29-2022,4-Jan-23,Fleet,south,  Malaysia  ,  Penang  ,VoltX Pro,75,488,dc fast,No,online,49560,0,49320,7,Standard,32,6.3,None,No,12.5,22650,872.5
502063,2062,05-17-2022,26/5/2022,  Personal  ,west,Malaysia,  Penang  ,VoltX S,,337,DC Fast,Yes,  Online  ,37410,5000,33110,6,standard,58,8.3,NONE,No,16.7,19750,298.78
502064,1813,15-Aug-24,29/8/2024,PERSONAL,,MALAYSIA,PENANG,VoltX S,50,281,AC,No,online,40580,0,,3,PREMIUM,42,9.3,none,No,19.6,12950,617.78
502065,1028,01-19-2022,23-Jan-22,  Personal  ,east,,  Johor Bahru  ,EcoRide 5,80,485,  Home Charger  ,No,dealership,49250,5000,44720,5,Premium,28,8.9,BATTERY,No,15.4,20090,695.65
502066,1957,07-14-2022,27-Jul-22,  Personal  ,North,malaysia,johor bahru,EcoRide 3,90,609,Supercharger,No,online,,5000,48420,4,  Premium  ,25,8.2,  Charging  ,No,20.1,32560,
502067,1476,26-Nov-22,12/12/2022,  Corporate  ,  East  ,singapore,  Singapore  ,VoltX S,100,629,  AC  ,No,Dealership,48680,0,48590,4,Standard,68,9,Charging,No,18.8,22870,700.88
502068,1317,24/6/2022,12/7/2022,  Personal  ,North,  Malaysia  ,PENANG,EcoRide 3,50,321,DC FAST,No,CORPORATE FLEET,61680,0,62760,5,  Premium  ,40,10,none,No,18.3,9420,570.09
502069,1244,09-28-2024,6-Oct-24,,West,  Thailand  ,  Bangkok  ,EcoRide 3,75 kWh,417,  Supercharger  ,Yes,  Online  ,"50,540",0,"48,830",6,premium,54,4.2,charging,No,15.3,13780 km,628.23
502070,1747,25/3/2023,31/3/2023,fleet,south,  Vietnam  ,hanoi,FamilyEV XL,100,627,  Supercharger  ,Yes,Online,45110,2500,42800,3,STANDARD,47,8.2,none,No,14.3,23970,134.87
502071,1696,3/8/2024,08-20-2024,  Fleet  ,south,Singapore,singapore,VoltX S,100,556,Supercharger,No,  Online  ,42750,2500,41010,5,  Standard  ,55,8.8,NONE,No,20,14570,648.78
502072,1271,21-May-22,24-May-22,personal,  South  ,Malaysia,PENANG,EcoRide 3,100,629,  DC Fast  ,Yes,online,57720,1000,57150,7,  Premium  ,52,9.1,None,No,13.5,23640,463.42
502073,2463,28/1/2024,6-Feb-24,  Corporate  ,West,MALAYSIA,  Shah Alam  ,EcoRide 5,,376,  Home Charger  ,No,  Online  ,"50,650",1000,"51,720",5,,61,6,None,No,15.8,"30,750",272.2
502074,2771,18/7/2024,1/8/2024,fleet,NORTH,Indonesia,  Surabaya  ,VoltX S,100,586,supercharger,Yes,DEALERSHIP,41390,2500,37280,7,standard,40,8.3,CHARGING,No,,25310,640.25
502075,2262,4/3/2022,15/4/2022,Personal,EAST,THAILAND,BANGKOK,EcoRide 5,70,363,AC,No,online,40390,1000,38210,7,standard,65,9.5,software,No,24.2,15130,662.23
502076,1376,27/8/2022,3/9/2022,  Personal  ,North,SINGAPORE,  Singapore  ,EcoRide 5,60,339,  DC Fast  ,No,DEALERSHIP,40350,5000,35530,5,Standard,33,10,Software,No,19.2,23200,484.65
502077,1265,24-Jul-22,7-Aug-22,personal,  East  ,Malaysia,Johor Bahru,EcoRide 3,60,326,DC Fast,Yes,online,48580,1000,48510,5,  Standard  ,26,8,MOTOR,No,15,27190,572.57
502078,1925,14-Jul-23,3-Aug-23,Corporate,West,  Singapore  ,SINGAPORE,EcoRide 3,100,626,SUPERCHARGER,No,online,34370,0,34430,6,STANDARD,67,3.65,  None  ,No,16.9,16920,467.65
502079,1920,2/9/2022,14/9/2022,FLEET,  South  ,MALAYSIA,PENANG,FamilyEV XL,75,453,AC,Yes,Online,41420,0,42740,7,Standard,26,8.2,NONE,No,16.3,14440,
502080,2382,4/11/2024,19/4/2024,corporate,South,VIETNAM,Hanoi,FamilyEV XL,90,523,dc fast,Yes,online,47080,2500,44000,6,,56,7,  Battery  ,No,18,21370,471.14
502081,1339,13-Jul-24,07-27-2024,Personal,west,  Indonesia  ,Surabaya,VoltX S,60,363,AC,No,online,45190,1000,43920,4,STANDARD,40,10,  Charging  ,No,20,32850,739.97
502082,1388,22-Oct-22,31-Oct-22,  Personal  ,EAST,,kuala lumpur,FamilyEV XL,70,397,  AC  ,No,  Dealership  ,41820,0,42580,6,Standard,37,8.7,Other,No,15.1,15110,742.82
502083,1576,10/2/2023,22/10/2023,  Personal  ,,SINGAPORE,  Singapore  ,VoltX Pro,75,460,  DC Fast  ,No,  Dealership  ,49860,1000,48510,8,STANDARD,51,7.9,  None  ,No,17.6,18940,334.9
502084,2712,5-May-24,9-May-24,personal,  East  ,malaysia,JOHOR BAHRU,VoltX S,100,597,Supercharger,No,online,49830,1000,49770,5,Extended,55,9.7,charging,No,19.9,13660,547.9
502085,1002,17-Jan-22,29-Jan-22,  Fleet  ,east,singapore,,EcoRide 5,75,518,DC FAST,Yes,dealership,43480,2500,41670,6,  Standard  ,57,6.3,  Charging  ,No,13.4,16730,515.34
502086,2452,12-Mar-22,03-29-2022,  Corporate  ,North,Indonesia,Jakarta,FamilyEV XL,75,499,DC Fast,Yes,Online,41280,0,40860,5,STANDARD,45,2.45,  None  ,No,16.6,200000,598.85
502087,2165,11/1/2022,15/11/2022,Personal,WEST,Singapore,singapore,FamilyEV XL,50,319,DC Fast,Yes,online,51050,2500,48850,4,STANDARD,43,8.6,,No,15.9,20970,510.42
502088,1375,27/10/2024,15-Nov-24,PERSONAL,  South  ,MALAYSIA,kuala lumpur,FamilyEV XL,90,551,DC Fast,Yes,Dealership,43890,1000,42410,5,premium,37,9.6,None,No,16.9,3000,644.44
502089,2693,27-Mar-24,2-Apr-24,Personal,north,malaysia,PENANG,EcoRide 3,100,617,dc fast,No,CORPORATE FLEET,45100,1000,43210,4,extended,43,7.8,NONE,No,10.3,20380,417.23
502090,1323,31-Mar-24,9/4/2024,personal,  West  ,  Indonesia  ,jakarta,EcoRide 5,90 kWh,585,ac,No,dealership,"50,480",2500,"47,590",6,  Standard  ,59,3.5,  Charging  ,No,,34350 km,720.67
502091,1145,12/7/2022,23/7/2022,PERSONAL,SOUTH,thailand,  Chiang Mai  ,FamilyEV XL,,367,ac,Yes,ONLINE,37300,2500,34620,5,premium,59,6.6,  Software  ,No,10.7,23000,
502092,2981,13-Jun-23,4-Jul-23,Personal,North,Singapore,Singapore,UrbanEV,90,553,SUPERCHARGER,No,CORPORATE FLEET,41370,2500,38980,3,  Standard  ,57,6.1,None,No,13.8,20290,538.5
502093,1292,20/6/2022,29/6/2022,,East,Malaysia,KUALA LUMPUR,UrbanEV,80,462,DC FAST,No,  Dealership  ,43170,1000,42060,3,  Standard  ,27,4.5,Charging,No,17.4,18020,633.13
502094,2688,9/8/2022,12/9/2022,Personal,west,  Malaysia  ,Shah Alam,EcoRide 5,70,401,SUPERCHARGER,Yes,DEALERSHIP,58350,7500,49090,4,Extended,45,9.2,None,No,18.2,15530,543.46
502095,1431,06-25-2023,3/7/2023,PERSONAL,WEST,VIETNAM,Ho Chi Minh City,FamilyEV XL,60 kWh,357,  DC Fast  ,Yes,  Corporate Fleet  ,"36,230",1000,"36,220",6,Extended,64,4.7,,No,15.8,22750 km,100
502096,1704,20-Feb-23,3/12/2023,personal,  West  ,singapore,Singapore,VoltX Pro,100,495,AC,No,dealership,45280,1000,42580,4,Extended,47,4,NONE,No,10.7,25160,559.82
502097,1948,4-Mar-24,12/3/2024,Fleet,,  Singapore  ,singapore,VoltX Pro,90,539,SUPERCHARGER,No,Dealership,38790,1000,37980,4,STANDARD,69,6.3,Software,No,15.2,34170,637.87
502098,2998,25/1/2022,2/9/2022,  Personal  ,north,Singapore,SINGAPORE,VoltX S,,413,  AC  ,Yes,Dealership,61160,0,60420,7,extended,,6.9,Charging,No,13.2,16810,559.59
502099,1584,10-30-2023,20/11/2023,Government,SOUTH,indonesia,Jakarta,VoltX S,100,635,HOME CHARGER,No,online,46870,2500,44520,5,STANDARD,35,4.45,  None  ,No,16.2,31080,688.26
502100,1398,24-Sep-23,09-28-2023,  Personal  ,West,  Malaysia  ,SHAH ALAM,FamilyEV XL,100,649,  AC  ,No,dealership,38330,1000,37110,5,  Standard  ,28,6.4,other,No,17.3,30810,734.38
502101,1816,05-20-2023,6/3/2023,Personal,SOUTH,MALAYSIA,penang,VoltX S,60,422,dc fast,Yes,ONLINE,33480,7500,26330,5,  Extended  ,28,7.8,software,No,12.2,19170,361.04
502102,2912,2/12/2022,19-Dec-22,personal,East,thailand,chiang mai,EcoRide 3,80,499,AC,Yes,corporate fleet,49280,0,49800,4,  Premium  ,39,6.5,  None  ,No,15.8,16890,157.21
502103,2367,3/1/2023,17/3/2023,PERSONAL,  East  ,THAILAND,CHIANG MAI,VoltX Pro,70 kWh,424,home charger,No,dealership,"46,350",2500,"44,890",4,standard,52,7,BATTERY,No,10.4,"11,950",260.08
502104,1963,14-May-23,22/5/2023,CORPORATE,SOUTH,THAILAND,BANGKOK,EcoRide 5,80,462,Home Charger,No,  Dealership  ,49450,2500,47720,5,  Extended  ,60,6.3,CHARGING,No,16.4,22230,514.27
502105,2163,8/4/2024,24/8/2024,PERSONAL,west,indonesia,  Jakarta  ,FamilyEV XL,70,391,AC,No,Dealership,37950,5000,32990,5,extended,32,8,  None  ,No,16.4,19990,622.58
502106,1186,09-22-2023,29/9/2023,Corporate,East,  Malaysia  ,johor bahru,FamilyEV XL,50,318,  AC  ,Yes,dealership,58080,0,59020,5,  Premium  ,48,5.8,none,No,12.5,29500,475.02
502107,2828,19-Dec-23,8/1/2024,Corporate,  South  ,Malaysia,PENANG,UrbanEV,100 kWh,599,ac,Yes,Online,"45,570",7500,"37,560",6,STANDARD,58,6.9,None,Yes,12.7,24470 km,223.41
502108,1060,5/12/2022,10/12/2022,PERSONAL,west,VIETNAM,,VoltX Pro,50,308,Supercharger,Yes,dealership,47970,5000,44650,5,EXTENDED,39,4.65,  Charging  ,No,,8130,559.37
502109,1938,21-Oct-23,10-26-2023,personal,South,singapore,singapore,VoltX Pro,70,421,AC,Yes,dealership,49370,7500,41280,3,extended,47,4.8,  Motor  ,No,18,21550,502.27
502110,2403,08-19-2024,31/8/2024,  Fleet  ,NORTH,  Thailand  ,  Chiang Mai  ,VoltX Pro,70,421,  DC Fast  ,No,  Online  ,45720,5000,40250,6,Standard,,9,None,No,14.9,24150,532.18
502111,1709,5/3/2023,03-26-2023,personal,east,THAILAND,CHIANG MAI,VoltX S,80,487,  AC  ,Yes,online,54140,5000,47320,5,standard,38,10,MOTOR,No,16,20390,861.93
502112,1806,17/6/2024,06-22-2024,Fleet,West,Singapore,Singapore,EcoRide 3,100,617,  Supercharger  ,Yes,dealership,41290,2500,38120,7,STANDARD,26,6,None,No,13.4,28230,
502113,2463,19-May-22,2-Jun-22,personal,West,Malaysia,  Penang  ,EcoRide 5,90,574,DC Fast,Yes,ONLINE,52160,5000,46890,7,Premium,59,7.9,NONE,No,17.7,18050,473.21
502114,2342,30-Jul-24,17/8/2024,  Personal  ,West,Indonesia,SURABAYA,VoltX S,100,551,Supercharger,No,Online,54330,2500,51560,4,,67,4.05,  Charging  ,No,16.7,29260,234.78
502115,2325,26/6/2023,07-15-2023,Personal,  East  ,  Indonesia  ,JAKARTA,EcoRide 3,75,468,Supercharger,No,online,52260,2500,51440,8,  Standard  ,31,10,  None  ,Yes,19.2,18120,768.96
502116,2367,02-26-2022,7/3/2022,personal,SOUTH,Thailand,Bangkok,VoltX Pro,70 kWh,384,AC,No,ONLINE,"55,040",2500,"53,120",7,STANDARD,,7.6,  None  ,No,20.1,19690 km,146.7
502117,1010,20/10/2023,4/11/2023,  Corporate  ,  West  ,Singapore,  Singapore  ,EcoRide 3,60,377,DC FAST,No,  Dealership  ,39890,7500,33330,8,EXTENDED,46,9.2,  None  ,No,21,35640,443.68
502118,2085,11/3/2023,15/3/2023,  Personal  ,  West  ,malaysia,  Johor Bahru  ,VoltX S,60,368,DC Fast,No,Corporate Fleet,48480,0,48480,6,EXTENDED,52,,None,No,19.6,12770,
502119,2868,19-Jan-23,25/1/2023,corporate,North,  Malaysia  ,KUALA LUMPUR,VoltX Pro,60,358,  DC Fast  ,Yes,  Dealership  ,"47,920",5000,"42,220",7,STANDARD,56,8.2,  Battery  ,No,16.4,"22,660",418.4
502120,1225,14/7/2023,26/7/2023,  Personal  ,  North  ,MALAYSIA,Shah Alam,VoltX S,50,299,  AC  ,No,  Online  ,45520,1000,46700,6,Standard,31,7.3,none,No,12.9,24440,481.87
502121,2176,13-Jul-22,22/7/2022,  Personal  ,West,Malaysia,PENANG,EcoRide 5,90,545,  Supercharger  ,Yes,DEALERSHIP,49390,1000,48290,7,Premium,46,7.4,Software,Yes,16.1,17690,236.91
502122,2734,18/6/2023,7/7/2023,  Personal  ,  West  ,Vietnam,Hanoi,VoltX Pro,80,515,home charger,No,dealership,53450,0,54090,5,Standard,67,5.4,BATTERY,No,16.9,25280,100
502123,1563,2/6/2023,10/6/2023,personal,WEST,Indonesia,JAKARTA,EcoRide 3,90,576,HOME CHARGER,No,DEALERSHIP,39940,1000,37990,7,standard,26,7.3,none,No,18.2,27150,306.76
502124,1771,12-17-2023,7/1/2024,PERSONAL,  West  ,THAILAND,Chiang Mai,VoltX S,50,318,supercharger,No,DEALERSHIP,36550,7500,27880,5,  Extended  ,32,5.9,Software,No,15.3,23960,229.24
502125,2594,21-Jan-24,28/1/2024,  Personal  ,  East  ,SINGAPORE,SINGAPORE,UrbanEV,,492,  DC Fast  ,Yes,ONLINE,"43,560",1000,"44,060",6,  Extended  ,31,9.2,Other,No,13.4,23370 km,308.62
502126,2607,4/7/2022,07-16-2022,corporate,east,MALAYSIA,Shah Alam,EcoRide 3,90,561,  AC  ,No,Dealership,27610,2500,25540,7,EXTENDED,62,5.7,None,No,17.8,25660,443.44
502127,2683,19/10/2022,30/10/2022,  Personal  ,East,vietnam,HANOI,EcoRide 3,100,504,  AC  ,No,DEALERSHIP,44510,0,44290,5,  Standard  ,45,,none,No,24.3,16730,804.31
502128,2884,1/2/2024,17/1/2024,Personal,North,MALAYSIA,  Shah Alam  ,VoltX Pro,60,309,DC Fast,No,Dealership,55010,5000,49820,3,PREMIUM,67,9.7,Charging,No,21.3,17580,380.23
502129,2598,26/4/2022,17/5/2022,Corporate,  East  ,Malaysia,Johor Bahru,FamilyEV XL,70,451,AC,Yes,DEALERSHIP,35040,5000,29000,4,STANDARD,46,9.1,  None  ,No,20.6,25240,393.98
502130,2333,4/4/2024,12/4/2024,  Corporate  ,east,  Singapore  ,singapore,EcoRide 3,60,325,AC,Yes,  Online  ,42080,1000,40520,8,Standard,59,7.3,none,No,15.9,19420,479.08
502131,1884,8/12/2024,14-Dec-24,PERSONAL,east,  Indonesia  ,jakarta,VoltX S,,534,  Home Charger  ,Yes,DEALERSHIP,"37,040",1000,"36,470",7,extended,42,9.1,  None  ,No,14.7,"21,650",632.38
502132,2266,16/11/2023,21/11/2023,  Personal  ,EAST,indonesia,Surabaya,UrbanEV,70,459,HOME CHARGER,Yes,  Dealership  ,47780,1000,46830,5,Standard,33,4,  None  ,No,19.3,4330,612.3
502133,2516,23/3/2022,28/3/2022,corporate,South,malaysia,,EcoRide 5,100,623,Home Charger,No,Online,49460,1000,49210,8,EXTENDED,26,7.3,none,Yes,20.8,26700,116.23
502134,2389,13-Apr-24,04-19-2024,  Fleet  ,  North  ,indonesia,SURABAYA,UrbanEV,80,492,  AC  ,No,DEALERSHIP,45150,1000,,4,  Standard  ,66,3.75,NONE,No,16.2,31280,
502135,2353,29/11/2022,6-Dec-22,  Personal  ,  South  ,  Malaysia  ,  Penang  ,VoltX S,75,448,home charger,Yes,Online,40210,7500,32880,4,  Standard  ,66,8.7,NONE,No,15.2,26280,721.55
502136,2130,11/7/2023,21-Jul-23,  Personal  ,NORTH,  Malaysia  ,penang,VoltX Pro,70,424,AC,No,ONLINE,46330,5000,42110,5,Standard,41,5.7,none,No,15.4,27360,395.73
502137,1225,12/1/2022,12-19-2022,CORPORATE,  North  ,INDONESIA,surabaya,VoltX S,50,287,DC FAST,Yes,online,53660,1000,50450,5,Extended,64,7.2,software,No,17.6,28480,692.62
502138,1824,06-16-2023,21-Jun-23,personal,West,  Indonesia  ,jakarta,FamilyEV XL,60,348,  DC Fast  ,Yes,Online,"51,230",7500,"42,700",5,premium,44,8.6,,No,16.8,"20,710",643.44
502139,1217,8/9/2022,23/8/2022,government,north,  Thailand  ,CHIANG MAI,FamilyEV XL,100,603,  DC Fast  ,No,Online,42150,0,,6,  Standard  ,30,7.2,None,No,17,15770,100
502140,1936,27/9/2023,7/10/2023,PERSONAL,,thailand,bangkok,FamilyEV XL,100,609,Home Charger,No,DEALERSHIP,42730,1000,43030,4,PREMIUM,35,6.1,NONE,No,,25650,168.72
502141,1752,11-19-2022,12/4/2022,corporate,  East  ,Indonesia,SURABAYA,EcoRide 3,60,356,ac,No,  Online  ,42540,2500,40110,6,PREMIUM,29,6.7,  Software  ,No,19.6,29460,433.36
502142,1505,3/1/2022,9/1/2022,personal,East,  Indonesia  ,JAKARTA,VoltX Pro,90,459,dc fast,Yes,Dealership,48430,0,,5,STANDARD,34,,  None  ,No,16.5,14410,580.1
502143,1258,25/7/2022,10/8/2022,personal,North,  Indonesia  ,SURABAYA,FamilyEV XL,90,,AC,Yes,  Dealership  ,35330,0,36460,8,PREMIUM,47,8.7,CHARGING,No,17,27030,446.51
502144,2911,9-Feb-22,25/2/2022,  Corporate  ,WEST,Thailand,bangkok,EcoRide 5,90,574,  Home Charger  ,Yes,ONLINE,48800,1000,47690,6,EXTENDED,57,4.8,NONE,No,20,24020,461.01
502145,2797,28-Feb-22,15/3/2022,Personal,West,vietnam,ho chi minh city,EcoRide 5,100,592,DC FAST,Yes,corporate fleet,41210,2500,38060,5,,64,9.2,  None  ,No,18.6,21230,506.95
502146,2540,8-Aug-24,08-16-2024,personal,  North  ,VIETNAM,Hanoi,VoltX S,90,575,Supercharger,Yes,dealership,,5000,38320,4,premium,60,9.2,NONE,No,21.9,20150,479.83
502147,2796,28/7/2023,16/8/2023,  Personal  ,south,malaysia,  Penang  ,FamilyEV XL,60,351,SUPERCHARGER,No,  Dealership  ,39890,2500,37820,8,  Premium  ,63,5.1,CHARGING,No,19,23910,493.46
502148,1053,6/10/2023,12-Oct-23,Personal,West,  Indonesia  ,,EcoRide 3,70,429,supercharger,Yes,dealership,50120,2500,46490,3,,58,9.1,NONE,No,17.8,17500,100
502149,2070,22/4/2024,2/5/2024,personal,west,  Singapore  ,Singapore,EcoRide 5,80,418,DC FAST,Yes,Dealership,40850,2500,39920,4,Extended,41,7.2,  Software  ,No,15.5,43180,437.69
502150,1726,11-Sep-23,30/9/2023,,  East  ,MALAYSIA,JOHOR BAHRU,UrbanEV,70 kWh,427,ac,No,corporate fleet,"38,280",1000,"35,390",3,standard,50,2.9,  None  ,No,12.3,12700 km,435.86
502151,1688,6-Apr-22,11/4/2022,personal,  North  ,thailand,chiang mai,VoltX Pro,50,294,DC Fast,No,Online,40950,5000,,8,  Standard  ,51,8.8,,No,20.2,4170,286.5
502152,2544,06-16-2024,5/7/2024,  Personal  ,South,Malaysia,shah alam,UrbanEV,60,365,Home Charger,No,DEALERSHIP,37430,2500,36600,7,Standard,27,8.3,None,No,20.2,24040,346.78
502153,2122,21/12/2024,1/1/2025,personal,east,SINGAPORE,SINGAPORE,EcoRide 5,70,468,supercharger,No,dealership,51030,0,51150,8,standard,,9.3,none,No,21.1,22620,166.33
502154,2043,15/7/2023,19/7/2023,FLEET,north,  Indonesia  ,Jakarta,EcoRide 5,60,360,AC,Yes,  Corporate Fleet  ,37280,0,35230,6,Premium,32,7.2,NONE,No,13.3,25740,577.19
502155,2913,23/6/2024,8/7/2024,CORPORATE,  South  ,malaysia,johor bahru,VoltX S,100,582,AC,Yes,ONLINE,44700,7500,38690,3,  Premium  ,41,8,none,No,18.1,3000,269.46
502156,2776,14/12/2022,18/12/2022,,East,singapore,Singapore,VoltX S,50,291,DC FAST,No,Dealership,"40,450",0,"39,970",7,  Premium  ,25,5.3,  None  ,Yes,15,"9,170",475.84
502157,2596,11/2/2023,11-15-2023,personal,SOUTH,Vietnam,hanoi,FamilyEV XL,,543,SUPERCHARGER,No,  Online  ,55980,5000,51760,5,STANDARD,31,10,NONE,No,16.7,18880,401.85
502158,2914,13-Nov-22,11-30-2022,Corporate,WEST,Singapore,singapore,VoltX Pro,75,462,AC,No,Corporate Fleet,47960,0,48380,5,  Extended  ,60,6,Software,No,12.3,28150,462.96
502159,2513,12-20-2023,2-Jan-24,PERSONAL,west,Malaysia,,FamilyEV XL,75,466,  Supercharger  ,Yes,  Dealership  ,40600,2500,38080,4,  Extended  ,27,6.8,SOFTWARE,No,15,9280,682.06
502160,1418,7/12/2024,12/12/2024,  Corporate  ,  South  ,SINGAPORE,Singapore,VoltX S,75,452,  Home Charger  ,Yes,dealership,46200,1000,43140,4,  Standard  ,43,3.25,NONE,No,16.7,25140,353.31
502161,1689,7-Sep-22,12/9/2022,corporate,  West  ,SINGAPORE,singapore,EcoRide 3,60,382,DC FAST,No,DEALERSHIP,38630,5000,34040,6,Standard,66,8.3,NONE,No,18.2,20280,479.99
502162,1849,10-Nov-22,24/11/2022,CORPORATE,north,thailand,BANGKOK,VoltX Pro,70,446,  AC  ,Yes,Dealership,49700,2500,47940,4,STANDARD,51,3.35,NONE,No,19.2,23110,627.61
502163,1061,17-Mar-24,24/3/2024,Personal,West,  Indonesia  ,  Surabaya  ,EcoRide 3,60,362,Home Charger,No,  Dealership  ,46170,0,44570,4,Premium,27,4.8,NONE,No,21.8,21820,530.81
502164,2168,04-30-2023,9/5/2023,Corporate,NORTH,singapore,SINGAPORE,FamilyEV XL,100,623,DC Fast,No,DEALERSHIP,47930,1000,48600,6,,58,8.5,NONE,No,16.6,21870,341.15
502165,1215,02-13-2022,22-Feb-22,CORPORATE,NORTH,indonesia,jakarta,VoltX S,80,550,DC Fast,No,DEALERSHIP,38320,1000,36930,4,Premium,29,5.8,  None  ,No,15.6,21840,189.91
502166,1002,25/7/2023,9/8/2023,  Fleet  ,EAST,Singapore,singapore,VoltX Pro,100,,DC FAST,Yes,DEALERSHIP,35310,5000,32130,3,STANDARD,61,4.6,  Charging  ,No,18,29730,332.6
502167,1159,8/6/2023,17-Aug-23,personal,SOUTH,malaysia,Shah Alam,FamilyEV XL,70 kWh,442,  DC Fast  ,Yes,Online,"33,360",5000,"29,030",7,STANDARD,40,9.4,charging,No,17.9,22240 km,536.28
502168,2762,13/6/2024,28-Jun-24,  Personal  ,West,Thailand,Chiang Mai,EcoRide 5,100,603,supercharger,Yes,Online,33890,5000,28910,5,PREMIUM,38,3.45,NONE,No,13.7,29120,
502169,1780,8/8/2022,22/8/2022,  Personal  ,south,thailand,Bangkok,FamilyEV XL,100,642,dc fast,No,Corporate Fleet,45080,0,45180,6,standard,54,6.3,Software,No,13.3,18920,627.51
502170,2143,13/7/2024,28/7/2024,Personal,,thailand,  Chiang Mai  ,UrbanEV,50,284,AC,No,Online,58450,2500,56930,5,EXTENDED,56,8.6,NONE,No,23.9,29830,433.68
502171,1892,5/2/2023,02-17-2023,fleet,East,Malaysia,  Kuala Lumpur  ,EcoRide 5,90,547,  Supercharger  ,Yes,dealership,"42,210",7500,"36,240",4,STANDARD,69,4.5,none,No,17.8,"20,350",345.09
502172,2112,28-Dec-23,12-31-2023,personal,  South  ,Malaysia,kuala lumpur,EcoRide 3,75,430,AC,Yes,online,40950,5000,,6,Premium,36,6.5,  Charging  ,No,19.4,20430,202.99
502173,1328,17-Sep-24,09-27-2024,  Personal  ,south,Malaysia,  Shah Alam  ,EcoRide 5,70,371,AC,Yes,Dealership,44620,0,,4,STANDARD,51,9.4,  None  ,No,18.7,9570,257.64
502174,1579,17-Jun-24,5/7/2024,Personal,EAST,malaysia,Penang,FamilyEV XL,70,459,  Supercharger  ,No,  Online  ,39500,2500,38660,4,  Standard  ,50,7.1,software,No,18.4,15680,290.47
502175,2933,7/5/2024,22-May-24,FLEET,,  Thailand  ,BANGKOK,EcoRide 5,75,437,HOME CHARGER,No,Dealership,36030,2500,32650,3,  Extended  ,53,9.8,  None  ,No,20.8,17090,762.08
502176,2380,03-14-2024,19/3/2024,CORPORATE,WEST,malaysia,kuala lumpur,UrbanEV,100,566,,Yes,  Online  ,40420,2500,37940,3,Standard,47,,  Software  ,No,23.7,9340,263.59
502177,2633,5/5/2023,10/5/2023,  Personal  ,  West  ,INDONESIA,SURABAYA,FamilyEV XL,50,288,ac,No,dealership,43410,0,42720,5,  Premium  ,46,3.45,NONE,No,18.7,15960,
502178,2290,26-Jul-24,8/2/2024,PERSONAL,SOUTH,MALAYSIA,johor bahru,UrbanEV,60,404,SUPERCHARGER,No,dealership,58020,0,58760,3,Standard,44,7.7,software,No,17.4,26810,357.64
502179,2640,23-Apr-24,5/6/2024,  Personal  ,east,MALAYSIA,Johor Bahru,EcoRide 5,60,391,DC Fast,No,DEALERSHIP,41580,5000,34120,4,  Premium  ,62,3.25,  None  ,No,20.1,27580,706.43
502180,1951,24-Sep-22,10/3/2022,  Fleet  ,South,singapore,singapore,UrbanEV,100,591,,No,Dealership,46360,1000,46090,7,  Extended  ,40,8,NONE,No,16.3,10200,594.35
502181,2346,23/2/2022,3/7/2022,Corporate,EAST,  Malaysia  ,Penang,EcoRide 5,100,634,  AC  ,No,Corporate Fleet,35400,1000,35560,3,Extended,55,,charging,No,13.4,33640,448.84
502182,1634,12/6/2023,24/6/2023,Corporate,  South  ,INDONESIA,Jakarta,VoltX Pro,90,,AC,Yes,DEALERSHIP,49860,5000,45520,4,  Premium  ,27,7.7,SOFTWARE,No,19,27870,183.65
502183,1987,9/8/2023,12/9/2023,Personal,WEST,MALAYSIA,JOHOR BAHRU,EcoRide 5,70,435,SUPERCHARGER,No,online,39820,2500,36490,6,  Extended  ,45,7.4,CHARGING,No,14.3,36560,473.67
502184,2564,12-18-2024,23/12/2024,Government,EAST,  Singapore  ,singapore,VoltX S,75,437,DC Fast,No,online,37090,7500,26050,7,STANDARD,63,6.1,none,No,14.6,29750,640.12
502185,2672,29-Nov-24,9-Dec-24,  Personal  ,  West  ,Indonesia,  Surabaya  ,UrbanEV,100,617,HOME CHARGER,Yes,online,,0,37120,3,STANDARD,29,8,none,No,13.2,35240,746.44
502186,2218,12/8/2024,25/8/2024,FLEET,WEST,THAILAND,chiang mai,UrbanEV,100,545,,Yes,online,40510,2500,38660,4,standard,44,7.8,None,No,10,24930,100
502187,1920,21-Jan-23,5/2/2023,Personal,west,  Malaysia  ,  Johor Bahru  ,EcoRide 3,80 kWh,,DC FAST,Yes,Dealership,"36,910",0,"36,890",5,  Extended  ,47,6.5,none,No,13,16570 km,311.93
502188,1737,4-Jan-24,13-Jan-24,Corporate,west,  Singapore  ,  Singapore  ,EcoRide 3,50,304,HOME CHARGER,Yes,  Corporate Fleet  ,47040,0,47920,5,Standard,56,9.9,software,No,17.3,23830,485.56
502189,2355,17/12/2023,1-Jan-24,PERSONAL,south,thailand,CHIANG MAI,VoltX S,60,364,ac,Yes,  Dealership  ,37410,0,,4,STANDARD,66,8.5,Charging,No,20.6,6330,715.83
502190,1169,12/10/2023,16-Oct-23,  Fleet  ,south,VIETNAM,hanoi,UrbanEV,50,271,DC Fast,No,dealership,49520,2500,46750,4,STANDARD,33,9.1,  Motor  ,No,15.4,20870,
502191,1520,27/10/2022,4/11/2022,corporate,south,  Indonesia  ,surabaya,UrbanEV,50,281,AC,Yes,  Online  ,41440,2500,40540,4,  Extended  ,,,  None  ,No,14.9,21680,245.51
502192,2486,01-30-2023,2/10/2023,personal,North,malaysia,Penang,EcoRide 3,90,555,dc fast,Yes,  Online  ,38580,1000,36890,4,STANDARD,51,2.25,,No,16.8,28760,371.74
502193,1039,16-Aug-23,20/8/2023,Personal,EAST,vietnam,  Hanoi  ,EcoRide 3,50,306,  AC  ,No,DEALERSHIP,40220,0,40870,4,premium,51,10,Charging,No,16.8,23450,184.22
502194,2560,29/5/2023,06-18-2023,corporate,East,Malaysia,KUALA LUMPUR,EcoRide 5,75,470,AC,No,online,37890,2500,36170,5,Standard,34,8.3,software,No,16.8,18910,100
502195,2284,01-31-2023,02-18-2023,PERSONAL,East,malaysia,  Kuala Lumpur  ,FamilyEV XL,90,,,Yes,Dealership,45150,0,47520,4,  Extended  ,40,8.5,,No,,12220,888.57
502196,2418,6-Jan-23,20/1/2023,PERSONAL,West,  Indonesia  ,surabaya,UrbanEV,100,558,dc fast,Yes,Online,41180,0,42840,5,  Premium  ,48,8.5,  Battery  ,No,16.1,16730,413.95
502197,1954,7/5/2024,16/5/2024,  Personal  ,WEST,malaysia,Penang,UrbanEV,75,439,home charger,No,DEALERSHIP,52780,2500,50830,5,standard,47,8.6,charging,No,15.5,20430,333.85
502198,2249,1-Mar-24,10/3/2024,fleet,North,MALAYSIA,JOHOR BAHRU,EcoRide 5,90,559,,No,dealership,28860,1000,28570,4,  Premium  ,33,,none,No,17,17070,227.26
502199,1983,20-Oct-23,8/11/2023,personal,south,MALAYSIA,Penang,UrbanEV,75,420,DC Fast,Yes,Dealership,53180,1000,,6,  Extended  ,26,6.5,BATTERY,No,19,3640,456.85
502200,2147,1/6/2024,01-21-2024,  Personal  ,  South  ,singapore,SINGAPORE,VoltX S,90,499,  AC  ,No,DEALERSHIP,40290,2500,37150,8,PREMIUM,30,6.5,NONE,No,25.6,21920,354.24
502201,1974,19-Jan-23,1-Feb-23,  Personal  ,South,  Thailand  ,  Chiang Mai  ,EcoRide 3,90 kWh,529,dc fast,No,Online,"56,200",0,"57,960",4,Extended,61,8.8,Software,No,22.2,"18,740",621.49
502202,1037,3-Mar-22,3/11/2022,PERSONAL,WEST,  Thailand  ,chiang mai,EcoRide 3,70,428,dc fast,No,  Online  ,45840,5000,40810,4,Standard,59,6.2,BATTERY,No,17.7,18610,
502203,1327,20/5/2023,5/6/2023,corporate,EAST,malaysia,  Kuala Lumpur  ,FamilyEV XL,75,395,ac,Yes,  Online  ,53400,2500,51580,6,PREMIUM,31,5.7,None,No,15.5,23150,
502204,2274,27/8/2022,4/9/2022,  Government  ,EAST,singapore,singapore,EcoRide 3,70,413,Supercharger,Yes,Online,44470,0,,3,Extended,39,7,none,No,16.7,18810,451.64
502205,2924,14/7/2022,07-22-2022,fleet,  West  ,  Vietnam  ,ho chi minh city,VoltX Pro,100,621,AC,Yes,Dealership,44040,2500,40780,7,standard,45,3.8,,No,15,29540,570.96
502206,2199,9-Nov-23,13/11/2023,Personal,West,INDONESIA,JAKARTA,VoltX S,90,566,DC FAST,Yes,dealership,38360,1000,36980,4,premium,62,7.9,none,No,17.7,16840,427.23
502207,2625,2/3/2022,19-Mar-22,corporate,North,malaysia,JOHOR BAHRU,VoltX S,60,336,dc fast,Yes,Online,44360,2500,41060,6,  Premium  ,60,7.3,None,No,18,16240,578.78
502208,1913,16/9/2024,5/10/2024,Personal,East,vietnam,  Hanoi  ,EcoRide 5,90,553,Home Charger,Yes,corporate fleet,38000,5000,33220,4,Standard,47,8.7,none,No,18.8,16690,522.9
502209,1453,16/11/2023,26/11/2023,Personal,,THAILAND,Bangkok,VoltX Pro,60,384,AC,No,  Corporate Fleet  ,46310,5000,39780,5,standard,53,4.9,NONE,No,11.1,23240,635.17
502210,1036,6/5/2022,12/6/2022,  Corporate  ,  South  ,,  Johor Bahru  ,UrbanEV,60,375,DC FAST,Yes,Dealership,46130,7500,37640,4,  Extended  ,37,8.1,NONE,No,14.4,23130,581.61
502211,2339,11-Jul-24,30-Jul-24,corporate,  North  ,MALAYSIA,johor bahru,FamilyEV XL,60,350,dc fast,Yes,corporate fleet,44140,2500,41200,5,Premium,29,4.85,None,No,,18080,426.61
502212,2711,17-May-24,05-20-2024,corporate,SOUTH,,PENANG,VoltX S,60,303,ac,No,DEALERSHIP,53660,2500,51000,6,Standard,63,8.8,none,No,13.7,21910,795.11
502213,1972,06-21-2024,7/11/2024,Corporate,South,  Thailand  ,bangkok,VoltX Pro,75,456,DC Fast,Yes,DEALERSHIP,48480,0,49940,8,extended,63,6.6,None,No,14.7,24660,361.29
502214,1795,25/9/2024,10/12/2024,PERSONAL,south,MALAYSIA,  Shah Alam  ,VoltX Pro,80,531,AC,No,dealership,38560,5000,34550,5,  Extended  ,66,6.7,battery,No,16,26190,770.49
502215,2988,1/9/2024,8/9/2024,  Personal  ,EAST,  Singapore  ,SINGAPORE,VoltX S,75,475,AC,No,dealership,48980,0,48860,5,  Standard  ,69,3.35,Battery,No,21.3,21190,681.05
502216,1972,23/1/2023,1-Feb-23,  Fleet  ,WEST,MALAYSIA,Kuala Lumpur,EcoRide 5,,630,  AC  ,No,online,51660,2500,50970,5,  Extended  ,67,7.7,OTHER,No,19,16480,
502217,1592,5/6/2024,25/6/2024,  Personal  ,North,VIETNAM,hanoi,VoltX Pro,80,485,Supercharger,No,Online,28240,0,28580,5,standard,25,3.8,none,No,16.2,16490,464.29
502218,2137,04-17-2024,04-25-2024,  Personal  ,  North  ,  Malaysia  ,Kuala Lumpur,EcoRide 3,75,477,AC,Yes,DEALERSHIP,37420,1000,37090,4,EXTENDED,44,4.45,,No,15.6,23840,342.26
502219,2063,6/12/2022,13-Dec-22,corporate,  West  ,  Vietnam  ,HO CHI MINH CITY,VoltX Pro,,612,dc fast,No,Online,41720,0,39830,5,standard,67,7.8,none,No,15,27070,522.33
502220,2324,23-Jul-22,08-13-2022,Corporate,NORTH,vietnam,HANOI,UrbanEV,60,318,ac,Yes,CORPORATE FLEET,39300,0,38360,6,  Standard  ,25,8.4,None,Yes,13.2,23060,520.38
502221,1223,6/10/2022,22/6/2022,Personal,  West  ,  Malaysia  ,kuala lumpur,VoltX S,50,318,AC,No,dealership,49470,0,50520,7,Premium,59,6.2,none,No,14.6,19290,462.94
502222,1317,27/1/2023,13/2/2023,CORPORATE,EAST,SINGAPORE,singapore,UrbanEV,90,509,AC,Yes,online,38800,1000,38450,5,Standard,64,8.4,NONE,No,22.3,18010,591.67
502223,1348,8-Feb-24,20-Feb-24,  Corporate  ,south,Malaysia,Shah Alam,EcoRide 5,80,482,  DC Fast  ,No,online,38040,1000,38840,4,EXTENDED,69,7.3,None,No,21.5,27650,664.29
502224,1114,29/7/2023,16/8/2023,fleet,NORTH,vietnam,Hanoi,FamilyEV XL,50,315,  AC  ,No,Dealership,46670,1000,47390,6,  Extended  ,31,7.2,Software,No,16,13410,316.79
502225,1697,18/6/2023,2-Jul-23,Personal,NORTH,,singapore,EcoRide 3,60,342,AC,No,Online,43380,1000,41850,8,STANDARD,59,7,charging,No,15.5,18670,351.28
502226,2346,29-Dec-24,18/1/2025,Personal,North,malaysia,KUALA LUMPUR,VoltX S,80,448,supercharger,No,ONLINE,52860,2500,51510,5,STANDARD,58,10,Other,No,20.4,32080,229.85
502227,2591,11/6/2024,06-14-2024,  Personal  ,  North  ,Malaysia,  Penang  ,VoltX Pro,50,310,  DC Fast  ,Yes,Corporate Fleet,47600,5000,41620,7,  Standard  ,29,6.2,SOFTWARE,No,15.2,30190,558.3
502228,2063,9/2/2023,02-27-2023,personal,East,  Malaysia  ,PENANG,EcoRide 3,75,417,ac,Yes,online,"68,820",2500,,8,STANDARD,53,9,battery,No,19,"23,400",797.43
502229,2889,31-Aug-23,8/9/2023,  Personal  ,North,Vietnam,ho chi minh city,VoltX Pro,100,592,  DC Fast  ,No,  Dealership  ,37370,0,37690,5,PREMIUM,51,7.9,  None  ,No,13.7,18600,220.58
502230,1039,7/4/2024,12/4/2024,PERSONAL,east,  Thailand  ,  Bangkok  ,EcoRide 5,60,387,AC,Yes,ONLINE,34300,0,35070,6,  Extended  ,31,6,Charging,No,17.5,20230,332.41
502231,2882,21/11/2023,11-25-2023,,East,indonesia,Jakarta,FamilyEV XL,75,499,DC Fast,Yes,  Corporate Fleet  ,54630,1000,53960,5,PREMIUM,25,3.8,SOFTWARE,No,15.6,22600,210.61
502232,2996,20-Jun-24,24-Jun-24,  Corporate  ,  South  ,MALAYSIA,KUALA LUMPUR,VoltX S,75,397,AC,No,DEALERSHIP,66470,5000,62430,6,  Extended  ,33,4.5,none,No,18.4,36750,378.79
502233,2772,25/2/2022,12-Mar-22,Personal,NORTH,malaysia,  Penang  ,EcoRide 5,60,355,,No,  Dealership  ,43440,0,42860,4,Standard,25,10,  Software  ,No,20.9,29170,100
502234,2312,1/1/2023,12/1/2023,corporate,  North  ,,Hanoi,EcoRide 5,80,521,  AC  ,Yes,  Dealership  ,42770,2500,,5,STANDARD,,3.7,  None  ,No,15.2,28240,717.9
502235,2285,31/3/2023,18-Apr-23,fleet,,MALAYSIA,  Johor Bahru  ,FamilyEV XL,90,526,AC,No,  Dealership  ,45890,0,45370,3,  Standard  ,41,9.7,NONE,No,,20910,634.56
502236,1215,04-14-2022,21/4/2022,  Personal  ,East,vietnam,ho chi minh city,EcoRide 5,70,,Supercharger,Yes,ONLINE,39030,1000,40420,5,STANDARD,56,10,charging,No,,18530,536.79
502237,2170,03-18-2022,27/3/2022,Corporate,  South  ,MALAYSIA,Kuala Lumpur,EcoRide 5,70,444,  AC  ,Yes,Dealership,31380,5000,27240,7,  Standard  ,65,3.55,BATTERY,No,21,20620,679.83
502238,1335,18/8/2022,2/9/2022,FLEET,west,malaysia,,VoltX Pro,90,518,AC,Yes,  Online  ,46700,1000,47280,5,Standard,54,8,MOTOR,No,17.4,28970,669.24
502239,2191,11-27-2022,12-Dec-22,PERSONAL,  South  ,THAILAND,Chiang Mai,UrbanEV,60,370,dc fast,No,  Dealership  ,,1000,42830,3,extended,39,8.3,charging,No,16.8,33380,486.93
502240,1091,11/6/2024,20/6/2024,CORPORATE,  South  ,Vietnam,  Ho Chi Minh City  ,VoltX Pro,70,434,  DC Fast  ,No,  Dealership  ,35320,5000,29900,7,standard,66,10,NONE,No,20.5,16030,230.23
502241,1352,19/11/2023,1/12/2023,PERSONAL,East,Vietnam,HO CHI MINH CITY,FamilyEV XL,90,573,  AC  ,Yes,Dealership,40680,0,,4,Extended,52,7.7,none,No,,5920,348.45
502242,1570,27/1/2022,02-13-2022,FLEET,east,MALAYSIA,  Penang  ,EcoRide 3,50,267,  AC  ,No,ONLINE,35160,2500,,7,  Standard  ,27,,None,No,24,20240,482.44
502243,2594,26-Oct-22,3-Nov-22,personal,SOUTH,  Malaysia  ,KUALA LUMPUR,FamilyEV XL,90,587,  AC  ,Yes,  Online  ,47600,1000,48210,6,standard,52,5.9,charging,No,13.7,29430,344.55
502244,1815,14/8/2024,21-Aug-24,corporate,,,Bangkok,FamilyEV XL,80,502,  AC  ,Yes,  Corporate Fleet  ,"44,810",7500,"37,370",5,  Standard  ,29,6.7,  None  ,No,17,"18,010",845.71
502245,2704,3/9/2024,13-Mar-24,PERSONAL,east,thailand,  Bangkok  ,FamilyEV XL,100,555,ac,No,  Corporate Fleet  ,46130,5000,39620,5,standard,26,7.3,Software,No,12.9,25170,531.42
502246,1780,25-Apr-23,12-May-23,fleet,  South  ,  Thailand  ,Bangkok,FamilyEV XL,90 kWh,535,AC,Yes,  Corporate Fleet  ,"48,640",0,"48,140",4,Standard,62,10,  None  ,No,13.7,"14,130",520.65
502247,1362,27/7/2023,08-14-2023,  Personal  ,SOUTH,Malaysia,KUALA LUMPUR,EcoRide 5,75,475,  Supercharger  ,Yes,DEALERSHIP,52670,5000,46550,5,STANDARD,,5,software,No,20.9,19940,689.42
502248,1556,3/4/2023,04-24-2023,,east,Vietnam,  Ho Chi Minh City  ,FamilyEV XL,75,,Home Charger,No,  Online  ,,0,47000,4,standard,68,8.8,None,No,14.3,16480,555.38
502249,2368,12-31-2022,11/1/2023,  Corporate  ,SOUTH,  Thailand  ,CHIANG MAI,EcoRide 3,100,563,  DC Fast  ,No,Dealership,,0,49920,5,Standard,41,8.5,,No,21.7,20930,447
502250,2716,5/8/2024,29/5/2024,Personal,East,indonesia,JAKARTA,FamilyEV XL,60,360,DC FAST,No,  Online  ,57730,2500,55880,5,PREMIUM,36,4.5,none,No,13.7,23420,
502251,2193,17/12/2022,26-Dec-22,FLEET,  East  ,Singapore,singapore,VoltX Pro,75,437,SUPERCHARGER,Yes,Online,51770,2500,50250,6,STANDARD,50,3.5,  None  ,No,16.7,26840,586.87
502252,1355,10/9/2022,09-16-2022,PERSONAL,  East  ,SINGAPORE,singapore,EcoRide 5,50,305,DC FAST,Yes,ONLINE,46530,2500,46230,8,  Premium  ,31,5,none,No,13.4,19060,401.22
502253,1190,20-Feb-24,25-Feb-24,CORPORATE,east,  Vietnam  ,Hanoi,VoltX Pro,90,570,SUPERCHARGER,No,dealership,46100,2500,45410,5,  Standard  ,48,5.9,  Charging  ,No,19,14040,535.66
502254,2690,13/3/2024,26/3/2024,personal,east,thailand,  Bangkok  ,EcoRide 5,100,611,DC FAST,Yes,online,"39,200",1000,"37,750",5,EXTENDED,40,7.3,None,No,17.6,11360 km,394.01
502255,1421,8/10/2024,11-Oct-24,  Corporate  ,  East  ,indonesia,Surabaya,VoltX Pro,50,300,  DC Fast  ,No,DEALERSHIP,40470,7500,35100,7,Extended,42,9,battery,No,20.8,29580,335.93
502256,1699,4/4/2023,12-Apr-23,CORPORATE,West,vietnam,Ho Chi Minh City,VoltX S,60,380,AC,No,online,"44,310",5000,"39,110",3,  Extended  ,32,7.3,Motor,No,19.5,16300 km,
502257,1006,7/5/2024,18-Jul-24,,  South  ,,Chiang Mai,UrbanEV,75,447,dc fast,No,ONLINE,42520,2500,40120,6,STANDARD,51,5,BATTERY,No,17.4,25610,399.74
502258,1132,14/5/2023,05-17-2023,  Personal  ,  South  ,Singapore,singapore,UrbanEV,100,570,  AC  ,Yes,DEALERSHIP,58200,0,58270,4,  Standard  ,50,9,none,No,17.3,10860,346.54
502259,2770,7/8/2024,16-Aug-24,PERSONAL,west,malaysia,  Johor Bahru  ,EcoRide 5,,452,AC,No,  Online  ,47610,5000,43270,5,EXTENDED,55,9.5,Charging,No,13.2,32990,536.19
502260,1556,23/5/2023,31-May-23,CORPORATE,east,malaysia,Penang,VoltX S,90,453,AC,No,CORPORATE FLEET,47030,2500,42660,8,STANDARD,42,6.9,NONE,No,18.1,41490,709.76
502261,1825,05-16-2023,1/6/2023,  Personal  ,  North  ,  Malaysia  ,  Shah Alam  ,EcoRide 3,70,422,DC Fast,No,Corporate Fleet,53210,7500,45730,8,  Extended  ,26,9.4,none,No,16.7,24310,100
502262,1760,13/3/2024,17/3/2024,Personal,west,malaysia,johor bahru,VoltX S,80 kWh,468,  DC Fast  ,No,  Online  ,"46,280",0,"46,580",5,  Premium  ,65,4.6,none,No,19,"19,970",355.14
502263,2054,21/8/2023,27-Aug-23,Corporate,  North  ,malaysia,KUALA LUMPUR,EcoRide 5,60,338,home charger,Yes,  Corporate Fleet  ,43070,2500,38890,4,extended,47,10,None,No,19.2,32070,100
502264,1534,15-Jun-22,06-28-2022,PERSONAL,East,  Malaysia  ,Penang,VoltX S,80,490,  AC  ,Yes,  Dealership  ,46810,7500,37610,7,Standard,66,2.35,BATTERY,No,15.1,18530,100
502265,1425,7-Apr-23,24-Apr-23,Fleet,WEST,Malaysia,PENANG,EcoRide 3,70,433,ac,No,Dealership,47850,1000,46020,7,standard,46,,NONE,No,14.8,22350,509.56
502266,2417,8/7/2024,28-Jul-24,personal,West,singapore,Singapore,EcoRide 5,,397,Home Charger,Yes,dealership,54800,2500,51560,5,standard,57,8.5,NONE,No,17.2,3000,
502267,1671,04-24-2022,27/4/2022,  Personal  ,  North  ,malaysia,SHAH ALAM,UrbanEV,70,381,HOME CHARGER,Yes,CORPORATE FLEET,35500,7500,28040,3,  Extended  ,42,8.5,none,No,16.2,21460,653.12
502268,1362,18/9/2024,23/9/2024,corporate,east,malaysia,Penang,FamilyEV XL,80,438,  DC Fast  ,Yes,  Online  ,,2500,37200,6,Extended,39,3.95,None,No,12.6,30100,259.87
502269,2460,26-Jul-22,31/7/2022,Personal,  South  ,  Thailand  ,chiang mai,VoltX S,100,673,AC,Yes,online,44490,2500,43160,4,STANDARD,,5.7,None,No,14,18780,617.48
502270,2693,30/5/2023,8/6/2023,  Personal  ,  South  ,Singapore,Singapore,UrbanEV,60,406,  DC Fast  ,No,Dealership,51560,0,51180,7,Standard,27,8.3,NONE,No,20.2,18890,557.86
502271,2574,10/12/2023,12-13-2023,Corporate,North,Singapore,SINGAPORE,UrbanEV,90,541,ac,No,ONLINE,50510,2500,,5,standard,47,8.5,  None  ,No,18.3,18950,312.98
502272,2950,18/5/2022,31/5/2022,PERSONAL,East,thailand,  Chiang Mai  ,VoltX Pro,100 kWh,545,  Home Charger  ,Yes,  Online  ,"45,760",1000,"45,760",5,  Premium  ,26,8,  Battery  ,No,16.9,"35,740",399.25
502273,1081,5-Dec-22,13-Dec-22,  Government  ,  South  ,indonesia,  Surabaya  ,EcoRide 3,90,535,SUPERCHARGER,No,Dealership,52140,0,50240,4,Standard,66,3.95,battery,Yes,20.8,23590,534.72
502274,1355,21/6/2023,26-Jun-23,  Government  ,NORTH,singapore,singapore,FamilyEV XL,50,256,  AC  ,No,DEALERSHIP,40280,2500,39550,5,  Standard  ,28,4.7,None,No,16.8,22270,606.07
502275,2281,9/3/2022,30/3/2022,  Personal  ,  East  ,thailand,CHIANG MAI,VoltX S,,306,Home Charger,No,Online,58180,0,56660,6,standard,50,7.8,,No,19.1,19170,772.68
502276,2741,01-18-2023,01-22-2023,personal,east,vietnam,,UrbanEV,70,392,dc fast,Yes,  Online  ,,5000,35170,5,Standard,43,6.1,  None  ,No,16.9,29200,542.9
502277,1588,19/1/2022,2/8/2022,CORPORATE,  West  ,INDONESIA,jakarta,UrbanEV,60,331,  Home Charger  ,No,Dealership,33000,2500,31340,6,Premium,34,5,software,No,17.2,16360,490.86
502278,2547,11-14-2023,11-28-2023,  Personal  ,  West  ,  Singapore  ,  Singapore  ,EcoRide 3,60,383,  Home Charger  ,No,online,49240,2500,48310,6,Standard,46,10,  None  ,No,26.4,30800,504.68
502279,1294,15-Mar-22,27/3/2022,  Personal  ,  South  ,  Thailand  ,CHIANG MAI,FamilyEV XL,75,445,  AC  ,Yes,dealership,34970,1000,33260,3,Extended,30,7.9,Battery,No,14.9,21180,448.93
502280,2985,07-27-2023,3/8/2023,Corporate,west,Malaysia,penang,FamilyEV XL,75,476,AC,No,  Corporate Fleet  ,41440,0,41480,5,Standard,25,4.65,none,No,18.7,30200,406.37
502281,2247,27/7/2024,7/8/2024,Personal,west,  Thailand  ,Chiang Mai,UrbanEV,100,648,  DC Fast  ,No,corporate fleet,44000,0,42850,5,Extended,67,5.7,None,No,,19420,313.32
502282,2548,7/12/2024,11/12/2024,CORPORATE,SOUTH,  Vietnam  ,Ho Chi Minh City,UrbanEV,80,477,home charger,No,DEALERSHIP,"47,900",0,"47,840",5,PREMIUM,40,7.8,none,No,20.4,"27,730",577.2
502283,2069,30/7/2022,3/8/2022,PERSONAL,North,singapore,,UrbanEV,75,,HOME CHARGER,No,  Online  ,52090,5000,46990,5,Standard,31,5.4,  None  ,No,16.8,25780,331.66
502284,2690,4/5/2024,5/12/2024,Personal,South,VIETNAM,Hanoi,UrbanEV,100,642,DC FAST,No,Online,35550,5000,32100,3,STANDARD,48,9.7,  Software  ,No,23,21580,534.42
502285,2136,13/10/2023,10-25-2023,Personal,south,  Singapore  ,SINGAPORE,VoltX Pro,90,521,AC,Yes,Dealership,37120,5000,32660,5,  Standard  ,59,5.8,Software,No,15.9,31580,493.03
502286,2256,20/9/2024,10-Oct-24,GOVERNMENT,east,VIETNAM,hanoi,VoltX Pro,90,582,AC,No,corporate fleet,68890,2500,66360,5,STANDARD,,7.4,  None  ,No,15.7,31070,628.38
502287,1016,26-Nov-23,10/12/2023,FLEET,east,  Thailand  ,CHIANG MAI,FamilyEV XL,100,519,Supercharger,Yes,online,43520,2500,40970,8,extended,28,8.3,None,No,19.5,17490,547.33
502288,1359,06-24-2023,30-Jun-23,Corporate,east,Malaysia,PENANG,EcoRide 5,80,469,dc fast,Yes,ONLINE,33500,2500,30540,6,  Premium  ,65,9.2,  None  ,No,20.7,16980,344.86
502289,2246,19/6/2024,8-Jul-24,Personal,east,THAILAND,Chiang Mai,VoltX S,50,304,  DC Fast  ,No,Dealership,37940,1000,36700,5,STANDARD,39,4.4,None,No,13.3,20310,278.13
502290,1865,19/2/2024,7/3/2024,personal,north,malaysia,kuala lumpur,EcoRide 3,,386,DC FAST,Yes,Online,"41,310",2500,"38,890",6,EXTENDED,68,9.7,None,Yes,14.7,"19,920",707.66
502291,1699,06-19-2022,27/6/2022,Personal,WEST,Malaysia,Shah Alam,EcoRide 5,60,369,supercharger,Yes,  Online  ,45030,0,46970,6,  Standard  ,47,4.6,  None  ,No,17.5,29280,
502292,1447,3-Nov-24,21-Nov-24,Personal,SOUTH,Indonesia,surabaya,VoltX Pro,50,303,Home Charger,Yes,Corporate Fleet,53350,2500,51250,5,STANDARD,43,5,Software,No,18.8,24510,779.47
502293,1855,15/10/2022,3/11/2022,fleet,WEST,  Malaysia  ,PENANG,VoltX Pro,100,571,ac,Yes,Online,56440,0,55400,3,extended,38,,none,No,21,15700,100
502294,1364,8/7/2022,07-13-2022,FLEET,NORTH,indonesia,JAKARTA,VoltX Pro,90,512,AC,Yes,ONLINE,39230,2500,39340,6,Premium,51,7.3,SOFTWARE,No,17.3,16030,536.23
502295,1674,2/7/2024,14/7/2024,PERSONAL,WEST,Malaysia,,EcoRide 5,50,283,SUPERCHARGER,No,Dealership,41020,1000,41050,3,standard,60,8.7,SOFTWARE,No,20.5,22790,671.12
502296,2007,25/11/2023,12/2/2023,  Corporate  ,NORTH,malaysia,KUALA LUMPUR,VoltX Pro,80,430,home charger,Yes,DEALERSHIP,46040,0,,6,standard,62,10,  None  ,No,11.6,28060,517.45
502297,2349,6/6/2024,22-Jun-24,personal,NORTH,Vietnam,hanoi,EcoRide 5,70,465,AC,No,online,39920,2500,37200,5,,46,7.2,None,No,13.4,32950,542.39
502298,1466,16-Apr-23,1-May-23,Government,North,MALAYSIA,  Shah Alam  ,VoltX Pro,90,532,ac,No,DEALERSHIP,53350,0,54150,5,Extended,35,10,  Motor  ,No,17,23200,614.43
502299,1413,4-Oct-22,12/10/2022,personal,EAST,Thailand,CHIANG MAI,UrbanEV,80,,  AC  ,Yes,DEALERSHIP,62270,0,62570,6,PREMIUM,28,4.25,None,No,20.1,21130,665.4
502300,2478,28/7/2024,8/11/2024,PERSONAL,West,THAILAND,  Bangkok  ,UrbanEV,100,595,ac,No,  Dealership  ,45150,1000,42790,3,Standard,56,3.45,,Yes,16,20430,620.7
502301,1585,25-Jul-23,4/8/2023,PERSONAL,SOUTH,Thailand,bangkok,VoltX S,50,305,AC,No,Online,47300,1000,46750,5,EXTENDED,64,6.3,CHARGING,No,16.1,16900,745.75
502302,2256,6/5/2024,13/5/2024,Personal,west,Vietnam,ho chi minh city,VoltX Pro,60,340,DC Fast,Yes,ONLINE,40900,5000,34650,5,STANDARD,65,9.1,  None  ,No,18.1,21460,405.45
502303,2247,09-27-2024,14/10/2024,  Fleet  ,East,thailand,chiang mai,VoltX S,75,439,AC,No,  Dealership  ,47350,2500,45150,6,extended,48,,Battery,No,16.3,18590,834.16
502304,1993,3/4/2023,21/4/2023,Personal,east,singapore,  Singapore  ,EcoRide 5,80,522,dc fast,No,dealership,37580,5000,32970,6,STANDARD,58,7.6,  None  ,No,21.2,19140,293.28
502305,2854,6/7/2024,7/9/2024,Personal,  West  ,INDONESIA,  Surabaya  ,VoltX S,90,498,ac,Yes,DEALERSHIP,38360,0,37450,7,Standard,27,4.1,Charging,No,,26160,691.61
502306,2435,12-Apr-24,30-Apr-24,Corporate,south,malaysia,Johor Bahru,VoltX Pro,50,288,  AC  ,No,Dealership,32280,1000,31400,3,Premium,62,,  Software  ,No,24.4,11920,578.9
502307,1571,23/12/2024,30/12/2024,Fleet,South,SINGAPORE,Singapore,EcoRide 5,75,390,  DC Fast  ,No,DEALERSHIP,50710,2500,,3,extended,26,10,None,No,17.5,8590,948.22
502308,1334,18-Apr-24,23/4/2024,Corporate,WEST,vietnam,  Ho Chi Minh City  ,EcoRide 5,75,505,,No,ONLINE,54720,0,54210,6,STANDARD,47,8.6,  Battery  ,No,15.9,15340,559.72
502309,2245,7/12/2022,29/7/2022,  Personal  ,west,THAILAND,chiang mai,UrbanEV,50 kWh,313,AC,No,DEALERSHIP,"52,210",0,"52,670",5,Extended,64,7.1,SOFTWARE,No,17.3,27540 km,637.4
502310,1036,8/9/2023,09-23-2023,Fleet,west,  Indonesia  ,SURABAYA,EcoRide 5,70,,  Supercharger  ,Yes,Dealership,45660,2500,44430,5,Extended,44,6.9,NONE,No,20.3,24450,169.42
502311,1988,10-Feb-23,02-28-2023,Fleet,West,  Thailand  ,  Chiang Mai  ,EcoRide 5,50,286,AC,No,dealership,42810,2500,41150,5,  Standard  ,32,10,motor,No,16.5,28590,670.87
502312,1277,31/7/2024,13-Aug-24,  Personal  ,  North  ,INDONESIA,  Jakarta  ,VoltX S,90,512,DC Fast,No,ONLINE,44350,0,44040,8,Standard,,7.2,None,No,10,10450,556.36
502313,2219,22/12/2023,26/12/2023,Personal,West,  Vietnam  ,HANOI,FamilyEV XL,100,589,DC FAST,No,DEALERSHIP,37860,0,39310,3,STANDARD,67,,  Charging  ,No,15.6,25590,647.28
502314,1915,3-Apr-22,11/4/2022,Personal,South,MALAYSIA,PENANG,EcoRide 5,60,372,Home Charger,Yes,dealership,51590,2500,49840,4,Standard,27,8.3,none,Yes,10,11930,309.42
502315,2887,6/3/2023,03-14-2023,personal,West,MALAYSIA,SHAH ALAM,EcoRide 3,90,502,DC FAST,No,Online,52340,0,52170,6,  Premium  ,56,8.6,none,No,18.5,14430,400.24
502316,1483,16-Oct-23,11/1/2023,personal,SOUTH,  Singapore  ,  Singapore  ,FamilyEV XL,100,,  DC Fast  ,No,dealership,37560,5000,31940,3,extended,55,10,None,No,13.6,12920,536.29
502317,2265,10-Mar-23,03-23-2023,PERSONAL,east,THAILAND,Bangkok,UrbanEV,75,476,DC FAST,No,  Dealership  ,38460,5000,34080,5,  Premium  ,68,4.2,none,No,17.1,14090,485.76
502318,2347,1/10/2023,01-20-2023,Fleet,east,malaysia,SHAH ALAM,UrbanEV,60,399,AC,No,dealership,35720,5000,31810,6,EXTENDED,55,9.2,charging,No,12.6,40490,
502319,1730,12-18-2024,28/12/2024,FLEET,SOUTH,MALAYSIA,Penang,EcoRide 5,80,497,SUPERCHARGER,No,  Online  ,43220,0,44350,4,extended,25,4.25,NONE,No,16.7,25720,533.08
502320,1191,2/12/2024,5/12/2024,Government,North,malaysia,johor bahru,VoltX S,75 kWh,430,AC,Yes,ONLINE,"44,850",0,"45,470",4,  Standard  ,36,7.3,none,No,17.5,"9,060",400.75
502321,2040,26/7/2022,4-Aug-22,corporate,west,Vietnam,ho chi minh city,FamilyEV XL,70,416,SUPERCHARGER,No,  Dealership  ,45470,5000,40130,5,Extended,42,4.35,None,No,15.5,11000,452.19
502322,1523,19/2/2024,27/2/2024,personal,  West  ,  Thailand  ,  Bangkok  ,UrbanEV,50,308,AC,Yes,DEALERSHIP,,1000,35240,4,  Extended  ,48,7,NONE,No,16.9,22560,
502323,1917,06-16-2023,26-Jun-23,CORPORATE,  North  ,singapore,Singapore,UrbanEV,80,471,HOME CHARGER,Yes,Dealership,39880,1000,38020,6,  Standard  ,60,6.3,NONE,No,11.9,23180,1051.44
502324,1400,15-Jun-22,6/7/2022,CORPORATE,WEST,malaysia,  Shah Alam  ,EcoRide 3,90,566,ac,Yes,Dealership,39890,1000,39180,4,EXTENDED,53,8.9,none,No,17.1,17550,567.94
502325,2929,5/10/2023,15/10/2023,personal,,,PENANG,EcoRide 5,60,342,HOME CHARGER,No,  Online  ,50120,0,,4,Standard,49,8.7,  Motor  ,No,15.1,33820,851.23
502326,1885,31-Mar-22,16/4/2022,  Fleet  ,  South  ,malaysia,,FamilyEV XL,80,532,dc fast,No,Dealership,38030,2500,34520,5,premium,47,8.5,NONE,No,17.3,15770,291.93
502327,1704,13/1/2022,2/2/2022,government,south,MALAYSIA,penang,UrbanEV,70,418,ac,Yes,  Corporate Fleet  ,45380,5000,39830,8,Premium,27,8,charging,No,16.6,28500,482.31
502328,1021,30/8/2024,09-17-2024,  Personal  ,west,vietnam,Hanoi,UrbanEV,50 kWh,287,AC,Yes,dealership,"40,040",5000,"35,990",7,Extended,54,7.9,SOFTWARE,No,16.3,27690 km,410.78
502329,1473,15-Mar-24,26/3/2024,Corporate,  East  ,  Vietnam  ,HANOI,UrbanEV,80,499,HOME CHARGER,No,CORPORATE FLEET,43660,2500,40280,7,  Standard  ,41,6.4,  None  ,No,15.7,38820,579.19
502330,2143,2/8/2024,19/8/2024,personal,east,Malaysia,penang,UrbanEV,90,505,ac,No,Dealership,,1000,52150,5,EXTENDED,69,5.2,  Charging  ,No,17.8,39120,
502331,1209,12/1/2024,24/1/2024,Personal,east,  Malaysia  ,  Kuala Lumpur  ,VoltX S,60,364,AC,No,DEALERSHIP,36330,2500,34810,4,extended,54,9.3,None,No,22,26860,272.63
502332,1305,25/5/2024,12/6/2024,PERSONAL,north,  Malaysia  ,penang,VoltX Pro,,525,ac,No,Online,26750,0,27770,6,premium,43,9.3,None,No,16.6,22250,595.17
502333,2293,10-22-2023,10-28-2023,fleet,South,SINGAPORE,Singapore,EcoRide 3,50,276,Home Charger,No,online,35630,0,36770,5,STANDARD,29,7.6,None,No,18.6,24500,553.51
502334,1703,28/10/2024,12-Nov-24,  Corporate  ,north,MALAYSIA,KUALA LUMPUR,VoltX S,90,583,  AC  ,No,online,47920,0,46630,6,  Extended  ,64,5,  None  ,No,21.7,26300,558.92
502335,1686,11-18-2024,25/11/2024,GOVERNMENT,north,MALAYSIA,SHAH ALAM,EcoRide 3,80,439,ac,Yes,DEALERSHIP,36620,2500,33040,3,standard,58,8.7,NONE,No,18.2,8980,730.47
502336,1284,23/10/2022,1/11/2022,personal,  East  ,MALAYSIA,johor bahru,UrbanEV,60,380,home charger,Yes,Online,40010,0,41330,5,  Extended  ,33,8.5,,No,19.3,11510,689.55
502337,1715,12/9/2024,23-Sep-24,personal,West,Indonesia,Jakarta,EcoRide 3,50,281,  Home Charger  ,Yes,Dealership,48180,7500,40370,5,PREMIUM,63,5,  Motor  ,No,,28820,
502338,2699,14-Jul-24,07-24-2024,  Corporate  ,south,  Thailand  ,  Chiang Mai  ,EcoRide 5,70,453,AC,Yes,Corporate Fleet,50630,7500,43060,4,  Premium  ,68,6.1,Software,No,,31570,567.79
502339,1762,2/10/2023,10-20-2023,FLEET,north,thailand,Chiang Mai,EcoRide 5,70,404,Home Charger,No,  Dealership  ,,0,52940,6,,50,7.9,None,No,18.1,32410,682.79
502340,2250,6/12/2022,12-14-2022,personal,EAST,MALAYSIA,kuala lumpur,VoltX Pro,75,439,AC,No,ONLINE,48880,1000,48030,6,  Extended  ,29,6.7,  Battery  ,No,22.3,20510,461.93
502341,1947,20/9/2023,8/10/2023,Personal,  West  ,  Vietnam  ,  Hanoi  ,VoltX Pro,,450,AC,No,corporate fleet,37120,5000,33200,3,premium,48,7.4,Charging,No,13.3,24290,538.4
502342,1380,03-15-2023,23/3/2023,corporate,east,  Vietnam  ,ho chi minh city,EcoRide 3,,302,SUPERCHARGER,No,Dealership,"56,240",7500,"49,320",7,Extended,55,7.9,none,No,23.5,18790 km,616.2
502343,1459,30/7/2024,08-15-2024,  Corporate  ,  West  ,MALAYSIA,penang,VoltX S,80,443,SUPERCHARGER,No,Dealership,38400,5000,33200,5,  Standard  ,48,7.9,  None  ,No,20.4,34870,401.15
502344,2030,4/9/2024,4/12/2024,Personal,east,  Malaysia  ,KUALA LUMPUR,VoltX S,,266,  AC  ,No,Dealership,"40,550",1000,"39,460",7,Premium,45,6.4,none,No,19.9,19280 km,512.35
502345,1028,3/6/2023,14-Jun-23,  Personal  ,West,singapore,SINGAPORE,UrbanEV,75 kWh,389,AC,No,  Corporate Fleet  ,"44,960",0,"45,220",5,Standard,46,8.1,  None  ,No,13.6,16530 km,243.71
502346,1906,9/2/2024,09-17-2024,Government,North,malaysia,  Kuala Lumpur  ,VoltX S,60,367,  AC  ,No,Dealership,46950,1000,46340,6,EXTENDED,62,6.8,Software,No,14.3,20880,746.79
502347,2056,4/12/2024,12-25-2024,Fleet,  South  ,singapore,Singapore,VoltX Pro,80,529,Supercharger,Yes,dealership,55070,1000,54870,8,STANDARD,46,4.9,BATTERY,No,18.9,19260,
502348,2669,12/8/2024,31/8/2024,personal,south,,Chiang Mai,VoltX S,60,403,  Home Charger  ,No,  Dealership  ,40570,1000,39740,6,STANDARD,45,9.1,NONE,No,10.8,21500,257.32
502349,1878,8/9/2024,22/8/2024,personal,east,singapore,SINGAPORE,UrbanEV,50,277,  AC  ,No,Dealership,,5000,"42,580",4,extended,54,8.5,SOFTWARE,No,,"28,320",731.54
502350,1078,8/1/2024,11/8/2024,corporate,west,MALAYSIA,  Penang  ,EcoRide 5,75 kWh,447,SUPERCHARGER,No,  Dealership  ,"40,610",1000,"39,430",3,extended,34,7.3,BATTERY,No,19.4,22890 km,693.6
502351,2951,4/6/2022,11-Jun-22,  Personal  ,  West  ,SINGAPORE,  Singapore  ,VoltX S,60,388,AC,No,dealership,56250,5000,50820,5,Standard,27,8.2,  Battery  ,No,20.6,17860,563.98
502352,1946,29-Mar-22,10-Apr-22,PERSONAL,  North  ,Vietnam,  Ho Chi Minh City  ,VoltX S,50,274,Supercharger,Yes,Dealership,"47,990",0,"49,590",5,standard,63,4.55,None,No,23.4,17430 km,564.47
502353,1458,19-Jul-24,28/7/2024,PERSONAL,north,MALAYSIA,  Penang  ,VoltX Pro,70,454,AC,No,Dealership,54020,1000,52150,6,STANDARD,53,7.5,NONE,Yes,16,18250,614.51
502354,1569,06-28-2022,10/7/2022,PERSONAL,  South  ,thailand,BANGKOK,EcoRide 3,60,389,DC Fast,Yes,ONLINE,,1000,,6,EXTENDED,49,2.8,NONE,No,14.4,8390,237.2
502355,2561,31-Jul-22,8/6/2022,FLEET,South,Malaysia,  Shah Alam  ,EcoRide 5,,392,ac,Yes,DEALERSHIP,41070,1000,40960,5,standard,26,9.1,charging,No,14.7,28330,960.81
502356,2505,10-Apr-23,21-Apr-23,PERSONAL,EAST,Malaysia,PENANG,EcoRide 3,100,506,  Home Charger  ,No,  Dealership  ,"46,740",5000,"42,220",5,Premium,,8.8,  Software  ,No,18.4,26320 km,100
502357,2453,23/9/2023,9/10/2023,  Fleet  ,WEST,  Thailand  ,Chiang Mai,UrbanEV,90,526,,Yes,  Dealership  ,54140,1000,55200,6,  Standard  ,51,8.5,NONE,No,16.4,32910,207.55
502358,1737,4/4/2024,8/4/2024,  Personal  ,  West  ,  Malaysia  ,JOHOR BAHRU,UrbanEV,90,574,dc fast,No,  Online  ,51950,5000,46870,5,Premium,53,6.9,  None  ,No,12.9,24660,712.29
502359,2308,08-30-2023,10-Sep-23,,  East  ,Malaysia,Kuala Lumpur,EcoRide 3,60,324,Supercharger,Yes,Dealership,55500,7500,47970,6,extended,38,9.4,software,Yes,18.6,11450,
502360,1515,3/6/2024,6-Jun-24,personal,west,Malaysia,KUALA LUMPUR,VoltX Pro,60,311,DC Fast,No,corporate fleet,54390,5000,48570,5,  Standard  ,28,4.85,NONE,Yes,,23060,840.82
502361,2122,1/1/2023,13/1/2023,CORPORATE,East,thailand,  Chiang Mai  ,FamilyEV XL,50,301,  AC  ,No,DEALERSHIP,50450,2500,48050,5,Standard,32,8.4,none,No,19.2,23290,520.89
502362,1396,3-Oct-22,15/10/2022,Corporate,  North  ,thailand,chiang mai,VoltX Pro,80,500,DC FAST,Yes,DEALERSHIP,46070,2500,41840,7,  Premium  ,29,7.4,none,No,19.1,27190,315.4
502363,2512,01-15-2023,20-Jan-23,  Personal  ,East,  Malaysia  ,  Penang  ,FamilyEV XL,90,516,SUPERCHARGER,Yes,  Dealership  ,37200,0,35310,5,  Premium  ,68,7.4,  None  ,No,16.1,34590,513.05
502364,1038,8/2/2024,10-Aug-24,CORPORATE,East,thailand,  Bangkok  ,FamilyEV XL,80 kWh,461,DC Fast,No,Corporate Fleet,"29,990",2500,"26,950",6,PREMIUM,51,7.4,  None  ,No,17.9,13350 km,670.44
502365,2294,23/12/2024,31-Dec-24,  Fleet  ,EAST,MALAYSIA,Kuala Lumpur,VoltX Pro,90,563,ac,Yes,  Dealership  ,45870,7500,38440,5,  Standard  ,48,7.3,None,No,16.1,25970,361.03
502366,1886,20-Mar-24,24/3/2024,GOVERNMENT,north,THAILAND,Bangkok,FamilyEV XL,60,,  DC Fast  ,Yes,ONLINE,50620,0,50030,5,  Standard  ,68,7.5,  Software  ,No,16.8,20820,286.68
502367,1796,13/7/2024,8/2/2024,personal,south,  Singapore  ,Singapore,FamilyEV XL,75,426,Home Charger,No,  Dealership  ,25930,5000,20350,7,Standard,67,8.5,OTHER,No,13.2,39980,506.34
502368,1156,9-May-23,05-13-2023,Fleet,South,  Thailand  ,Bangkok,FamilyEV XL,75,458,  AC  ,Yes,dealership,36780,5000,30270,6,  Standard  ,58,9.3,  None  ,No,10,28170,355.55
502369,2098,30-Dec-24,13-Jan-25,  Personal  ,WEST,vietnam,Ho Chi Minh City,EcoRide 5,100,616,DC Fast,No,online,37880,7500,31010,7,  Standard  ,52,5,None,No,16.6,20160,465.2
502370,1883,30-Dec-22,6-Jan-23,PERSONAL,SOUTH,vietnam,Ho Chi Minh City,UrbanEV,90,532,  DC Fast  ,No,  Dealership  ,43690,1000,41980,8,Extended,48,6.6,none,No,14,31520,376.46
502371,2823,24-Jul-23,2/8/2023,Government,WEST,malaysia,,FamilyEV XL,90,593,  AC  ,Yes,online,45720,1000,46380,3,Extended,29,6.9,  None  ,No,14.4,20280,616.51
502372,2153,2/2/2024,20/2/2024,PERSONAL,  West  ,INDONESIA,  Surabaya  ,UrbanEV,50,315,  AC  ,Yes,Dealership,52570,0,52500,8,  Extended  ,37,9.3,software,No,14.3,26760,410.04
502373,2710,3/10/2022,6/10/2022,personal,,  Malaysia  ,PENANG,UrbanEV,60,352,  Home Charger  ,Yes,Dealership,35790,5000,29740,4,standard,42,6.6,NONE,No,19.9,19300,396.41
502374,1973,19/2/2022,22/2/2022,  Personal  ,east,  Vietnam  ,  Ho Chi Minh City  ,EcoRide 5,60,329,AC,No,  Dealership  ,47410,0,,3,STANDARD,41,6.3,NONE,No,20.2,22520,641.04
502375,2107,29/12/2023,17/1/2024,Corporate,WEST,malaysia,PENANG,UrbanEV,100 kWh,,Supercharger,Yes,dealership,"35,290",1000,"33,060",6,standard,54,6.6,  Software  ,No,18,30910 km,
502376,2045,24/6/2024,27-Jun-24,Fleet,South,Malaysia,KUALA LUMPUR,EcoRide 3,80,513,Supercharger,Yes,dealership,50850,1000,49790,5,  Premium  ,62,3.85,  Software  ,No,16,19430,
502377,2482,16/7/2024,31/7/2024,personal,WEST,  Malaysia  ,KUALA LUMPUR,VoltX S,50,298,ac,Yes,corporate fleet,41630,1000,38250,7,Premium,43,10,  None  ,No,18,3000,567.75
502378,2562,18-Jul-23,29/7/2023,  Government  ,north,Malaysia,Penang,EcoRide 5,70,428,AC,Yes,  Dealership  ,36510,1000,34720,5,STANDARD,46,7.8,  None  ,No,20.3,16710,325
502379,2730,22/2/2024,3/10/2024,  Personal  ,north,  Thailand  ,bangkok,VoltX S,75,471,HOME CHARGER,No,Dealership,40290,2500,37260,5,STANDARD,42,8.4,none,No,22,32380,
502380,1848,30-Apr-23,5/5/2023,PERSONAL,  West  ,  Vietnam  ,  Ho Chi Minh City  ,EcoRide 3,75,498,  Supercharger  ,Yes,ONLINE,37190,5000,31450,3,standard,50,6.2,NONE,No,14.7,33100,289.34
502381,2405,7/8/2023,23/8/2023,Corporate,West,thailand,BANGKOK,VoltX Pro,60,381,  AC  ,Yes,Dealership,45650,0,45070,5,Extended,39,9.6,none,No,12.4,16990,476.12
502382,1747,24-Aug-22,6-Sep-22,  Personal  ,WEST,thailand,Bangkok,VoltX Pro,100,618,AC,Yes,online,49370,5000,43900,4,STANDARD,,9.3,SOFTWARE,No,17.9,10840,326.42
502383,2463,25/2/2022,11-Mar-22,  Personal  ,EAST,INDONESIA,Jakarta,FamilyEV XL,50,319,DC Fast,Yes,  Corporate Fleet  ,52220,2500,48930,3,Standard,54,7.3,  None  ,No,11.6,18730,792.56
502384,2627,12-26-2022,10/1/2023,personal,West,Malaysia,johor bahru,VoltX Pro,70,452,DC Fast,Yes,Online,41370,0,42840,6,STANDARD,52,7,  Charging  ,No,17.8,28760,288.74
502385,1988,20/4/2022,5/5/2022,Corporate,west,MALAYSIA,PENANG,EcoRide 5,75,458,DC FAST,Yes,Online,"54,720",5000,"49,100",8,  Extended  ,44,9.4,  Battery  ,No,17.7,"20,470",883.54
502386,1020,11/7/2022,14/7/2022,  Personal  ,  West  ,  Malaysia  ,  Penang  ,VoltX Pro,50,318,  Home Charger  ,Yes,online,44830,0,42200,5,  Standard  ,28,7.7,NONE,No,16.6,8070,516.65
502387,1302,22/6/2024,4-Jul-24,corporate,east,MALAYSIA,Penang,EcoRide 5,70,401,DC FAST,No,online,53860,2500,49720,4,extended,28,3.5,,No,22.4,25970,463.09
502388,2999,11/5/2024,16/5/2024,corporate,SOUTH,,JOHOR BAHRU,EcoRide 5,90,577,home charger,Yes,  Dealership  ,43900,2500,42000,3,  Extended  ,61,7.5,battery,No,17.2,29230,100
502389,1868,07-22-2023,28/7/2023,personal,west,Malaysia,  Kuala Lumpur  ,VoltX S,60,344,supercharger,No,Dealership,43380,2500,41330,4,premium,39,8.4,  None  ,No,18.7,33080,833.2
502390,2978,19-Dec-24,6/1/2025,  Corporate  ,South,MALAYSIA,johor bahru,VoltX Pro,80,448,ac,Yes,Corporate Fleet,49050,1000,47520,4,Standard,58,9.1,None,No,20.5,7570,601.58
502391,1083,12-Oct-23,22/10/2023,Personal,east,Malaysia,shah alam,UrbanEV,75,446,  Supercharger  ,No,  Online  ,,2500,43250,5,,35,8.5,None,No,16.8,30010,256.2
502392,2797,8/2/2022,26/2/2022,personal,  South  ,Vietnam,hanoi,VoltX Pro,75,410,  DC Fast  ,Yes,ONLINE,41120,5000,36830,5,PREMIUM,47,8.4,Software,No,15.8,23300,395.76
502393,2682,8/12/2024,27/12/2024,Corporate,EAST,MALAYSIA,Shah Alam,VoltX Pro,70,403,ac,No,  Dealership  ,53090,2500,49000,4,Standard,59,7.6,NONE,No,15.9,17380,169.15
502394,2976,09-29-2023,10-20-2023,Government,  South  ,Singapore,singapore,VoltX Pro,80,492,  AC  ,No,Online,38300,5000,33670,3,STANDARD,67,8.2,None,No,18.3,10470,344.42
502395,2476,2-Nov-24,19/11/2024,personal,  North  ,THAILAND,Chiang Mai,FamilyEV XL,,550,  DC Fast  ,Yes,Dealership,49050,2500,46120,7,  Standard  ,59,7.4,  Motor  ,No,18,9010,477.13
502396,2410,5/2/2022,23/2/2022,PERSONAL,  West  ,  Singapore  ,SINGAPORE,UrbanEV,50,313,dc fast,Yes,  Dealership  ,48740,1000,48240,6,Extended,35,7.6,SOFTWARE,No,22.1,16620,827.37
502397,2530,11/4/2022,28/4/2022,Personal,SOUTH,  Malaysia  ,Kuala Lumpur,UrbanEV,60,376,Home Charger,No,  Dealership  ,"52,450",0,"51,940",4,STANDARD,26,10,Battery,No,15.1,"16,290",998.34
502398,2280,15/6/2022,19/6/2022,PERSONAL,EAST,Malaysia,  Kuala Lumpur  ,EcoRide 5,50,307,  Home Charger  ,No,Online,52590,2500,51550,5,extended,39,8.1,battery,No,16.3,21260,606.63
502399,1569,18/1/2023,31-Jan-23,personal,North,malaysia,penang,UrbanEV,70,396,ac,Yes,Online,43730,5000,36890,5,standard,64,7.4,None,No,19.9,32360,188.62
502400,2915,29/2/2024,3/3/2024,Personal,NORTH,,KUALA LUMPUR,EcoRide 5,75,478,SUPERCHARGER,No,DEALERSHIP,45230,0,45810,6,  Standard  ,52,7,  Other  ,No,19,21510,965.87
502401,1933,31/1/2022,02-17-2022,FLEET,  North  ,MALAYSIA,JOHOR BAHRU,VoltX S,90,536,AC,Yes,Dealership,44760,0,44410,7,extended,55,,none,No,16.8,11210,145.54
502402,2550,11/1/2022,1/2/2022,  Personal  ,EAST,THAILAND,Chiang Mai,EcoRide 5,75,457,  AC  ,Yes,CORPORATE FLEET,57220,0,56520,5,Extended,56,10,software,No,16.4,14870,671.78
502403,2185,6/4/2022,12/4/2022,Personal,north,thailand,bangkok,VoltX Pro,50,302,AC,Yes,Dealership,49560,2500,,6,STANDARD,58,5,None,No,15.5,24350,513.16
502404,2980,29/3/2023,11/4/2023,corporate,west,singapore,  Singapore  ,EcoRide 3,90,597,DC Fast,Yes,dealership,52310,2500,,6,Standard,46,8.9,CHARGING,No,14.3,16730,746.58
502405,2186,11/7/2022,18/7/2022,corporate,North,Singapore,Singapore,EcoRide 3,100,552,  AC  ,Yes,CORPORATE FLEET,43240,2500,40970,6,,53,6.4,  Software  ,No,16.9,21180,348.9
502406,2855,1-May-23,6/5/2023,,North,malaysia,  Penang  ,FamilyEV XL,60,352,dc fast,Yes,Online,37110,1000,36230,7,Standard,32,10,  None  ,No,18.8,30070,706.96
502407,2008,08-26-2022,10/9/2022,PERSONAL,North,Indonesia,JAKARTA,VoltX Pro,70,435,ac,No,DEALERSHIP,38450,1000,36220,5,STANDARD,46,2.95,  Motor  ,No,18.1,26550,790.24
502408,1792,12-24-2024,5-Jan-25,  Fleet  ,North,Malaysia,  Johor Bahru  ,EcoRide 5,60,361,AC,No,  Online  ,52090,5000,47920,6,  Extended  ,36,4.3,motor,No,,18160,582.02
502409,1791,5/1/2024,18-Jan-24,PERSONAL,west,THAILAND,  Bangkok  ,VoltX Pro,70,406,HOME CHARGER,Yes,DEALERSHIP,39880,0,41900,7,EXTENDED,47,5.4,NONE,No,18,15130,502.61
502410,2547,17/9/2024,7/10/2024,PERSONAL,WEST,Indonesia,SURABAYA,FamilyEV XL,60,314,Home Charger,No,DEALERSHIP,67370,0,68990,5,Standard,62,4.7,none,No,14.1,35790,704.09
502411,2809,4-Apr-24,8/4/2024,CORPORATE,  East  ,singapore,,UrbanEV,100,589,Supercharger,Yes,  Dealership  ,42160,2500,40060,3,standard,,8.3,,No,18.7,17100,768.43
502412,2294,16-Apr-22,25/4/2022,personal,NORTH,Malaysia,Johor Bahru,EcoRide 5,50,307,dc fast,Yes,Online,47460,5000,42230,6,standard,36,8.5,motor,No,12.7,38740,406.85
502413,1491,06-30-2022,7/11/2022,  Personal  ,South,Singapore,SINGAPORE,VoltX Pro,80,497,SUPERCHARGER,No,Dealership,47450,1000,47270,6,EXTENDED,45,8.2,NONE,No,17.8,33330,373.06
502414,1207,3-Jul-22,15/7/2022,  Personal  ,  South  ,MALAYSIA,  Shah Alam  ,UrbanEV,90,534,supercharger,No,DEALERSHIP,46260,5000,42230,5,extended,36,5,  None  ,No,18.8,21370,371.04
502415,2562,14-Aug-22,9/3/2022,personal,west,  Malaysia  ,Johor Bahru,FamilyEV XL,,425,supercharger,No,Corporate Fleet,36460,0,36550,4,STANDARD,69,7.9,battery,No,17.3,13460,100
502416,2607,02-16-2024,02-25-2024,personal,North,malaysia,penang,UrbanEV,50,277,ac,Yes,  Dealership  ,46730,0,44340,8,Premium,55,9.2,NONE,No,17,22270,686.67
502417,2083,02-29-2024,9/3/2024,  Government  ,East,malaysia,Kuala Lumpur,EcoRide 5,75,462,AC,Yes,online,46670,1000,,5,premium,33,6.8,none,No,13.8,31220,498.71
502418,1429,19/11/2023,11-24-2023,  Personal  ,SOUTH,  Singapore  ,  Singapore  ,FamilyEV XL,75,3000,AC,No,DEALERSHIP,,2500,40860,5,premium,39,9.9,NONE,No,16.9,19340,443.16
502419,1984,14-Jun-23,28/6/2023,  Personal  ,  South  ,Indonesia,jakarta,FamilyEV XL,60,364,DC Fast,Yes,  Dealership  ,57960,1000,57280,7,premium,56,10,  None  ,No,22.9,12780,411.28
502420,2680,08-29-2024,7/9/2024,PERSONAL,SOUTH,  Malaysia  ,,FamilyEV XL,75,443,AC,Yes,Online,33370,2500,30410,5,premium,,3.8,Motor,No,16.8,18090,587.53
502421,2628,07-24-2024,12-Aug-24,CORPORATE,  North  ,Vietnam,  Ho Chi Minh City  ,VoltX S,,487,SUPERCHARGER,No,ONLINE,34420,0,,6,standard,33,8.6,none,No,16.2,24730,367.44
502422,2332,16/4/2022,04-19-2022,  Personal  ,WEST,Vietnam,hanoi,FamilyEV XL,70,438,  Supercharger  ,Yes,dealership,50280,1000,47820,6,  Standard  ,48,7,  None  ,No,12.2,25300,679.51
502423,1519,10/4/2024,17-Apr-24,personal,  North  ,Vietnam,HO CHI MINH CITY,VoltX S,60,366,AC,Yes,DEALERSHIP,44390,0,44210,8,  Premium  ,,7.7,NONE,No,18.1,22570,424.48
502424,1590,10-Nov-23,11-28-2023,Corporate,east,  Indonesia  ,Surabaya,UrbanEV,70,369,ac,Yes,ONLINE,38840,2500,36000,5,STANDARD,52,4.55,none,No,18.3,18740,270.47
502425,2050,28/4/2024,15/5/2024,PERSONAL,north,MALAYSIA,  Johor Bahru  ,VoltX S,70,428,  DC Fast  ,Yes,CORPORATE FLEET,"46,370",2500,"41,910",7,  Standard  ,42,8.7,SOFTWARE,No,15.6,"21,140",
502426,2709,11-21-2024,25/11/2024,Personal,WEST,  Malaysia  ,Penang,UrbanEV,100 kWh,584,  AC  ,Yes,Dealership,"51,720",5000,"46,810",5,,67,5.4,NONE,No,16.3,18780 km,326.18
502427,2585,01-28-2023,8/2/2023,Personal,North,THAILAND,Bangkok,VoltX S,50,286,,No,corporate fleet,33580,2500,29550,5,Extended,61,3.15,software,No,13,22950,485.86
502428,1198,2/9/2022,18-Feb-22,Personal,west,Thailand,  Bangkok  ,UrbanEV,75,490,  Supercharger  ,Yes,  Dealership  ,50060,2500,48440,5,STANDARD,60,7.1,  Motor  ,No,,23840,687.04
502429,1386,22-Oct-23,28/10/2023,Personal,  West  ,Indonesia,surabaya,UrbanEV,90,506,,No,Dealership,47320,2500,45150,5,standard,,8.3,NONE,No,18.5,20290,509.7
502430,1348,9/7/2024,27/9/2024,FLEET,West,vietnam,Hanoi,FamilyEV XL,70,397,home charger,Yes,ONLINE,43390,7500,35220,5,  Extended  ,56,3.3,  Other  ,Yes,10.2,16100,521.66
502431,1959,24/4/2024,04-30-2024,Personal,south,SINGAPORE,  Singapore  ,FamilyEV XL,80,408,supercharger,No,Dealership,46720,5000,40700,7,  Premium  ,45,5.9,none,No,16.9,30760,412.29
502432,2963,20/7/2022,8/4/2022,  Fleet  ,  East  ,Malaysia,KUALA LUMPUR,UrbanEV,,658,home charger,Yes,DEALERSHIP,46840,5000,40450,6,STANDARD,,4.1,BATTERY,No,22.2,24090,533.65
502433,1692,03-23-2023,03-26-2023,  Personal  ,South,malaysia,,FamilyEV XL,80,509,ac,Yes,DEALERSHIP,48850,2500,45870,6,extended,53,10,None,No,17.5,27020,375.22
502434,2559,11-27-2024,2-Dec-24,personal,North,malaysia,  Shah Alam  ,UrbanEV,,528,AC,Yes,  Online  ,38100,2500,36370,6,STANDARD,42,8.3,  None  ,No,18.5,16810,605.44
502435,2851,20/3/2023,4/7/2023,Personal,SOUTH,  Singapore  ,SINGAPORE,FamilyEV XL,75,468,AC,Yes,  Dealership  ,52610,1000,51270,4,Standard,47,5.8,battery,No,20.2,21370,432.83
502436,1377,01-31-2024,2/6/2024,  Corporate  ,NORTH,THAILAND,,EcoRide 3,75,383,AC,No,  Dealership  ,51950,5000,46780,4,  Standard  ,57,9.5,  None  ,No,18.7,16660,462.32
502437,1898,15-Aug-22,2/9/2022,  Personal  ,WEST,indonesia,Surabaya,VoltX S,,371,DC FAST,Yes,online,52150,0,51040,4,PREMIUM,33,10,None,No,15.9,31900,298.63
502438,1915,17-Feb-22,10-Mar-22,FLEET,NORTH,singapore,  Singapore  ,UrbanEV,60,339,supercharger,No,ONLINE,32920,0,32410,4,  Premium  ,,8.3,NONE,No,12.1,14420,603.45
502439,2581,7-Nov-24,10/11/2024,  Personal  ,East,Vietnam,HO CHI MINH CITY,VoltX Pro,60,400,home charger,Yes,ONLINE,53010,2500,50280,5,EXTENDED,67,8.9,None,No,25.1,14940,391.3
502440,1526,30/6/2024,7/7/2024,PERSONAL,  East  ,THAILAND,chiang mai,FamilyEV XL,75,461,Home Charger,No,dealership,42420,0,42540,6,STANDARD,62,10,  None  ,No,19.2,22480,281.32
502441,2176,6/7/2022,27/7/2022,PERSONAL,East,INDONESIA,  Jakarta  ,FamilyEV XL,70,424,DC Fast,No,dealership,48720,5000,43540,5,EXTENDED,28,8.9,  None  ,No,19.5,13830,396.31
502442,1733,11-Dec-22,12-24-2022,  Personal  ,east,  Malaysia  ,penang,EcoRide 5,50,284,  DC Fast  ,Yes,Online,31130,5000,26580,6,Standard,40,8.9,battery,No,20.1,31890,662.89
502443,1205,8/12/2022,08-27-2022,Personal,North,INDONESIA,surabaya,VoltX Pro,90,511,  AC  ,No,Online,40220,2500,38370,5,  Standard  ,27,5.7,NONE,No,20.4,12130,616
502444,1454,9/4/2024,16-Apr-24,Personal,  East  ,  Thailand  ,chiang mai,VoltX Pro,100,624,DC FAST,No,DEALERSHIP,,1000,51410,4,extended,32,3.9,NONE,No,19.4,20340,100
502445,2296,3-May-23,9/5/2023,Corporate,South,,  Penang  ,EcoRide 3,90,510,  Home Charger  ,No,ONLINE,48680,2500,46400,4,EXTENDED,40,9.3,battery,No,17.1,19080,361.13
502446,2917,26-May-24,1-Jun-24,Personal,  West  ,malaysia,shah alam,VoltX S,90,509,AC,Yes,  Dealership  ,37440,1000,36860,5,PREMIUM,26,,  Battery  ,No,16,24110,787.71
502447,2259,28-Apr-24,4/5/2024,Fleet,west,VIETNAM,Ho Chi Minh City,EcoRide 3,60 kWh,394,DC FAST,No,dealership,"49,760",1000,"48,240",4,Extended,69,7.3,None,No,19.2,"16,380",751.13
502448,2875,9/5/2024,9/11/2024,  Personal  ,  West  ,malaysia,  Johor Bahru  ,VoltX S,50,306,Home Charger,No,  Dealership  ,39290,5000,35830,5,premium,43,9.5,  Software  ,No,17.4,23800,
502449,2763,10-13-2024,2/11/2024,PERSONAL,  North  ,  Singapore  ,singapore,UrbanEV,80,445,ac,No,Dealership,43140,0,42670,4,STANDARD,48,6.6,  None  ,No,17.3,15970,679.69
502450,1520,7/7/2022,07-27-2022,  Fleet  ,  South  ,MALAYSIA,  Johor Bahru  ,EcoRide 3,,467,,No,  Online  ,36810,5000,32410,6,  Standard  ,40,7.9,  Battery  ,No,20,14930,212.35
502451,2701,27-Sep-22,15/10/2022,  Personal  ,north,THAILAND,,EcoRide 5,80,471,AC,No,ONLINE,47400,5000,41910,5,PREMIUM,64,,None,No,23.3,20420,332.65
502452,2967,6/11/2022,11-17-2022,PERSONAL,NORTH,INDONESIA,jakarta,VoltX S,60,318,HOME CHARGER,No,Dealership,52610,7500,44970,5,standard,26,9,none,No,14.2,21270,
502453,2016,31/12/2024,01-20-2025,  Corporate  ,  North  ,malaysia,KUALA LUMPUR,EcoRide 3,70,406,DC Fast,No,  Corporate Fleet  ,51190,2500,48710,4,Standard,56,8.5,NONE,No,,20040,647.61
502454,1955,24/4/2024,28/4/2024,corporate,East,Singapore,singapore,EcoRide 5,100,558,AC,Yes,  Dealership  ,38650,2500,34200,4,Extended,25,8.5,CHARGING,No,14,19290,506.67
502455,2854,1/5/2023,7/5/2023,PERSONAL,North,,HO CHI MINH CITY,VoltX Pro,100,610,,No,Online,44680,5000,39880,5,Premium,42,7.4,none,No,17.6,31550,601.39
502456,1725,30-Apr-22,05-14-2022,Personal,East,INDONESIA,SURABAYA,FamilyEV XL,60,344,Supercharger,Yes,DEALERSHIP,33990,5000,28910,8,STANDARD,63,7.4,OTHER,No,12,24110,107.99
502457,2013,8/8/2022,08-17-2022,CORPORATE,  West  ,Indonesia,JAKARTA,UrbanEV,50,302,  Home Charger  ,Yes,DEALERSHIP,54550,5000,48880,4,STANDARD,56,8.5,Motor,No,14.9,23710,676.73
502458,1500,02-22-2022,11/3/2022,PERSONAL,  East  ,Singapore,singapore,UrbanEV,100,627,DC Fast,No,DEALERSHIP,45130,5000,39130,4,Extended,33,3.6,other,No,17.1,29520,827.18
502459,1116,28/1/2024,2/6/2024,FLEET,,malaysia,Johor Bahru,VoltX Pro,,417,Home Charger,No,DEALERSHIP,49550,1000,47910,4,EXTENDED,27,6.8,none,No,20.2,12480,548.12
502460,1385,8/1/2024,27/1/2024,Personal,SOUTH,SINGAPORE,Singapore,EcoRide 3,90,611,SUPERCHARGER,No,  Online  ,46390,0,45330,6,PREMIUM,48,9.9,  Battery  ,No,12.6,36550,897.3
502461,2367,12-21-2023,8/1/2024,Personal,south,  Thailand  ,Bangkok,FamilyEV XL,,426,AC,No,dealership,40620,0,40120,7,  Extended  ,35,3.5,none,No,18.3,10250,674.15
502462,1583,10/2/2023,3/3/2023,FLEET,North,  Malaysia  ,  Shah Alam  ,VoltX Pro,70,419,supercharger,Yes,  Dealership  ,41120,2500,37950,3,standard,52,3.65,NONE,No,16.9,30620,861.38
502463,1394,31/8/2023,9/11/2023,  Personal  ,EAST,MALAYSIA,Penang,EcoRide 5,75,432,AC,No,dealership,48190,1000,46840,6,Extended,40,9.8,  None  ,No,,10240,454.02
502464,2087,17/10/2024,2/11/2024,  Personal  ,South,  Malaysia  ,  Penang  ,FamilyEV XL,75,401,DC Fast,Yes,  Dealership  ,56460,2500,54720,5,STANDARD,53,7,  None  ,No,15.8,21550,564.12
502465,2740,26/2/2023,17/3/2023,  Personal  ,west,Singapore,Singapore,VoltX S,90,458,ac,No,DEALERSHIP,42600,2500,39190,6,standard,65,8.5,SOFTWARE,No,18.3,17670,364.33
502466,1720,13/12/2023,20/12/2023,  Corporate  ,  West  ,INDONESIA,Surabaya,EcoRide 3,70,396,  AC  ,No,  Dealership  ,53220,1000,,5,Standard,36,8.6,OTHER,No,16.5,32690,209.68
502467,1071,9/4/2022,8/9/2022,fleet,east,MALAYSIA,  Johor Bahru  ,FamilyEV XL,90,599,DC FAST,Yes,Corporate Fleet,51460,0,51580,3,standard,28,,,No,14.1,27400,337.42
502468,2812,13/3/2022,03-31-2022,personal,south,  Thailand  ,BANGKOK,VoltX S,70,465,  AC  ,Yes,ONLINE,"42,760",2500,"39,280",6,standard,50,3.7,  None  ,No,15.3,19990 km,556.94
502469,1273,7/4/2022,07-20-2022,Personal,North,vietnam,Ho Chi Minh City,VoltX Pro,50,301,dc fast,Yes,dealership,52700,5000,48460,6,  Standard  ,28,3.15,  Motor  ,No,14.7,25720,248.05
502470,2343,6/1/2022,22/1/2022,Corporate,  West  ,Malaysia,kuala lumpur,UrbanEV,60,371,home charger,No,  Corporate Fleet  ,52130,5000,46170,7,  Extended  ,35,8.9,NONE,No,11.8,23970,522.72
502471,1337,24/6/2024,27/6/2024,CORPORATE,SOUTH,  Thailand  ,Chiang Mai,FamilyEV XL,75,432,AC,Yes,ONLINE,29980,0,30110,5,  Standard  ,26,9.7,motor,No,21.6,26910,100
502472,2389,22-Jan-23,27/1/2023,Fleet,north,Vietnam,Ho Chi Minh City,FamilyEV XL,50,299,SUPERCHARGER,Yes,dealership,49910,2500,48470,4,  Standard  ,55,4.75,Charging,No,15.9,20620,433.88
502473,2518,30-Nov-23,9-Dec-23,PERSONAL,  North  ,vietnam,ho chi minh city,VoltX S,100,569,DC Fast,No,Online,53960,5000,47980,5,Extended,,8.6,  None  ,No,18.4,17140,552.07
502474,1606,4/6/2024,04-23-2024,Corporate,  North  ,MALAYSIA,Penang,VoltX S,60,341,  AC  ,No,  Online  ,36830,2500,33530,6,Standard,49,5,Battery,No,13.7,6800,359.04
502475,1165,15-Dec-22,5/1/2023,FLEET,  West  ,malaysia,PENANG,UrbanEV,75 kWh,468,SUPERCHARGER,Yes,Corporate Fleet,"35,800",1000,"34,350",5,Extended,58,,  Software  ,No,17.1,"19,590",437.35
502476,2567,4-Nov-22,8/11/2022,  Personal  ,  North  ,malaysia,johor bahru,VoltX S,100,576,ac,No,Dealership,,1000,45480,6,  Extended  ,25,7.8,  Battery  ,No,18.5,22940,496.04
502477,1010,14/10/2022,4/11/2022,  Personal  ,east,thailand,BANGKOK,VoltX S,90 kWh,558,  AC  ,Yes,dealership,"56,050",1000,"54,920",3,Premium,29,7.1,  None  ,No,17.3,15000 km,422.2
502478,2324,2/5/2024,16/2/2024,Personal,SOUTH,THAILAND,CHIANG MAI,FamilyEV XL,100,594,AC,Yes,Online,37380,0,37360,3,STANDARD,63,4.5,SOFTWARE,No,14.5,21470,557.13
502479,1728,12-26-2023,01-16-2024,  Fleet  ,  East  ,thailand,BANGKOK,UrbanEV,,328,  DC Fast  ,Yes,online,33950,0,34460,6,EXTENDED,55,8.3,NONE,No,19.4,29800,161.94
502480,1800,1-Feb-24,8/2/2024,  Personal  ,West,Malaysia,  Shah Alam  ,UrbanEV,80,498,,No,Dealership,41830,2500,39140,4,extended,60,9.5,  Software  ,No,10.9,22620,
502481,1101,18/1/2023,2/7/2023,  Fleet  ,West,malaysia,Penang,FamilyEV XL,100,610,AC,Yes,Dealership,40850,2500,36880,5,EXTENDED,27,8.5,  None  ,No,12.3,16830,294.84
502482,2448,23/1/2023,10/2/2023,  Corporate  ,  South  ,THAILAND,bangkok,VoltX Pro,80 kWh,434,AC,Yes,Online,"33,300",2500,"32,070",5,premium,,7.6,none,No,16.7,"28,460",
502483,2415,6/9/2023,15-Jun-23,  Corporate  ,north,SINGAPORE,  Singapore  ,VoltX Pro,75,435,supercharger,Yes,Corporate Fleet,40910,1000,40340,4,Extended,36,7.5,  Charging  ,No,10,23530,861.51
502484,1778,1/10/2023,10-15-2023,Corporate,South,thailand,BANGKOK,FamilyEV XL,50,299,  Home Charger  ,No,  Dealership  ,47440,1000,45170,6,STANDARD,40,8.9,  None  ,No,14.6,23330,615.83
502485,1213,26-Jul-24,4/8/2024,  Government  ,East,SINGAPORE,Singapore,VoltX S,100,602,dc fast,No,  Dealership  ,57990,2500,55310,4,  Extended  ,32,3,  None  ,No,15.6,19000,
502486,2714,3/10/2022,10-19-2022,personal,East,  Malaysia  ,Kuala Lumpur,EcoRide 3,60,376,  AC  ,Yes,Dealership,48930,7500,42220,6,PREMIUM,35,7.2,  None  ,No,21.6,13180,541.76
502487,2111,15-May-23,29-May-23,FLEET,east,Malaysia,Penang,VoltX Pro,100,608,  AC  ,Yes,Online,50640,1000,48730,4,premium,69,,  None  ,No,15,23700,389.74
502488,2576,12-18-2023,23/12/2023,Personal,North,Malaysia,Penang,VoltX Pro,60,335,HOME CHARGER,No,  Dealership  ,37380,1000,37300,4,premium,38,8.6,  None  ,No,15.4,24570,409.04
502489,1400,3/12/2022,10/12/2022,CORPORATE,east,Malaysia,  Johor Bahru  ,FamilyEV XL,50,312,AC,Yes,DEALERSHIP,44340,1000,42370,6,Standard,51,4.5,NONE,No,11.5,16980,354.37
502490,1587,20-Jul-24,8/8/2024,PERSONAL,NORTH,Malaysia,johor bahru,FamilyEV XL,,465,  AC  ,Yes,Online,43460,2500,41390,5,  Standard  ,42,6.8,,No,17.2,23090,443.96
502491,1888,26-Apr-23,8/5/2023,  Government  ,WEST,  Malaysia  ,penang,EcoRide 3,50,287,dc fast,Yes,  Dealership  ,47280,7500,37220,4,Standard,32,3.2,None,No,17,28540,142.47
502492,2069,29/6/2024,11-Jul-24,Fleet,  South  ,malaysia,JOHOR BAHRU,EcoRide 3,80,445,  Supercharger  ,No,  Online  ,49180,2500,47620,3,standard,57,9.4,none,No,13.7,14890,475.58
502493,2695,17/12/2024,30/12/2024,CORPORATE,east,Malaysia,kuala lumpur,UrbanEV,80,469,DC Fast,No,dealership,51670,5000,44780,8,  Standard  ,28,3.45,NONE,No,19.7,24960,563.1
502494,2486,19-Apr-22,8/5/2022,  Personal  ,NORTH,Thailand,chiang mai,FamilyEV XL,90,520,  AC  ,Yes,Online,45220,1000,45410,5,,54,9,None,No,19.5,21300,339.57
502495,1591,24/11/2022,1/12/2022,personal,  South  ,MALAYSIA,  Johor Bahru  ,VoltX Pro,90,582,supercharger,Yes,Corporate Fleet,41340,0,40170,5,Extended,44,8,  None  ,No,15.3,28720,394.08
502496,2333,11/11/2022,26/11/2022,CORPORATE,EAST,thailand,  Chiang Mai  ,EcoRide 5,60,,  DC Fast  ,No,DEALERSHIP,,5000,"50,450",3,EXTENDED,54,7.2,Charging,No,11.2,29540 km,261.05
502497,2109,11-30-2023,12/12/2023,  Personal  ,NORTH,  Thailand  ,  Chiang Mai  ,EcoRide 5,75,466,supercharger,Yes,ONLINE,50080,1000,49180,7,  Standard  ,51,8.9,NONE,No,13.8,22430,418.81
502498,1091,20-Feb-24,3/2/2024,  Corporate  ,West,,Bangkok,VoltX S,,370,  AC  ,No,corporate fleet,49330,0,50350,4,  Standard  ,49,8,  Battery  ,No,21.6,21980,517.85
502499,2683,5/6/2022,24/6/2022,PERSONAL,  East  ,vietnam,ho chi minh city,VoltX Pro,50,315,supercharger,Yes,  Dealership  ,44720,7500,37030,5,,30,,charging,No,17.4,20430,462.12
500696,1895,16-Dec-24,29-Dec-24,Corporate,,Thailand,chiang mai,EcoRide 5,100,619,SUPERCHARGER,No,online,58040,1000,57660,3,  Standard  ,69,6.5,NONE,No,15.7,18290,
501245,1805,19-May-22,6/7/2022,CORPORATE,  East  ,Malaysia,PENANG,VoltX Pro,70,411,HOME CHARGER,No,dealership,,2500,49510,5,  Standard  ,62,3.2,none,No,19.6,20090,816.35
501371,1844,01-31-2022,16/2/2022,Fleet,North,  Thailand  ,  Chiang Mai  ,VoltX Pro,80,497,dc fast,No,ONLINE,33650,5000,27900,5,Standard,41,9.2,none,No,17.2,22900,670.99
500388,2143,8/1/2024,24/1/2024,personal,South,INDONESIA,surabaya,EcoRide 5,100,621,HOME CHARGER,No,dealership,46170,1000,44930,5,EXTENDED,43,4.3,NONE,No,15.2,11420,430.33
502469,1273,4/7/2022,20/7/2022,PERSONAL,north,Vietnam,HO CHI MINH CITY,VoltX Pro,50,301,  DC Fast  ,Yes,  Dealership  ,52700,5000,48460,6,  Standard  ,28,6.3,  Motor  ,No,14.7,25720,248.05
500435,2906,20/6/2024,11/7/2024,  Personal  ,west,malaysia,PENANG,FamilyEV XL,80,494,DC Fast,Yes,ONLINE,30140,0,27320,6,Standard,61,2.85,  None  ,No,22.4,13280,403.17
500970,1697,4/5/2022,24-May-22,corporate,NORTH,Thailand,  Chiang Mai  ,EcoRide 3,75,478,supercharger,Yes,Dealership,50530,0,51090,5,Extended,26,6,CHARGING,No,13.6,26810,859.35
500473,2396,1/9/2023,7/9/2023,Corporate,east,malaysia,  Penang  ,UrbanEV,90,555,DC Fast,Yes,Dealership,45230,1000,45450,5,EXTENDED,48,9.3,BATTERY,No,17.8,38120,
501214,1624,5/2/2022,12-May-22,  Personal  ,north,MALAYSIA,PENANG,UrbanEV,90,561,AC,No,  Dealership  ,41200,2500,38820,5,  Standard  ,26,10,None,No,15,10580,623.25
500855,1794,14/1/2024,24/1/2024,Personal,South,malaysia,Penang,EcoRide 3,80,457,  Home Charger  ,No,ONLINE,43010,0,43530,5,standard,47,7.9,  Charging  ,No,17.2,15520,192.49
500191,2881,5/12/2023,13-Dec-23,PERSONAL,south,Thailand,Chiang Mai,UrbanEV,90,557,  Supercharger  ,No,dealership,53930,5000,50180,6,  Extended  ,66,4.3,None,No,20.9,22940,621.7
502286,2256,20-Sep-24,10/10/2024,government,EAST,vietnam,  Hanoi  ,VoltX Pro,90,582,  AC  ,No,  Corporate Fleet  ,68890,2500,66360,5,STANDARD,38,3.7,  None  ,No,15.7,31070,628.38
501821,2301,16/7/2022,28/7/2022,corporate,  South  ,  Indonesia  ,jakarta,VoltX Pro,100,565,DC FAST,Yes,ONLINE,43720,7500,35630,8,STANDARD,29,10,None,No,18.2,10780,671.3
500619,2081,31-Jul-24,3/8/2024,FLEET,EAST,  Singapore  ,singapore,VoltX S,50,300,  DC Fast  ,No,Dealership,"49,490",0,"48,470",5,,36,9.8,  Battery  ,No,15.8,19410 km,734.58
500875,2827,12/10/2023,28-Dec-23,Corporate,north,indonesia,jakarta,UrbanEV,70,468,  AC  ,No,DEALERSHIP,60600,1000,59550,4,  Standard  ,,6.4,none,No,10,27830,857.78
500149,1288,18/12/2024,12-23-2024,  Personal  ,NORTH,  Malaysia  ,Shah Alam,EcoRide 3,50,292,SUPERCHARGER,No,DEALERSHIP,52070,1000,50810,5,  Extended  ,62,4.1,NONE,No,17,5850,621.59
501514,1014,12/4/2024,10/12/2024,fleet,South,SINGAPORE,Singapore,VoltX S,75,444,  Home Charger  ,Yes,dealership,46240,1000,43940,4,Standard,49,8.1,None,No,14.2,26260,773.76
500066,1600,11/5/2024,05-30-2024,corporate,WEST,  Malaysia  ,  Kuala Lumpur  ,EcoRide 5,60,360,Home Charger,No,Online,,5000,37180,5,STANDARD,43,7.1,  None  ,No,17.7,15530,349.74
502174,1579,06-17-2024,7/5/2024,  Personal  ,East,  Malaysia  ,PENANG,FamilyEV XL,70,,SUPERCHARGER,No,Online,39500,2500,38660,4,  Standard  ,50,7.1,SOFTWARE,No,18.4,15680,290.47
501651,1966,12/10/2024,18/10/2024,PERSONAL,NORTH,THAILAND,Chiang Mai,VoltX S,70,396,SUPERCHARGER,No,DEALERSHIP,35890,0,36100,5,,35,8.7,software,No,19.3,14870,591.67
501908,2171,3/7/2024,07-18-2024,Personal,  North  ,malaysia,  Kuala Lumpur  ,EcoRide 5,80,507,  AC  ,Yes,corporate fleet,38990,2500,,8,  Standard  ,33,7.9,none,No,13.9,30530,213.28
500374,1452,14/12/2022,27-Dec-22,Personal,WEST,INDONESIA,Surabaya,EcoRide 3,80,497,DC FAST,Yes,  Online  ,,2500,44770,4,Standard,46,6,NONE,No,18.9,23340,317.3
500782,2296,24/9/2023,4/10/2023,  Personal  ,west,Singapore,Singapore,VoltX Pro,90,531,HOME CHARGER,No,  Corporate Fleet  ,52720,2500,50150,5,Extended,57,4.9,  Charging  ,No,18.3,18770,530.4
501145,1042,10-Feb-22,2/3/2022,government,east,thailand,BANGKOK,VoltX S,80,3000,ac,No,dealership,39390,5000,33750,3,  Standard  ,33,3.75,,No,18.1,24460,723.39
501847,1587,8/4/2022,22/4/2022,PERSONAL,South,malaysia,PENANG,VoltX Pro,50,319,  AC  ,No,dealership,"60,260",2500,"58,680",4,premium,67,7.8,NONE,No,20,"19,000",572.87
502312,1277,31/7/2024,13-Aug-24,PERSONAL,North,indonesia,  Jakarta  ,VoltX S,90,512,DC Fast,No,online,44350,0,44040,8,standard,59,7.2,  None  ,No,10,10450,556.36
501735,2627,1/10/2022,01-23-2022,corporate,South,malaysia,kuala lumpur,EcoRide 5,60,381,home charger,No,  Online  ,41060,7500,32870,5,  Standard  ,54,9.2,  Charging  ,No,16.9,24540,664.03
502361,2122,1/1/2023,01-13-2023,Corporate,EAST,THAILAND,chiang mai,FamilyEV XL,50,301,AC,No,Dealership,50450,2500,48050,5,STANDARD,32,,NONE,No,19.2,23290,520.89
502360,1515,3-Jun-24,6-Jun-24,personal,West,  Malaysia  ,  Kuala Lumpur  ,VoltX Pro,60,311,dc fast,No,corporate fleet,54390,5000,48570,5,STANDARD,28,9.7,none,Yes,13.9,23060,840.82
501491,1996,29/11/2023,14-Dec-23,Personal,WEST,Thailand,  Chiang Mai  ,FamilyEV XL,70,453,  DC Fast  ,Yes,Dealership,51250,5000,44990,3,  Standard  ,37,9.2,Other,No,15.1,23950,488.98
500496,1127,12/10/2023,17-Oct-23,  Personal  ,East,Thailand,chiang mai,EcoRide 3,75,432,  Home Charger  ,No,Online,43200,1000,40880,4,Premium,66,8.7,NONE,No,17.8,22590,517.62
502375,2107,12-29-2023,17-Jan-24,  Corporate  ,West,Malaysia,penang,UrbanEV,100,640,  Supercharger  ,Yes,Dealership,35290,1000,33060,6,standard,54,6.6,software,No,,30910,277.95
502442,1733,11/12/2022,12-24-2022,Personal,EAST,malaysia,  Penang  ,EcoRide 5,50,284,  DC Fast  ,Yes,ONLINE,"31,130",5000,"26,580",6,Standard,40,8.9,BATTERY,No,20.1,"31,890",662.89
501234,1882,31/12/2022,01-18-2023,personal,EAST,  Thailand  ,Chiang Mai,FamilyEV XL,75,401,ac,Yes,Dealership,44000,5000,38260,3,standard,52,8.1,None,No,14.6,17910,345.18
500847,2253,26/1/2023,31-Jan-23,,SOUTH,VIETNAM,  Ho Chi Minh City  ,UrbanEV,100,588,  AC  ,Yes,corporate fleet,30650,1000,28990,6,STANDARD,32,8.1,CHARGING,No,14,14130,500.54
502224,1114,29/7/2023,16-Aug-23,  Fleet  ,NORTH,vietnam,  Hanoi  ,FamilyEV XL,50,315,  AC  ,No,DEALERSHIP,46670,1000,47390,6,Extended,31,7.2,software,No,16,13410,316.79
502104,1963,05-14-2023,05-22-2023,CORPORATE,South,  Thailand  ,Bangkok,EcoRide 5,80,462,Home Charger,No,Dealership,49450,2500,47720,5,  Extended  ,60,6.3,charging,No,16.4,22230,
502392,2797,2/8/2022,26/2/2022,Personal,south,Vietnam,  Hanoi  ,VoltX Pro,75,410,DC FAST,Yes,online,41120,5000,36830,5,PREMIUM,47,8.4,  Software  ,No,15.8,23300,395.76
501368,1138,20-Feb-24,3/7/2024,Personal,SOUTH,MALAYSIA,  Penang  ,EcoRide 3,90,635,  Supercharger  ,No,DEALERSHIP,38890,2500,36460,4,extended,59,7.2,other,No,14,9560,452.6
501582,1778,23-Dec-22,1-Jan-23,,east,MALAYSIA,shah alam,EcoRide 5,50,295,  Home Charger  ,No,  Online  ,49880,2500,48260,5,PREMIUM,40,8,none,No,,38890,772.68
500434,1954,28-Apr-23,7/5/2023,  Corporate  ,WEST,MALAYSIA,PENANG,VoltX Pro,,437,AC,No,ONLINE,46990,7500,41650,4,  Standard  ,55,6.4,None,No,21.8,21090,724.86
500600,2682,6/7/2023,22-Jun-23,Personal,South,SINGAPORE,Singapore,FamilyEV XL,80,470,  Home Charger  ,Yes,dealership,40520,1000,38920,7,extended,,8.6,BATTERY,No,11.8,19170,
500842,2097,3-Sep-23,17/9/2023,Corporate,  North  ,Malaysia,Johor Bahru,FamilyEV XL,100,588,  Home Charger  ,No,dealership,49250,0,49850,6,standard,35,10,NONE,No,16.3,13990,440.48
500204,2757,4/1/2024,04-17-2024,  Corporate  ,  North  ,  Malaysia  ,Penang,VoltX S,75,441,AC,No,dealership,"51,620",1000,"50,080",5,  Extended  ,34,9,Battery,No,21,"25,180",337.42
501083,1388,19/2/2024,25/2/2024,  Personal  ,WEST,Vietnam,  Ho Chi Minh City  ,EcoRide 3,80,487,  DC Fast  ,No,online,33450,1000,33110,5,Standard,30,4.55,none,No,13.6,36620,524.83
501570,2008,8-May-23,26/5/2023,  Personal  ,west,malaysia,  Penang  ,VoltX Pro,70,437,AC,No,  Dealership  ,41440,0,41920,6,standard,68,5,none,Yes,17.9,22740,508.11
500000,2126,4/11/2023,22-Nov-23,personal,East,  Thailand  ,Bangkok,EcoRide 5,75,422,AC,No,DEALERSHIP,50830,0,49930,5,Standard,61,7.6,NONE,No,21.6,16640,288.33
500662,1217,29-Oct-22,11-15-2022,personal,North,malaysia,  Kuala Lumpur  ,EcoRide 3,70,,supercharger,No,dealership,59500,1000,58290,4,  Premium  ,36,6.8,  None  ,No,23.5,26290,559.92
500484,1606,3/6/2023,12/6/2023,Personal,East,THAILAND,Bangkok,EcoRide 3,70,380,Home Charger,No,online,46220,0,46180,5,  Standard  ,53,8.7,  None  ,No,18.8,30450,278.75
501639,2879,04-26-2022,5/6/2022,PERSONAL,  South  ,Malaysia,johor bahru,VoltX Pro,,419,AC,Yes,dealership,50960,1000,49800,3,EXTENDED,57,8.8,other,No,18.5,24400,661.41
500378,1008,11-17-2022,29/11/2022,CORPORATE,  East  ,  Malaysia  ,SHAH ALAM,VoltX S,70,448,  DC Fast  ,Yes,  Dealership  ,43310,5000,37660,8,Standard,,8.7,CHARGING,No,20.9,21560,582.22
502008,1371,4/7/2022,21-Apr-22,  Personal  ,west,  Singapore  ,,EcoRide 5,60,370,DC FAST,No,  Online  ,48660,5000,43340,5,  Extended  ,54,6.9,None,No,22.5,21210,266.63
501655,1688,3/4/2024,21/4/2024,fleet,WEST,SINGAPORE,Singapore,FamilyEV XL,,493,Supercharger,No,  Dealership  ,36580,0,36840,6,EXTENDED,41,7.9,  None  ,No,22.4,24810,677.2
500288,1001,13-Nov-23,3/12/2023,CORPORATE,SOUTH,  Vietnam  ,hanoi,VoltX S,80,500,  Home Charger  ,No,Dealership,43290,0,43030,6,EXTENDED,40,7.4,,No,13.8,31680,294.08
500727,1753,26/4/2023,16/5/2023,Personal,South,indonesia,  Surabaya  ,EcoRide 3,75,396,  Home Charger  ,Yes,DEALERSHIP,47580,1000,47850,6,Standard,55,9.4,None,No,11.8,27410,563.1
502152,2544,16-Jun-24,5-Jul-24,personal,South,malaysia,  Shah Alam  ,UrbanEV,,365,  Home Charger  ,No,dealership,37430,2500,36600,7,STANDARD,27,8.3,none,No,20.2,24040,346.78
502169,1780,8/8/2022,22/8/2022,Personal,SOUTH,  Thailand  ,bangkok,FamilyEV XL,100,642,dc fast,No,  Corporate Fleet  ,45080,0,45180,6,standard,54,6.3,software,No,13.3,18920,627.51
501654,2384,13/10/2023,29/10/2023,personal,  South  ,VIETNAM,HANOI,EcoRide 5,50,286,home charger,Yes,Dealership,52530,2500,51090,4,extended,62,9.4,software,No,18.6,28620,288.45
501649,2492,04-15-2022,5/3/2022,Personal,WEST,Malaysia,,VoltX Pro,60,337,supercharger,Yes,Online,34140,2500,31220,5,STANDARD,31,10,  None  ,Yes,13.6,14340,750.15
500706,2952,15/5/2023,6/5/2023,  Fleet  ,South,VIETNAM,Ho Chi Minh City,UrbanEV,90,551,DC Fast,No,DEALERSHIP,37960,5000,33150,5,Standard,62,9.6,  None  ,No,17.3,18940,577.52
